"","From","comp1","comp2","comp3","comp1_grouped"
"1","P68871","blood microparticle","cytosol","endocytic vesicle lumen","Blood Microparticle"
"2","P69905","blood microparticle","cytosol","endocytic vesicle lumen","Blood Microparticle"
"3","P02144","cytosol","extracellular exosome","sarcoplasm","Cytoplasm/Cytosol"
"4","P02768","blood microparticle","endoplasmic reticulum","endoplasmic reticulum lumen","Blood Microparticle"
"5","P06732","cytosol","extracellular space",NA,"Cytoplasm/Cytosol"
"6","P04075","actin cytoskeleton","cytosol","extracellular exosome","Cytoskeleton/Contractile"
"7","P04406","cytoplasm","cytosol","extracellular exosome","Cytoplasm/Cytosol"
"8","P12277","cytosol","extracellular exosome","extracellular space","Cytoplasm/Cytosol"
"9","P07451","cytoplasm","cytosol","nucleus","Cytoplasm/Cytosol"
"10","Q13642","cytoplasm","cytosol","focal adhesion","Cytoplasm/Cytosol"
"11","P68133","actin cytoskeleton","actin filament","blood microparticle","Cytoskeleton/Contractile"
"12","P06733","cell cortex","cell surface","cytoplasm","Membrane/Cell Surface"
"13","P02042","blood microparticle","cytosol","haptoglobin-hemoglobin complex","Blood Microparticle"
"14","P13929","cytosol","extracellular exosome","extracellular space","Cytoplasm/Cytosol"
"15","P60709","actin cytoskeleton","actin filament","adherens junction","Cytoskeleton/Contractile"
"16","P00915","cytoplasm","cytosol","extracellular exosome","Cytoplasm/Cytosol"
"17","P01857","blood microparticle","extracellular exosome","extracellular region","Blood Microparticle"
"18","P32119","cytoplasm","cytosol","extracellular exosome","Cytoplasm/Cytosol"
"19","P14618","cytoplasm","cytosol","extracellular exosome","Cytoplasm/Cytosol"
"20","P60174","cytosol","extracellular exosome","extracellular space","Cytoplasm/Cytosol"
"21","P09104","cell cortex","cell surface","cytosol","Membrane/Cell Surface"
"22","P18669","cytoplasm","cytosol","extracellular exosome","Cytoplasm/Cytosol"
"23","P02647","blood microparticle","chylomicron","cytoplasmic vesicle","Blood Microparticle"
"24","P31415","endoplasmic reticulum","mitochondrial matrix","mitochondrion","ER/Golgi/Vesicle"
"25","P00558","cytosol","extracellular exosome","extracellular space","Cytoplasm/Cytosol"
"26","P04792","axon cytoplasm","cornified envelope","cytoplasm","Cytoplasm/Cytosol"
"27","P05976","contractile muscle fiber","cytosol","muscle myosin complex","Sarcoplasmic/Myofibrillar"
"28","P01834","blood microparticle","extracellular exosome","extracellular region","Blood Microparticle"
"29","P11217","cytoplasm","cytosol","extracellular exosome","Cytoplasm/Cytosol"
"30","P02511","actin filament bundle","axon","cardiac myofibril","Cytoskeleton/Contractile"
"31","P00338","cytosol","extracellular exosome","membrane","Cytoplasm/Cytosol"
"32","P10916","A band","cardiac myofibril","cytoplasm","Sarcoplasmic/Myofibrillar"
"33","P00568","cytoplasm","cytosol","extracellular exosome","Cytoplasm/Cytosol"
"34","P15090","cytoplasm","cytosol","extracellular exosome","Cytoplasm/Cytosol"
"35","P05413","cytosol","extracellular exosome","extracellular space","Cytoplasm/Cytosol"
"36","O14983","calcium channel complex","endoplasmic reticulum membrane","endoplasmic reticulum-Golgi intermediate compartment","Protein Complex"
"37","P00918","apical part of cell","cytoplasm","cytosol","Other"
"38","P40925","centrosome","cytoplasm","cytosol","Cilia/Centrosome/Neuron"
"39","P01009","COPII-coated ER to Golgi transport vesicle","endoplasmic reticulum","endoplasmic reticulum lumen","ER/Golgi/Vesicle"
"40","P12883","cytoplasm","muscle myosin complex","myofibril","Cytoplasm/Cytosol"
"41","P01859","blood microparticle","extracellular exosome","extracellular region","Blood Microparticle"
"42","P15259","cytosol","extracellular exosome","nucleus","Cytoplasm/Cytosol"
"43","P11216","azurophil granule lumen","cytoplasm","extracellular exosome","Granule/Lysosome/Vesicle"
"44","P30041","azurophil granule lumen","cytoplasm","cytosol","Granule/Lysosome/Vesicle"
"45","P48735","cytosol","extracellular exosome","mitochondrial matrix","Cytoplasm/Cytosol"
"46","Q9UKX2","cell-cell junction","cytoplasm","cytosol","Cell Junction/Adhesion"
"47","Q96A32","cytoplasm","cytosol","lysosomal membrane","Cytoplasm/Cytosol"
"48","P16615","calcium ion-transporting ATPase complex","endoplasmic reticulum","endoplasmic reticulum membrane","Protein Complex"
"49","P02787","apical plasma membrane","basal part of cell","basal plasma membrane","Membrane/Cell Surface"
"50","P06576","cell surface","extracellular exosome","membrane","Membrane/Cell Surface"
"51","P40926","cytoplasm","extracellular exosome","membrane","Cytoplasm/Cytosol"
"52","P00738","blood microparticle","endocytic vesicle lumen","extracellular exosome","Blood Microparticle"
"53","P25705","cell surface","extracellular exosome","membrane","Membrane/Cell Surface"
"54","P0DOY2","blood microparticle","extracellular exosome","extracellular region","Blood Microparticle"
"55","P12882","A band","cytoplasm","cytoplasmic ribonucleoprotein granule","Sarcoplasmic/Myofibrillar"
"56","P08237","6-phosphofructokinase complex","apical plasma membrane","cytosol","Protein Complex"
"57","P23297","cytoplasm","cytosol","extracellular region","Cytoplasm/Cytosol"
"58","O14558","cytoplasm","cytosol","extracellular region","Cytoplasm/Cytosol"
"59","P68104","cortical actin cytoskeleton","cytoplasm","cytoplasmic side of lysosomal membrane","Cytoskeleton/Contractile"
"60","O00757","anchoring junction","cytoplasm","cytosol","Cell Junction/Adhesion"
"61","P02652","blood microparticle","chylomicron","cytosol","Blood Microparticle"
"62","P18085","cytoplasm","cytosol","dendritic spine","Cytoplasm/Cytosol"
"63","P12235","membrane","mitochondrial inner membrane","mitochondrial membrane","Membrane/Cell Surface"
"64","P02585","cytosol","troponin complex",NA,"Cytoplasm/Cytosol"
"65","P36871","cytoplasm","cytosol","extracellular exosome","Cytoplasm/Cytosol"
"66","P62258","cytoplasm","cytosol","endoplasmic reticulum","Cytoplasm/Cytosol"
"67","P17174","axon terminus","cytoplasm","cytosol","Cilia/Centrosome/Neuron"
"68","P17540","mitochondrial inner membrane","mitochondrion",NA,"Mitochondria"
"69","P60660","brush border","cytosol","extracellular exosome","Other"
"70","Q93084","endoplasmic reticulum","endoplasmic reticulum membrane","membrane","ER/Golgi/Vesicle"
"71","P62979","cytoplasm","cytosol","cytosolic ribosome","Cytoplasm/Cytosol"
"72","Q53GG5","adherens junction","cytosol","filamentous actin","Cell Junction/Adhesion"
"73","P30086","cytosol","extracellular exosome","nucleus","Cytoplasm/Cytosol"
"74","P07951","actin cytoskeleton","actin filament","cytosol","Cytoskeleton/Contractile"
"75","P00441","axon cytoplasm","cytoplasm","cytoplasmic vesicle","Cytoplasm/Cytosol"
"76","P69891","cytosol","haptoglobin-hemoglobin complex","hemoglobin complex","Cytoplasm/Cytosol"
"77","P02763","blood microparticle","extracellular exosome","extracellular region","Blood Microparticle"
"78","P06744","ciliary membrane","cytosol","extracellular exosome","Membrane/Cell Surface"
"79","P07437","azurophil granule lumen","cell body","cytoplasm","Granule/Lysosome/Vesicle"
"80","P02790","blood microparticle","endocytic vesicle lumen","extracellular exosome","Blood Microparticle"
"81","Q99497","adherens junction","axon","cell body","Cell Junction/Adhesion"
"82","P00505","extracellular exosome","mitochondrial matrix","mitochondrion","Extracellular/Secreted"
"83","P08590","A band","cytosol","I band","Sarcoplasmic/Myofibrillar"
"84","P00403","membrane","mitochondrial inner membrane","mitochondrial matrix","Membrane/Cell Surface"
"85","P01876","blood microparticle","extracellular exosome","extracellular region","Blood Microparticle"
"86","Q06830","cytoplasm","cytosol","extracellular exosome","Cytoplasm/Cytosol"
"87","P09972","cytoskeleton","cytosol","extracellular exosome","Cytoskeleton/Contractile"
"88","P99999","apoptosome","cytosol","mitochondrial inner membrane","Other"
"89","P09493","actin cytoskeleton","actin filament","bleb","Cytoskeleton/Contractile"
"90","P62937","cytoplasm","cytosol","extracellular exosome","Cytoplasm/Cytosol"
"91","P02730","ankyrin-1 complex","basolateral plasma membrane","blood microparticle","Sarcoplasmic/Myofibrillar"
"92","P21695","cytosol","extracellular exosome",NA,"Cytoplasm/Cytosol"
"93","P23528","actin cytoskeleton","cell-cell junction","cofilin-actin rod","Cytoskeleton/Contractile"
"94","P08670","axon","cell leading edge","cytoplasm","Cilia/Centrosome/Neuron"
"95","O75390","extracellular exosome","mitochondrial matrix","mitochondrion","Extracellular/Secreted"
"96","Q16698","catalytic complex","cytosol","mitochondrial matrix","Protein Complex"
"97","P11142","blood microparticle","clathrin-sculpted gamma-aminobutyric acid transport vesicle membrane","cytoplasm","Blood Microparticle"
"98","P40939","mitochondrial fatty acid beta-oxidation multienzyme complex","mitochondrial inner membrane","mitochondrial nucleoid","Mitochondria"
"99","Q99798","cytosol","mitochondrial matrix","mitochondrion","Cytoplasm/Cytosol"
"100","P09382","cytoplasm","cytosol","endoplasmic reticulum lumen","Cytoplasm/Cytosol"
"101","P30043","cytoplasm","cytosol","extracellular exosome","Cytoplasm/Cytosol"
"102","P24752","endoplasmic reticulum","extracellular exosome","mitochondrial matrix","ER/Golgi/Vesicle"
"103","P07355","adherens junction","AnxA2-p11 complex","azurophil granule lumen","Cell Junction/Adhesion"
"104","P50461","cytoplasm","cytoskeleton","cytosol","Cytoplasm/Cytosol"
"105","O75112","adherens junction","cytoskeleton","filamentous actin","Cell Junction/Adhesion"
"106","P14550","apical plasma membrane","cytosol","extracellular exosome","Membrane/Cell Surface"
"107","P28161","cytoplasm","cytosol","extracellular exosome","Cytoplasm/Cytosol"
"108","Q00872","cytosol","M band","myofibril","Cytoplasm/Cytosol"
"109","P48788","cytosol","nucleus","troponin complex","Cytoplasm/Cytosol"
"110","P08133","cytoplasm","extracellular exosome","extracellular matrix","Cytoplasm/Cytosol"
"111","P01024","azurophil granule lumen","blood microparticle","cell surface","Granule/Lysosome/Vesicle"
"112","Q9Y281","actin cytoskeleton","cytoplasm","extracellular exosome","Cytoskeleton/Contractile"
"113","P02766","azurophil granule lumen","extracellular exosome","extracellular region","Granule/Lysosome/Vesicle"
"114","P21796","extracellular exosome","membrane","membrane raft","Extracellular/Secreted"
"115","P10599","cytoplasm","cytosol","extracellular exosome","Cytoplasm/Cytosol"
"116","Q14315","costamere","cytoplasm","cytoskeleton","Sarcoplasmic/Myofibrillar"
"117","P01023","blood microparticle","extracellular exosome","extracellular matrix","Blood Microparticle"
"118","P0DP23","calcium channel complex","calyx of Held","catalytic complex","Protein Complex"
"119","P45378","cytosol","troponin complex",NA,"Cytoplasm/Cytosol"
"120","P07195","cytoplasm","cytosol","extracellular exosome","Cytoplasm/Cytosol"
"121","P06703","cytoplasm","cytoplasmic side of plasma membrane","cytosol","Cytoplasm/Cytosol"
"122","O00499","actin cytoskeleton","axon","axon initial segment","Cytoskeleton/Contractile"
"123","P49748","mitochondrial inner membrane","mitochondrial matrix","mitochondrial membrane","Mitochondria"
"124","P15121","cytosol","extracellular exosome","extracellular space","Cytoplasm/Cytosol"
"125","P30048","cytoplasm","cytosol","early endosome","Cytoplasm/Cytosol"
"126","P55084","endoplasmic reticulum","mitochondrial envelope","mitochondrial fatty acid beta-oxidation multienzyme complex","ER/Golgi/Vesicle"
"127","P04040","catalase complex","cytoplasm","cytosol","Protein Complex"
"128","P26447","cytosol","extracellular exosome","extracellular matrix","Cytoplasm/Cytosol"
"129","P22695","mitochondrial inner membrane","mitochondrion","nucleoplasm","Mitochondria"
"130","P68363","cilium","cytoplasm","cytoplasmic microtubule","Cilia/Centrosome/Neuron"
"131","P12236","membrane","mitochondrial inner membrane","mitochondrion","Membrane/Cell Surface"
"132","P05141","membrane","mitochondrial inner membrane","mitochondrial nucleoid","Membrane/Cell Surface"
"133","P08758","cytoplasm","cytosol","endothelial microparticle","Cytoplasm/Cytosol"
"134","P62807","cytosol","extracellular exosome","extracellular space","Cytoplasm/Cytosol"
"135","P68366","cilium","cytoplasm","cytoskeleton","Cilia/Centrosome/Neuron"
"136","P07585","extracellular matrix","extracellular region","extracellular space","Extracellular/Secreted"
"137","Q9Y235","cytoplasm","nucleus",NA,"Cytoplasm/Cytosol"
"138","P07900","axonal growth cone","basolateral plasma membrane","brush border membrane","Cilia/Centrosome/Neuron"
"139","Q05639","cytoplasm","cytoplasmic side of lysosomal membrane","endoplasmic reticulum membrane","Cytoplasm/Cytosol"
"140","P56134","mitochondrial inner membrane","mitochondrion","nuclear membrane","Mitochondria"
"141","Q8WZ42","actin cytoskeleton","condensed nuclear chromosome","cytosol","Cytoskeleton/Contractile"
"142","Q86TD4","sarcoplasmic reticulum lumen","sarcoplasmic reticulum membrane",NA,"Sarcoplasmic/Myofibrillar"
"143","P0DMV8","aggresome","blood microparticle","centriole","Granule/Lysosome/Vesicle"
"144","P10606","acrosomal vesicle","mitochondrial inner membrane","mitochondrial membrane","Granule/Lysosome/Vesicle"
"145","P63316","cardiac Troponin complex","cytosol","sarcomere","Sarcoplasmic/Myofibrillar"
"146","Q13228","cytosol","extracellular exosome","extracellular space","Cytoplasm/Cytosol"
"147","P30084","mitochondrial matrix","mitochondrion",NA,"Mitochondria"
"148","O00483","mitochondrial inner membrane","mitochondrial membrane","mitochondrion","Mitochondria"
"149","O75964","mitochondrial inner membrane","mitochondrion","proton-transporting ATP synthase complex","Mitochondria"
"150","P07737","blood microparticle","cell cortex","cytoplasm","Blood Microparticle"
"151","P36542","membrane","mitochondrial inner membrane","mitochondrial matrix","Membrane/Cell Surface"
"152","Q9GZV1","cytosol","euchromatin","I band","Cytoplasm/Cytosol"
"153","P31930","mitochondrial inner membrane","mitochondrion","respiratory chain complex","Mitochondria"
"154","Q16836","cytoplasm","mitochondrial matrix","mitochondrion","Cytoplasm/Cytosol"
"155","Q96HC4","actin cytoskeleton","adherens junction","cytosol","Cytoskeleton/Contractile"
"156","P61981","cytoplasm","cytosol","extracellular exosome","Cytoplasm/Cytosol"
"157","O60240","cytosol","endoplasmic reticulum","lipid droplet","Cytoplasm/Cytosol"
"158","Q9NWX5","cytosol",NA,NA,"Cytoplasm/Cytosol"
"159","P24310","mitochondrial inner membrane","mitochondrial membrane","mitochondrion","Mitochondria"
"160","P07108","endoplasmic reticulum","endoplasmic reticulum lumen","extracellular exosome","ER/Golgi/Vesicle"
"161","P04179","extracellular exosome","mitochondrial matrix","mitochondrial nucleoid","Extracellular/Secreted"
"162","P02689","cytosol","extracellular exosome","myelin sheath","Cytoplasm/Cytosol"
"163","P06753","actin cytoskeleton","actin filament","cytoskeleton","Cytoskeleton/Contractile"
"164","P25189","myelin sheath","plasma membrane","synapse","Other"
"165","P68371","axonemal microtubule","azurophil granule lumen","cytoplasm","Cytoskeleton/Contractile"
"166","Q6ZMU5","cytoplasm","cytoplasmic vesicle membrane","sarcolemma","Cytoplasm/Cytosol"
"167","P13073","cytosol","membrane","mitochondrial inner membrane","Cytoplasm/Cytosol"
"168","Q16851","cytoplasm","cytosol","extracellular exosome","Cytoplasm/Cytosol"
"169","P48047","cell surface","mitochondrial inner membrane","mitochondrion","Membrane/Cell Surface"
"170","P19652","azurophil granule lumen","blood microparticle","extracellular exosome","Granule/Lysosome/Vesicle"
"171","P04083","adherens junction","apical plasma membrane","basolateral plasma membrane","Cell Junction/Adhesion"
"172","P51884","extracellular exosome","extracellular matrix","extracellular region","Extracellular/Secreted"
"173","O14958","calcium channel complex","cytoplasm","junctional sarcoplasmic reticulum membrane","Protein Complex"
"174","P09417","cytoplasm","cytosol","extracellular exosome","Cytoplasm/Cytosol"
"175","Q96DG6","cytosol","extracellular exosome",NA,"Cytoplasm/Cytosol"
"176","P54296","M band","mitochondrion","myosin filament","Sarcoplasmic/Myofibrillar"
"177","P69892","blood microparticle","cytosol","haptoglobin-hemoglobin complex","Blood Microparticle"
"178","P02765","blood microparticle","endoplasmic reticulum lumen","extracellular exosome","Blood Microparticle"
"179","Q09666","actin cytoskeleton","cell-cell contact zone","costamere","Cytoskeleton/Contractile"
"180","Q04760","cytoplasm","cytosol","extracellular exosome","Cytoplasm/Cytosol"
"181","P14174","cell surface","cytoplasm","cytosol","Membrane/Cell Surface"
"182","Q9Y277","extracellular exosome","membrane","mitochondrial outer membrane","Extracellular/Secreted"
"183","P09211","cytoplasm","cytosol","extracellular exosome","Cytoplasm/Cytosol"
"184","Q13011","cytosol","extracellular exosome","membrane","Cytoplasm/Cytosol"
"185","P06396","actin cap","actin cytoskeleton","blood microparticle","Cytoskeleton/Contractile"
"186","Q00325","extracellular exosome","membrane","mitochondrial inner membrane","Extracellular/Secreted"
"187","O75947","mitochondrial inner membrane","mitochondrion","proton-transporting ATP synthase complex","Mitochondria"
"188","Q8N142","cytoplasm","cytosol",NA,"Cytoplasm/Cytosol"
"189","Q6NZI2","caveola","cytoplasm","cytosol","Membrane/Cell Surface"
"190","P00846","mitochondrial inner membrane","mitochondrion","proton-transporting ATP synthase complex","Mitochondria"
"191","P19237","cytosol","troponin complex",NA,"Cytoplasm/Cytosol"
"192","Q9UBY9","actin cytoskeleton","aggresome","Cajal body","Cytoskeleton/Contractile"
"193","P01871","blood microparticle","cell surface","extracellular exosome","Blood Microparticle"
"194","P04080","cytoplasm","cytosol","extracellular exosome","Cytoplasm/Cytosol"
"195","O75298","cell surface","endoplasmic reticulum","endoplasmic reticulum membrane","Membrane/Cell Surface"
"196","P13796","actin cytoskeleton","actin filament","actin filament bundle","Cytoskeleton/Contractile"
"197","P35609","actin filament","cell junction","cell projection","Cytoskeleton/Contractile"
"198","Q13423","membrane","mitochondrial inner membrane","mitochondrion","Membrane/Cell Surface"
"199","P13805","cytosol","troponin complex",NA,"Cytoplasm/Cytosol"
"200","P30044","cytoplasm","cytoplasmic vesicle","cytosol","Cytoplasm/Cytosol"
"201","Q9Y2J8","azurophil granule lumen","cytoplasm","cytosol","Granule/Lysosome/Vesicle"
"202","Q9UDW1","mitochondrial inner membrane","mitochondrion","respiratory chain complex III","Mitochondria"
"203","P12532","mitochondrial inner membrane","mitochondrion",NA,"Mitochondria"
"204","P13804","electron transfer flavoprotein complex","mitochondrial matrix","mitochondrion","Protein Complex"
"205","P33121","endoplasmic reticulum","endoplasmic reticulum membrane","membrane","ER/Golgi/Vesicle"
"206","P35754","cytosol","extracellular exosome","nucleus","Cytoplasm/Cytosol"
"207","P07954","chromosome","cytoplasm","cytosol","Nucleus/Chromatin"
"208","P49773","cytoplasm","cytoskeleton","cytosol","Cytoplasm/Cytosol"
"209","Q9NZT1","cytoplasm","extracellular region","ficolin-1-rich granule lumen","Cytoplasm/Cytosol"
"210","P11055","cytoplasm","cytosol","extracellular exosome","Cytoplasm/Cytosol"
"211","O75323","mitochondrial matrix","mitochondrial outer membrane","mitochondrion","Mitochondria"
"212","P02794","autolysosome","autophagosome","cytoplasm","ER/Golgi/Vesicle"
"213","P02774","blood microparticle","cytosol","extracellular exosome","Blood Microparticle"
"214","P45880","acrosomal vesicle","membrane","membrane raft","Granule/Lysosome/Vesicle"
"215","Q6FI13","extracellular exosome","nucleosome","nucleus","Extracellular/Secreted"
"216","P02656","chylomicron","early endosome","extracellular exosome","Other"
"217","P14621","mitochondrion",NA,NA,"Mitochondria"
"218","P09669","mitochondrial inner membrane","mitochondrial intermembrane space","mitochondrial membrane","Mitochondria"
"219","P20674","mitochondrial inner membrane","mitochondrial intermembrane space","mitochondrial membrane","Mitochondria"
"220","P47985","mitochondrial inner membrane","mitochondrial matrix","mitochondrion","Mitochondria"
"221","Q9BXM0","anchoring junction","cytoplasm","nucleus","Cell Junction/Adhesion"
"222","P01624","blood microparticle","extracellular region","immunoglobulin complex","Blood Microparticle"
"223","P00387","azurophil granule lumen","cytoplasm","cytosol","Granule/Lysosome/Vesicle"
"224","P01619","blood microparticle","extracellular exosome","extracellular region","Blood Microparticle"
"225","P08238","aryl hydrocarbon receptor complex","axonal growth cone","cell surface","Protein Complex"
"226","P22061","cytoplasm","cytosol","extracellular exosome","Cytoplasm/Cytosol"
"227","P62805","CENP-A containing nucleosome","chromosome, telomeric region","extracellular exosome","Nucleus/Chromatin"
"228","A0A0B4J2D5","",NA,NA,"Unknown"
"229","P07602","azurophil granule membrane","extracellular exosome","extracellular region","Membrane/Cell Surface"
"230","P42126","mitochondrial matrix","mitochondrion",NA,"Mitochondria"
"231","Q9UHQ9","cytosol","endoplasmic reticulum membrane","extracellular exosome","Cytoplasm/Cytosol"
"232","Q9H7C9","cytoplasm",NA,NA,"Cytoplasm/Cytosol"
"233","Q00169","cytoplasm","cytosol","extracellular exosome","Cytoplasm/Cytosol"
"234","P56385","mitochondrial inner membrane","mitochondrion","proton-transporting ATP synthase complex","Mitochondria"
"235","P14927","mitochondrial inner membrane","mitochondrion","respiratory chain complex","Mitochondria"
"236","Q9NRX4","cytosol","extracellular exosome","leading edge of lamellipodium","Cytoplasm/Cytosol"
"237","P61758","cytoplasm","cytosol","nucleus","Cytoplasm/Cytosol"
"238","P00450","blood microparticle","endoplasmic reticulum lumen","extracellular exosome","Blood Microparticle"
"239","Q07021","cell surface","cytoplasm","cytosol","Membrane/Cell Surface"
"240","P02686","cell periphery","cell surface","compact myelin","Membrane/Cell Surface"
"241","P00325","ciliary basal body","ciliary transition zone","cilium","Cilia/Centrosome/Neuron"
"242","P35573","cytoplasm","cytosol","extracellular region","Cytoplasm/Cytosol"
"243","P10768","cytoplasmic vesicle","cytosol","endoplasmic reticulum lumen","Cytoplasm/Cytosol"
"244","Q9NZU5","cytoplasm","nucleoplasm","nucleus","Cytoplasm/Cytosol"
"245","P63241","annulate lamellae","cytoplasm","cytosol","ER/Golgi/Vesicle"
"246","A0A087WW87","extracellular region","immunoglobulin complex","plasma membrane","Extracellular/Secreted"
"247","P30049","centriole","mitochondrial inner membrane","mitochondrial matrix","Cilia/Centrosome/Neuron"
"248","P02679","blood microparticle","cell surface","endoplasmic reticulum lumen","Blood Microparticle"
"249","P16671","brush border membrane","caveola","cell periphery","Membrane/Cell Surface"
"250","Q96Q06","cytosol","lipid droplet","plasma membrane","Cytoplasm/Cytosol"
"251","P13693","cytoplasm","cytoplasmic microtubule","cytosol","Cytoplasm/Cytosol"
"252","P08574","membrane","mitochondrial inner membrane","mitochondrion","Membrane/Cell Surface"
"253","P02671","blood microparticle","cell surface","endoplasmic reticulum","Blood Microparticle"
"254","P06727","blood microparticle","chylomicron","cytosol","Blood Microparticle"
"255","A0A0B4J1Y9","extracellular region","immunoglobulin complex","plasma membrane","Extracellular/Secreted"
"256","O60662","Cul3-RING ubiquitin ligase complex","cytoplasm","cytoskeleton","Protein Complex"
"257","Q9NZ45","mitochondrial outer membrane","mitochondrion",NA,"Mitochondria"
"258","P31040","mitochondrial inner membrane","mitochondrial matrix","mitochondrion","Mitochondria"
"259","P07919","mitochondrial inner membrane","mitochondrion","respiratory chain complex","Mitochondria"
"260","P55786","cytosol","extracellular exosome","extracellular region","Cytoplasm/Cytosol"
"261","Q9BQ69","mitochondrion","nucleoplasm","nucleus","Mitochondria"
"262","P01011","azurophil granule lumen","blood microparticle","extracellular exosome","Granule/Lysosome/Vesicle"
"263","Q9UN36","cytoplasm","cytosol","extracellular exosome","Cytoplasm/Cytosol"
"264","Q9H0U4","cytosol","endomembrane system","endoplasmic reticulum membrane","Cytoplasm/Cytosol"
"265","Q9NZN4","caveola","cytoplasm","cytosol","Membrane/Cell Surface"
"266","Q15847","cytosol","extracellular exosome","nucleoplasm","Cytoplasm/Cytosol"
"267","P61970","cytosol","extracellular exosome","nuclear inner membrane","Cytoplasm/Cytosol"
"268","O75369","actin cytoskeleton","brush border","cell cortex","Cytoskeleton/Contractile"
"269","P18206","adherens junction","brush border","cell-cell contact zone","Cell Junction/Adhesion"
"270","P02749","cell surface","chylomicron","extracellular exosome","Membrane/Cell Surface"
"271","Q03135","acrosomal membrane","apical plasma membrane","basolateral plasma membrane","Membrane/Cell Surface"
"272","P20929","actin cytoskeleton","cytosol","extracellular exosome","Cytoskeleton/Contractile"
"273","P06737","cytoplasm","cytosol","extracellular exosome","Cytoplasm/Cytosol"
"274","P01042","blood microparticle","endoplasmic reticulum lumen","extracellular exosome","Blood Microparticle"
"275","P43155","cytosol","endoplasmic reticulum","mitochondrial inner membrane","Cytoplasm/Cytosol"
"276","P50502","cytoplasm","cytosol","extracellular exosome","Cytoplasm/Cytosol"
"277","Q04828","cytosol","extracellular exosome",NA,"Cytoplasm/Cytosol"
"278","P61088","cytoplasm","cytosol","extracellular exosome","Cytoplasm/Cytosol"
"279","P14625","cytosol","endocytic vesicle lumen","endoplasmic reticulum","Cytoplasm/Cytosol"
"280","P22392","cell periphery","cytoplasm","cytosol","Membrane/Cell Surface"
"281","Q9NQC3","anchoring junction","cell junction","endoplasmic reticulum","Cell Junction/Adhesion"
"282","P36957","cytosol","membrane","mitochondrial matrix","Cytoplasm/Cytosol"
"283","Q5VXT5","synaptic vesicle membrane",NA,NA,"Membrane/Cell Surface"
"284","P62826","centriole","chromatin","cytoplasm","Cilia/Centrosome/Neuron"
"285","P46976","cytoplasm","cytosol","extracellular region","Cytoplasm/Cytosol"
"286","P13489","angiogenin-PRI complex","cytoplasm","cytosol","Protein Complex"
"287","P11766","cytosol","extracellular exosome","mitochondrion","Cytoplasm/Cytosol"
"288","B9A064","extracellular exosome","IgG immunoglobulin complex",NA,"Extracellular/Secreted"
"289","P42765","ciliary basal body","mitochondrial matrix","mitochondrion","Cilia/Centrosome/Neuron"
"290","P63104","blood microparticle","cytoplasm","cytosol","Blood Microparticle"
"291","P54652","blood microparticle","CatSper complex","cell surface","Blood Microparticle"
"292","P10809","cell surface","clathrin-coated pit","coated vesicle","Membrane/Cell Surface"
"293","P10909","apical dendrite","blood microparticle","cell surface","Cilia/Centrosome/Neuron"
"294","P24539","membrane","mitochondrial inner membrane","mitochondrial matrix","Membrane/Cell Surface"
"295","P21333","actin cytoskeleton","actin filament","apical dendrite","Cytoskeleton/Contractile"
"296","P04264","blood microparticle","cornified envelope","cytoplasm","Blood Microparticle"
"297","P0C0L5","axon","blood microparticle","cell surface","Cilia/Centrosome/Neuron"
"298","O75915","cytoskeleton","endoplasmic reticulum membrane","membrane","Cytoskeleton/Contractile"
"299","P11177","mitochondrial matrix","mitochondrion","nucleoplasm","Mitochondria"
"300","P12814","brush border","cell junction","cell projection","Other"
"301","P14854","mitochondrial inner membrane","mitochondrial membrane","mitochondrion","Mitochondria"
"302","P06702","calprotectin complex","cytoplasm","cytoskeleton","Protein Complex"
"303","P01860","blood microparticle","extracellular exosome","extracellular region","Blood Microparticle"
"304","P49411","extracellular exosome","membrane","mitochondrial nucleoid","Extracellular/Secreted"
"305","P05109","calprotectin complex","cytoplasm","cytoskeleton","Protein Complex"
"306","Q16775","cytoplasm","cytosol","mitochondrial matrix","Cytoplasm/Cytosol"
"307","Q01995","cytoplasm",NA,NA,"Cytoplasm/Cytosol"
"308","Q9Y2H6","acrosomal vesicle","cytoplasm","cytosol","Granule/Lysosome/Vesicle"
"309","P28331","mitochondrial inner membrane","mitochondrial intermembrane space","mitochondrial matrix","Mitochondria"
"310","P09622","acrosomal matrix","branched-chain alpha-ketoacid dehydrogenase complex","mitochondrial matrix","Acrosome"
"311","Q02218","mitochondrial matrix","mitochondrial membrane","mitochondrion","Mitochondria"
"312","O75208","mitochondrial inner membrane","mitochondrion","ubiquinone biosynthesis complex","Mitochondria"
"313","P10515","mitochondrial matrix","mitochondrion","pyruvate dehydrogenase complex","Mitochondria"
"314","Q8NI60","extrinsic component of mitochondrial inner membrane","mitochondrion",NA,"Mitochondria"
"315","O75746","membrane","mitochondrial inner membrane","mitochondrion","Membrane/Cell Surface"
"316","Q00688","nucleus",NA,NA,"Nucleus/Chromatin"
"317","Q96IX5","mitochondrial inner membrane","mitochondrion","proton-transporting ATP synthase complex","Mitochondria"
"318","P13639","aggresome","cytoplasm","cytosol","Granule/Lysosome/Vesicle"
"319","O43707","actin cytoskeleton","cell junction","cell projection","Cytoskeleton/Contractile"
"320","P08559","mitochondrial matrix","mitochondrion","nucleolus","Mitochondria"
"321","P04004","alphav-beta3 integrin-vitronectin complex","basement membrane","blood microparticle","Protein Complex"
"322","P04217","blood microparticle","extracellular exosome","extracellular region","Blood Microparticle"
"323","P26038","adherens junction","apical part of cell","apical plasma membrane","Cell Junction/Adhesion"
"324","P78417","cytoplasm","cytosol","extracellular exosome","Cytoplasm/Cytosol"
"325","P07738","cytosol","extracellular exosome",NA,"Cytoplasm/Cytosol"
"326","P01780","blood microparticle","extracellular exosome","extracellular region","Blood Microparticle"
"327","Q8N335","cytosol","extracellular exosome","plasma membrane","Cytoplasm/Cytosol"
"328","Q9P2R7","extracellular exosome","mitochondrial matrix","mitochondrion","Extracellular/Secreted"
"329","P22314","cytoplasm","cytosol","extracellular exosome","Cytoplasm/Cytosol"
"330","P11310","axon","cytoplasm","mitochondrial matrix","Cilia/Centrosome/Neuron"
"331","P49747","extracellular exosome","extracellular matrix","extracellular region","Extracellular/Secreted"
"332","P21912","mitochondrial inner membrane","mitochondrial matrix","mitochondrial membrane","Mitochondria"
"333","P49189","cytoplasm","cytosol","extracellular exosome","Cytoplasm/Cytosol"
"334","P09467","cytoplasm","cytosol","extracellular exosome","Cytoplasm/Cytosol"
"335","P31151","azurophil granule lumen","cytoplasm","cytosol","Granule/Lysosome/Vesicle"
"336","P51888","extracellular exosome","extracellular matrix","extracellular region","Extracellular/Secreted"
"337","Q14353","cytoplasm","cytosol","nucleus","Cytoplasm/Cytosol"
"338","Q9NR31","COPII vesicle coat","cytosol","endoplasmic reticulum exit site","ER/Golgi/Vesicle"
"339","Q16853","cell surface","cytoplasm","early endosome","Membrane/Cell Surface"
"340","P21266","cytoplasm","cytosol","extracellular exosome","Cytoplasm/Cytosol"
"341","P35232","cell surface","cytoplasm","early endosome","Membrane/Cell Surface"
"342","P07237","cytoskeleton","cytosol","endoplasmic reticulum","Cytoskeleton/Contractile"
"343","P02792","autolysosome","autophagosome","azurophil granule lumen","ER/Golgi/Vesicle"
"344","Q8TCA0","",NA,NA,"Unknown"
"345","P15954","mitochondrial inner membrane","mitochondrial membrane","mitochondrion","Mitochondria"
"346","P10412","euchromatin","heterochromatin","nucleosome","Nucleus/Chromatin"
"347","P04433","blood microparticle","extracellular exosome","extracellular region","Blood Microparticle"
"348","P00747","blood microparticle","cell surface","external side of plasma membrane","Blood Microparticle"
"349","Q9H4M9","ciliary pocket membrane","cilium","cytoplasm","Membrane/Cell Surface"
"350","P05155","blood microparticle","endoplasmic reticulum lumen","extracellular exosome","Blood Microparticle"
"351","P37840","actin cytoskeleton","axon","axon terminus","Cytoskeleton/Contractile"
"352","P61224","azurophil granule membrane","cell-cell junction","cytosol","Membrane/Cell Surface"
"353","P31946","cytoplasm","cytosol","extracellular exosome","Cytoplasm/Cytosol"
"354","P84243","Barr body","chromosome, telomeric region","extracellular exosome","Nucleus/Chromatin"
"355","Q08209","calcineurin complex","cytoplasm","cytosol","Protein Complex"
"356","O96000","mitochondrial inner membrane","mitochondrion","respiratory chain complex I","Mitochondria"
"357","P60903","AnxA2-p11 complex","cell surface","cytoplasm","Protein Complex"
"358","P52565","cytoskeleton","cytosol","extracellular exosome","Cytoskeleton/Contractile"
"359","P24298","cytosol","extracellular exosome",NA,"Cytoplasm/Cytosol"
"360","Q00765","endoplasmic reticulum","endoplasmic reticulum tubular network","sarcoplasmic reticulum membrane","ER/Golgi/Vesicle"
"361","P16219","mitochondrial matrix","mitochondrion","nucleus","Mitochondria"
"362","P68032","actin cytoskeleton","actin filament","blood microparticle","Cytoskeleton/Contractile"
"363","Q16531","chromosome, telomeric region","Cul4-RING E3 ubiquitin ligase complex","Cul4A-RING E3 ubiquitin ligase complex","Nucleus/Chromatin"
"364","P05091","extracellular exosome","mitochondrial matrix","mitochondrion","Extracellular/Secreted"
"365","P07339","cytosol","endosome lumen","endosome membrane","Cytoplasm/Cytosol"
"366","P00352","axon","cytoplasm","cytosol","Cilia/Centrosome/Neuron"
"367","P49753","cytosol","mitochondrial matrix","mitochondrion","Cytoplasm/Cytosol"
"368","P50395","azurophil granule lumen","cytoplasm","cytosol","Granule/Lysosome/Vesicle"
"369","P08603","blood microparticle","extracellular exosome","extracellular region","Blood Microparticle"
"370","P62191","cytosol","membrane","nucleoplasm","Cytoplasm/Cytosol"
"371","P09488","cytoplasm","cytosol",NA,"Cytoplasm/Cytosol"
"372","P04271","ciliary basal body","cilium","cytoplasm","Cilia/Centrosome/Neuron"
"373","P01008","blood microparticle","endoplasmic reticulum lumen","extracellular exosome","Blood Microparticle"
"374","P01861","blood microparticle","extracellular exosome","extracellular region","Blood Microparticle"
"375","O14949","mitochondrial inner membrane","mitochondrion","respiratory chain complex III","Mitochondria"
"376","P62942","cytoplasm","cytoplasmic side of membrane","cytosol","Cytoplasm/Cytosol"
"377","Q9NTK5","centrosome","cytoplasm","cytosol","Cilia/Centrosome/Neuron"
"378","Q99623","cell periphery","cell surface","cytoplasm","Membrane/Cell Surface"
"379","P20073","cytoplasm","endoplasmic reticulum membrane","extracellular exosome","Cytoplasm/Cytosol"
"380","Q9UBQ7","catalytic complex","cytoplasm","cytosol","Protein Complex"
"381","P19404","mitochondrial inner membrane","mitochondrion","respiratory chain complex I","Mitochondria"
"382","Q15365","cytoplasm","cytoplasmic ribonucleoprotein granule","cytosol","Cytoplasm/Cytosol"
"383","P23141","cytoplasm","cytosol","endoplasmic reticulum","Cytoplasm/Cytosol"
"384","O75083","cell junction","cell-cell junction","cortical actin cytoskeleton","Cell Junction/Adhesion"
"385","P04114","chylomicron","chylomicron remnant","clathrin-coated endocytic vesicle membrane","Other"
"386","P38117","electron transfer flavoprotein complex","mitochondrial matrix","mitochondrion","Protein Complex"
"387","P51452","cytoplasm","cytosol","immunological synapse","Cytoplasm/Cytosol"
"388","P23109","cytosol",NA,NA,"Cytoplasm/Cytosol"
"389","A0A0B4J1X5","extracellular region","immunoglobulin complex","plasma membrane","Extracellular/Secreted"
"390","P35080","cytoplasm","cytoskeleton","extracellular exosome","Cytoplasm/Cytosol"
"391","P60842","cytoplasm","cytoplasmic stress granule","cytosol","Cytoplasm/Cytosol"
"392","P05090","cytoplasm","cytosolic ribosome","dendrite","Cytoplasm/Cytosol"
"393","Q16082","cytoplasm","cytosol","nucleus","Cytoplasm/Cytosol"
"394","P02654","chylomicron","endoplasmic reticulum","extracellular region","Other"
"395","P02743","blood microparticle","extracellular exosome","extracellular region","Blood Microparticle"
"396","Q14894","cytoplasm","cytosol","extracellular exosome","Cytoplasm/Cytosol"
"397","Q9UM54","actin cytoskeleton","actin filament","apical part of cell","Cytoskeleton/Contractile"
"398","Q9UJS0","mitochondrial inner membrane","mitochondrion","plasma membrane","Mitochondria"
"399","P02675","blood microparticle","cell cortex","cell surface","Blood Microparticle"
"400","P14555","endoplasmic reticulum","endoplasmic reticulum membrane","extracellular exosome","ER/Golgi/Vesicle"
"401","P26678","calcium ion-transporting ATPase complex","endoplasmic reticulum","endoplasmic reticulum membrane","Protein Complex"
"402","P17858","6-phosphofructokinase complex","cytosol","extracellular exosome","Protein Complex"
"403","P27105","azurophil granule membrane","blood microparticle","cytoskeleton","Membrane/Cell Surface"
"404","P63098","calcineurin complex","cytosol","glutamatergic synapse","Protein Complex"
"405","P38646","cytoplasm","extracellular exosome","focal adhesion","Cytoplasm/Cytosol"
"406","P61077","cytosol","endosome membrane","extracellular exosome","Cytoplasm/Cytosol"
"407","P00751","blood microparticle","cell surface","extracellular exosome","Blood Microparticle"
"408","P02549","actin cytoskeleton","axon","cell junction","Cytoskeleton/Contractile"
"409","P10644","cAMP-dependent protein kinase complex","centrosome","ciliary base","Protein Complex"
"410","P59666","azurophil granule lumen","extracellular exosome","extracellular region","Granule/Lysosome/Vesicle"
"411","P01019","blood microparticle","extracellular exosome","extracellular matrix","Blood Microparticle"
"412","P84077","cell leading edge","cytoplasm","cytosol","Membrane/Cell Surface"
"413","P00734","blood microparticle","endoplasmic reticulum lumen","extracellular exosome","Blood Microparticle"
"414","P53597","mitochondrial matrix","mitochondrion","succinate-CoA ligase complex (ADP-forming)","Mitochondria"
"415","P37837","cytoplasm","cytosol","extracellular exosome","Cytoplasm/Cytosol"
"416","Q6YN16","membrane","mitochondrion","peroxisome","Membrane/Cell Surface"
"417","Q01469","azurophil granule lumen","cytoplasm","cytosol","Granule/Lysosome/Vesicle"
"418","Q14624","blood microparticle","extracellular exosome","extracellular matrix","Blood Microparticle"
"419","Q9NWV4","",NA,NA,"Unknown"
"420","Q99584","cytoplasm","cytosol","extracellular region","Cytoplasm/Cytosol"
"421","Q9UHP9","costamere","M band","muscle tendon junction","Sarcoplasmic/Myofibrillar"
"422","Q9H0N5","mitochondrion",NA,NA,"Mitochondria"
"423","P48147","cytoplasm","cytosol","extracellular region","Cytoplasm/Cytosol"
"424","P63208","centrosome","Cul7-RING ubiquitin ligase complex","cytoplasm","Cilia/Centrosome/Neuron"
"425","P18124","cytoplasm","cytosol","cytosolic large ribosomal subunit","Cytoplasm/Cytosol"
"426","P31937","mitochondrial matrix","mitochondrion",NA,"Mitochondria"
"427","P29692","cytoplasm","cytosol","eukaryotic translation elongation factor 1 complex","Cytoplasm/Cytosol"
"428","Q06828","extracellular matrix","extracellular region","extracellular space","Extracellular/Secreted"
"429","P55072","ATPase complex","azurophil granule lumen","ciliary basal body","Protein Complex"
"430","P19823","blood microparticle","endoplasmic reticulum lumen","extracellular exosome","Blood Microparticle"
"431","P00491","cytoplasm","cytosol","extracellular exosome","Cytoplasm/Cytosol"
"432","Q96AQ6","chromatin","cytosol","microtubule","Nucleus/Chromatin"
"433","Q9NP98","actin cytoskeleton","nucleus","pseudopodium","Cytoskeleton/Contractile"
"434","P60953","apical part of cell","cell-cell junction","centrosome","Other"
"435","P19827","blood microparticle","extracellular exosome","extracellular matrix","Blood Microparticle"
"436","P13716","cytosol","extracellular exosome","extracellular region","Cytoplasm/Cytosol"
"437","P50238","cytoplasm",NA,NA,"Cytoplasm/Cytosol"
"438","P50213","isocitrate dehydrogenase complex (NAD+)","mitochondrial matrix","mitochondrion","Protein Complex"
"439","P49821","mitochondrial inner membrane","mitochondrion","respiratory chain complex I","Mitochondria"
"440","Q6NVY1","mitochondrial matrix","mitochondrion",NA,"Mitochondria"
"441","P17612","acrosomal vesicle","calcium channel complex","cAMP-dependent protein kinase complex","Granule/Lysosome/Vesicle"
"442","O95831","cytosol","mitochondrial inner membrane","mitochondrial intermembrane space","Cytoplasm/Cytosol"
"443","Q02978","mitochondrial inner membrane","mitochondrion","nucleus","Mitochondria"
"444","P13645","cell surface","cornified envelope","cytoplasm","Membrane/Cell Surface"
"445","P52179","M band","striated muscle myosin thick filament",NA,"Sarcoplasmic/Myofibrillar"
"446","Q9BWH2","mitochondrial outer membrane","mitochondrion","nucleus","Mitochondria"
"447","P42330","cytoplasm","cytosol","extracellular exosome","Cytoplasm/Cytosol"
"448","P17661","cardiac myofibril","cell tip","cell-cell junction","Sarcoplasmic/Myofibrillar"
"449","P54920","cytosol","extracellular exosome","glutamatergic synapse","Cytoplasm/Cytosol"
"450","P61604","extracellular exosome","membrane","mitochondrial matrix","Extracellular/Secreted"
"451","Q8NDY3","sarcomere",NA,NA,"Sarcoplasmic/Myofibrillar"
"452","Q16795","mitochondrial inner membrane","mitochondrial matrix","mitochondrial membrane","Mitochondria"
"453","Q9UKS6","cytoplasm","cytosol","endosome","Cytoplasm/Cytosol"
"454","Q13057","extracellular exosome","mitochondrial matrix","mitochondrial outer membrane","Extracellular/Secreted"
"455","O95299","cytoplasm","mitochondrial inner membrane","mitochondrial matrix","Cytoplasm/Cytosol"
"456","P49368","cell body","chaperonin-containing T-complex","cytoskeleton","Other"
"457","O14880","endoplasmic reticulum","endoplasmic reticulum membrane","membrane","ER/Golgi/Vesicle"
"458","P35579","actin cytoskeleton","actomyosin","actomyosin contractile ring","Cytoskeleton/Contractile"
"459","P0CG38","actin cytoskeleton","actin filament","axon","Cytoskeleton/Contractile"
"460","P54289","extracellular exosome","GABA-ergic synapse","L-type voltage-gated calcium channel complex","Extracellular/Secreted"
"461","P09960","cytosol","extracellular exosome","extracellular region","Cytoplasm/Cytosol"
"462","P02760","blood microparticle","cell surface","cytosol","Blood Microparticle"
"463","Q9UIJ7","cytoplasm","mitochondrial matrix","mitochondrion","Cytoplasm/Cytosol"
"464","P61978","catalytic step 2 spliceosome","chromatin","cytoplasm","Protein Complex"
"465","Q9UBF9","actin cytoskeleton","axon","neuronal cell body","Cytoskeleton/Contractile"
"466","P21291","cytoplasm","extracellular exosome","focal adhesion","Cytoplasm/Cytosol"
"467","Q9H4A4","extracellular exosome","extracellular region","extracellular space","Extracellular/Secreted"
"468","Q9NZD4","cytoplasm","hemoglobin complex",NA,"Cytoplasm/Cytosol"
"469","P13807","cytoplasm","cytosol","inclusion body","Cytoplasm/Cytosol"
"470","Q16718","mitochondrial inner membrane","mitochondrion","respiratory chain complex I","Mitochondria"
"471","Q16891","membrane","MIB complex","MICOS complex","Membrane/Cell Surface"
"472","A8MU46","contractile muscle fiber","cytoplasm","I band","Sarcoplasmic/Myofibrillar"
"473","Q9H0P0","cytoplasm","cytosol","endoplasmic reticulum","Cytoplasm/Cytosol"
"474","P16157","ankyrin-1 complex","axolemma","basolateral plasma membrane","Sarcoplasmic/Myofibrillar"
"475","P08727","apicolateral plasma membrane","cell periphery","costamere","Membrane/Cell Surface"
"476","P18859","centriole","mitochondrial inner membrane","mitochondrion","Cilia/Centrosome/Neuron"
"477","P24534","cytoplasm","cytosol","eukaryotic translation elongation factor 1 complex","Cytoplasm/Cytosol"
"478","P31944","cornified envelope","cytoplasm","cytosol","Other"
"479","P51148","azurophil granule membrane","early endosome","early endosome membrane","Membrane/Cell Surface"
"480","Q9P0J0","cytoplasm","mitochondrial inner membrane","mitochondrial membrane","Cytoplasm/Cytosol"
"481","P28066","cytoplasm","cytosol","extracellular exosome","Cytoplasm/Cytosol"
"482","A0A087WSY6","extracellular region","immunoglobulin complex","plasma membrane","Extracellular/Secreted"
"483","P40123","cytoplasm","plasma membrane","postsynaptic density","Cytoplasm/Cytosol"
"484","P31949","adherens junction","cytoplasm","extracellular exosome","Cell Junction/Adhesion"
"485","O43676","mitochondrial inner membrane","mitochondrion","respiratory chain complex I","Mitochondria"
"486","P09429","alphav-beta3 integrin-HMGB1 complex","cell surface","condensed chromosome","Protein Complex"
"487","P30153","chromatin","chromosome, centromeric region","cytoplasm","Nucleus/Chromatin"
"488","P07099","endoplasmic reticulum membrane",NA,NA,"Membrane/Cell Surface"
"489","P18577","ankyrin-1 complex","plasma membrane",NA,"Sarcoplasmic/Myofibrillar"
"490","P11166","apical plasma membrane","basolateral plasma membrane","blood microparticle","Membrane/Cell Surface"
"491","P13861","cAMP-dependent protein kinase complex","centrosome","ciliary base","Protein Complex"
"492","Q6P4A7","mitochondrial inner membrane","mitochondrion","nucleoplasm","Mitochondria"
"493","P68036","cytoplasm","cytosol","nucleoplasm","Cytoplasm/Cytosol"
"494","Q9UHG3","extracellular exosome","lysosome","very-low-density lipoprotein particle","Extracellular/Secreted"
"495","Q13643","focal adhesion","nucleus","stress fiber","Cell Junction/Adhesion"
"496","P02545","cytosol","intermediate filament","lamin filament","Cytoplasm/Cytosol"
"497","Q5VVW2","",NA,NA,"Unknown"
"498","O14561","iron-sulfur cluster assembly complex","mitochondrial [2Fe-2S] assembly complex","mitochondrial inner membrane","Protein Complex"
"499","P06312","blood microparticle","extracellular region","immunoglobulin complex","Blood Microparticle"
"500","P51668","cytoplasm","cytosol","nucleoplasm","Cytoplasm/Cytosol"
"501","P01034","cytoplasm","endoplasmic reticulum","endoplasmic reticulum lumen","Cytoplasm/Cytosol"
"502","Q8IYJ1","extracellular exosome","extracellular space","plasma membrane","Extracellular/Secreted"
"503","P04003","blood microparticle","extracellular region","extracellular space","Blood Microparticle"
"504","P30566","cytosol","protein-containing complex",NA,"Cytoplasm/Cytosol"
"505","Q16778","cytosol","extracellular exosome","extracellular space","Cytoplasm/Cytosol"
"506","P16152","cytosol","extracellular exosome","extracellular vesicle","Cytoplasm/Cytosol"
"507","P52209","cytosol","extracellular exosome","nucleus","Cytoplasm/Cytosol"
"508","P54578","cell surface","cytoplasm","cytoplasmic vesicle","Membrane/Cell Surface"
"509","Q16555","cilium","cytosol","extracellular exosome","Cilia/Centrosome/Neuron"
"510","P63244","cytoplasm","cytosol","cytosolic small ribosomal subunit","Cytoplasm/Cytosol"
"511","Q01432","cytosol","extracellular region","ficolin-1-rich granule lumen","Cytoplasm/Cytosol"
"512","Q96IU4","cytoplasm","cytosol","extracellular exosome","Cytoplasm/Cytosol"
"513","P04196","blood microparticle","cell surface","extracellular exosome","Blood Microparticle"
"514","Q8NCW5","cell body","cilium","cytosol","Other"
"515","O15382","mitochondrial matrix","mitochondrion","nucleoplasm","Mitochondria"
"516","P37802","actin cytoskeleton","cytosol","extracellular exosome","Cytoskeleton/Contractile"
"517","P05387","cytoplasm","cytosol","cytosolic large ribosomal subunit","Cytoplasm/Cytosol"
"518","Q6IBS0","actin filament","cytoplasm","extracellular exosome","Cytoskeleton/Contractile"
"519","O14818","cytoplasm","cytosol","extracellular exosome","Cytoplasm/Cytosol"
"520","P19367","cytosol","membrane raft","mitochondrial outer membrane","Cytoplasm/Cytosol"
"521","P25789","centriole","cytoplasm","cytosol","Cilia/Centrosome/Neuron"
"522","Q14324","cytosol","M band","myosin filament","Cytoplasm/Cytosol"
"523","P56556","mitochondrial inner membrane","mitochondrial membrane","mitochondrion","Mitochondria"
"524","P50995","azurophil granule","cytoplasm","cytosol","Granule/Lysosome/Vesicle"
"525","Q96MF2","cytoplasmic side of plasma membrane","cytosol","nucleoplasm","Cytoplasm/Cytosol"
"526","Q9BS92","mitochondrion",NA,NA,"Mitochondria"
"527","P23526","cytosol","endoplasmic reticulum","extracellular exosome","Cytoplasm/Cytosol"
"528","P49207","cytoplasm","cytosol","cytosolic large ribosomal subunit","Cytoplasm/Cytosol"
"529","O95168","mitochondrial inner membrane","mitochondrion","nucleoplasm","Mitochondria"
"530","O75489","mitochondrial inner membrane","mitochondrial matrix","mitochondrial membrane","Mitochondria"
"531","P30038","cytosol","mitochondrial matrix","mitochondrion","Cytoplasm/Cytosol"
"532","P25787","cytoplasm","cytosol","extracellular exosome","Cytoplasm/Cytosol"
"533","Q8IXB3","cytoplasmic vesicle membrane","endomembrane system","membrane","Cytoplasm/Cytosol"
"534","P14649","cytosol","extracellular exosome","muscle myosin complex","Cytoplasm/Cytosol"
"535","Q15819","cytoplasm","extracellular exosome","nucleoplasm","Cytoplasm/Cytosol"
"536","O94760","cytosol","extracellular exosome",NA,"Cytoplasm/Cytosol"
"537","Q99643","membrane","mitochondrial inner membrane","mitochondrion","Membrane/Cell Surface"
"538","P30626","cytoplasm","cytosol","endoplasmic reticulum membrane","Cytoplasm/Cytosol"
"539","P02452","collagen type I trimer","endoplasmic reticulum lumen","extracellular matrix","Extracellular/Secreted"
"540","P23327","cytosol","endoplasmic reticulum","endoplasmic reticulum lumen","Cytoplasm/Cytosol"
"541","P13987","cell surface","endoplasmic reticulum membrane","endoplasmic reticulum-Golgi intermediate compartment membrane","Membrane/Cell Surface"
"542","O00151","adherens junction","cytoplasm","cytoskeleton","Cell Junction/Adhesion"
"543","P31948","cytosol","dynein axonemal particle","Golgi apparatus","Cytoplasm/Cytosol"
"544","P52907","actin cytoskeleton","cortical cytoskeleton","cytoskeleton","Cytoskeleton/Contractile"
"545","P20774","extracellular exosome","extracellular matrix","extracellular region","Extracellular/Secreted"
"546","Q14240","cytosol","eukaryotic translation initiation factor 4F complex","perinuclear region of cytoplasm","Cytoplasm/Cytosol"
"547","O15260","azurophil granule membrane","COPII-coated ER to Golgi transport vesicle","cytosol","Membrane/Cell Surface"
"548","P04632","calpain complex","cytosol","extracellular exosome","Protein Complex"
"549","P06331","extracellular region","immunoglobulin complex","plasma membrane","Extracellular/Secreted"
"550","P22626","Cajal body","catalytic step 2 spliceosome","chromosome, telomeric region","Nucleus/Chromatin"
"551","Q9HB71","beta-catenin destruction complex","cell body","cytosol","Protein Complex"
"552","P60900","centriole","ciliary tip","cilium","Cilia/Centrosome/Neuron"
"553","P25311","external side of plasma membrane","extracellular exosome","extracellular region","Membrane/Cell Surface"
"554","P35443","basement membrane","endoplasmic reticulum","extracellular exosome","Extracellular/Secreted"
"555","P51649","mitochondrial matrix","mitochondrion","synapse","Mitochondria"
"556","Q92530","cytosol","endoplasmic reticulum","membrane","Cytoplasm/Cytosol"
"557","P30613","cytoplasm","cytosol","extracellular exosome","Cytoplasm/Cytosol"
"558","Q9Y3D6","cytosol","membrane","mitochondrial outer membrane","Cytoplasm/Cytosol"
"559","P30101","cell surface","endoplasmic reticulum","endoplasmic reticulum lumen","Membrane/Cell Surface"
"560","P22352","extracellular exosome","extracellular region","extracellular space","Extracellular/Secreted"
"561","P12111","collagen type VI trimer","endoplasmic reticulum lumen","extracellular exosome","Extracellular/Secreted"
"562","P27338","mitochondrial envelope","mitochondrial outer membrane","mitochondrion","Mitochondria"
"563","P29401","cytosol","endoplasmic reticulum membrane","extracellular exosome","Cytoplasm/Cytosol"
"564","O43678","mitochondrial inner membrane","mitochondrial membrane","mitochondrion","Mitochondria"
"565","P13798","cytosol","extracellular exosome","extracellular region","Cytoplasm/Cytosol"
"566","P61586","apical junction complex","cell cortex","cell junction","Cell Junction/Adhesion"
"567","O15273","cytosol","I band","titin-telethonin complex","Cytoplasm/Cytosol"
"568","P20231","extracellular matrix","extracellular space",NA,"Extracellular/Secreted"
"569","P11021","cell surface","cytoplasm","cytosol","Membrane/Cell Surface"
"570","P21817","calcium channel complex","cell cortex","cytoplasm","Protein Complex"
"571","O95810","caveola","cytoplasm","cytosol","Membrane/Cell Surface"
"572","Q9BVC6","extracellular exosome","monoatomic ion channel complex","nuclear outer membrane","Extracellular/Secreted"
"573","O00330","mitochondrial matrix","mitochondrion","nucleoplasm","Mitochondria"
"574","O75874","cytoplasm","cytosol","extracellular exosome","Cytoplasm/Cytosol"
"575","P39687","cytoplasm","endoplasmic reticulum","nucleoplasm","Cytoplasm/Cytosol"
"576","Q9BRX8","cytoplasm","extracellular region",NA,"Cytoplasm/Cytosol"
"577","P27824","endoplasmic reticulum","endoplasmic reticulum lumen","endoplasmic reticulum membrane","ER/Golgi/Vesicle"
"578","P05787","apicolateral plasma membrane","cell-cell junction","cytoplasm","Membrane/Cell Surface"
"579","P26641","cytoplasm","cytosol","extracellular exosome","Cytoplasm/Cytosol"
"580","Q9Y5Z4","azurophil granule lumen","cytoplasm","extracellular exosome","Granule/Lysosome/Vesicle"
"581","P78371","azurophil granule lumen","cell body","chaperonin-containing T-complex","Granule/Lysosome/Vesicle"
"582","Q15746","actin cytoskeleton","cleavage furrow","cytoplasm","Cytoskeleton/Contractile"
"583","P51149","alveolar lamellar body","autophagosome membrane","ciliary transition zone","Granule/Lysosome/Vesicle"
"584","O60664","cytoplasm","cytosol","endosome","Cytoplasm/Cytosol"
"585","P28838","cytoplasm","extracellular exosome","focal adhesion","Cytoplasm/Cytosol"
"586","P23381","cytoplasm","cytosol","extracellular exosome","Cytoplasm/Cytosol"
"587","P27816","acrosomal vesicle","axon","axoneme","Granule/Lysosome/Vesicle"
"588","P02655","chylomicron","early endosome","extracellular region","Other"
"589","P24666","cytoplasm","cytoplasmic side of plasma membrane","cytosol","Cytoplasm/Cytosol"
"590","P12109","basement membrane","collagen type VI trimer","endoplasmic reticulum lumen","Extracellular/Secreted"
"591","Q08043","actin filament","brush border","cell junction","Cytoskeleton/Contractile"
"592","Q13557","calcium- and calmodulin-dependent protein kinase complex","cytoplasm","cytosol","Protein Complex"
"593","P11277","actin cytoskeleton","cell junction","cell projection","Cytoskeleton/Contractile"
"594","P34949","cytosol","extracellular exosome",NA,"Cytoplasm/Cytosol"
"595","Q01484","A band","apical plasma membrane","basolateral plasma membrane","Sarcoplasmic/Myofibrillar"
"596","P61026","adherens junction","cilium","cytoplasmic vesicle membrane","Cell Junction/Adhesion"
"597","Q5SSJ5","chromosome","nuclear speck","nucleosome","Nucleus/Chromatin"
"598","P01743","extracellular region","immunoglobulin complex","plasma membrane","Extracellular/Secreted"
"599","A0A0J9YX35","extracellular region","immunoglobulin complex","plasma membrane","Extracellular/Secreted"
"600","O14950","brush border","cell cortex","cytoplasm","Other"
"601","Q15185","chromosome, telomeric region","cytosol","nucleoplasm","Nucleus/Chromatin"
"602","P55008","actin filament","cytoplasm","cytosol","Cytoskeleton/Contractile"
"603","P46109","cytoplasm","cytosol","extrinsic component of postsynaptic membrane","Cytoplasm/Cytosol"
"604","P25788","cytoplasm","cytosol","extracellular exosome","Cytoplasm/Cytosol"
"605","O75923","centriolar satellite","cytoplasmic vesicle membrane","early endosome","Other"
"606","P49327","cytoplasm","cytosol","extracellular exosome","Cytoplasm/Cytosol"
"607","P30046","cytoplasm","extracellular exosome","extracellular space","Cytoplasm/Cytosol"
"608","P04899","cell body","centrosome","ciliary basal body","Other"
"609","P35527","cytoskeleton","cytosol","extracellular exosome","Cytoskeleton/Contractile"
"610","Q8IVN3","cytoplasm","extracellular region","nucleoplasm","Cytoplasm/Cytosol"
"611","Q7Z6K5","lamellipodium",NA,NA,"Other"
"612","P05546","endoplasmic reticulum lumen","extracellular exosome","extracellular region","ER/Golgi/Vesicle"
"613","P51970","mitochondrial inner membrane","mitochondrial intermembrane space","mitochondrion","Mitochondria"
"614","P02745","cell surface","collagen trimer","complement component C1 complex","Membrane/Cell Surface"
"615","P17987","acrosomal vesicle","cell body","centrosome","Granule/Lysosome/Vesicle"
"616","P20618","cytoplasm","cytosol","extracellular exosome","Cytoplasm/Cytosol"
"617","Q15843","cytoplasm","cytosol","extracellular exosome","Cytoplasm/Cytosol"
"618","P62249","cytoplasm","cytosol","cytosolic ribosome","Cytoplasm/Cytosol"
"619","Q13813","cell junction","cell projection","cortical actin cytoskeleton","Cell Junction/Adhesion"
"620","Q9NY65","acrosomal vesicle","cytoplasm","microtubule","Granule/Lysosome/Vesicle"
"621","Q9Y490","adherens junction","cell surface","cytoplasm","Cell Junction/Adhesion"
"622","Q7Z4W1","brush border","cytoplasmic microtubule","cytosol","Other"
"623","P51636","acrosomal membrane","caveola","caveolar macromolecular signaling complex","Membrane/Cell Surface"
"624","P30711","cytoplasm","cytosol","extracellular exosome","Cytoplasm/Cytosol"
"625","Q9BTV4","endoplasmic reticulum lumen","endoplasmic reticulum membrane","Golgi apparatus","ER/Golgi/Vesicle"
"626","Q9NPJ3","cytosol","mitochondrial matrix","mitochondrion","Cytoplasm/Cytosol"
"627","P58546","cytoplasm","cytosol","F-actin capping protein complex","Cytoplasm/Cytosol"
"628","P54819","cytoplasm","extracellular exosome","mitochondrial intermembrane space","Cytoplasm/Cytosol"
"629","Q92523","mitochondrial intermembrane space","mitochondrial outer membrane","mitochondrion","Mitochondria"
"630","P36955","axon hillock","basement membrane","extracellular exosome","Cilia/Centrosome/Neuron"
"631","O43837","isocitrate dehydrogenase complex (NAD+)","mitochondrial matrix","mitochondrion","Protein Complex"
"632","P62851","cytoplasm","cytosol","cytosolic ribosome","Cytoplasm/Cytosol"
"633","P07203","cytoplasm","cytosol","mitochondrial matrix","Cytoplasm/Cytosol"
"634","P01591","blood microparticle","dimeric IgA immunoglobulin complex","extracellular exosome","Blood Microparticle"
"635","Q13085","actin cytoskeleton","cytosol","fibrillar center","Cytoskeleton/Contractile"
"636","P62333","cytosol","cytosolic proteasome complex","extracellular exosome","Cytoplasm/Cytosol"
"637","Q9BXN1","cell projection","extracellular matrix","extracellular space","Other"
"638","P16452","ankyrin-1 complex","cortical cytoskeleton","cytoskeleton","Sarcoplasmic/Myofibrillar"
"639","P07384","calpain complex","cornified envelope","cytoplasm","Protein Complex"
"640","O14521","mitochondrial envelope","mitochondrial inner membrane","mitochondrion","Mitochondria"
"641","P14314","endoplasmic reticulum","endoplasmic reticulum lumen","glucosidase II complex","ER/Golgi/Vesicle"
"642","O75438","mitochondrial inner membrane","mitochondrion","nuclear speck","Mitochondria"
"643","P08123","collagen type I trimer","endoplasmic reticulum lumen","extracellular exosome","Extracellular/Secreted"
"644","P05386","cytoplasm","cytosol","cytosolic large ribosomal subunit","Cytoplasm/Cytosol"
"645","P01701","extracellular exosome","extracellular region","immunoglobulin complex","Extracellular/Secreted"
"646","P00367","cytoplasm","endoplasmic reticulum","mitochondrial matrix","Cytoplasm/Cytosol"
"647","Q99536","azurophil granule lumen","cytoplasm","cytosol","Granule/Lysosome/Vesicle"
"648","P50914","cytoplasm","cytosol","cytosolic large ribosomal subunit","Cytoplasm/Cytosol"
"649","Q99972","cilium","cytoplasmic vesicle","endoplasmic reticulum","Cilia/Centrosome/Neuron"
"650","Q15056","cytosol","eukaryotic translation initiation factor 4F complex","membrane","Cytoplasm/Cytosol"
"651","P59768","extracellular exosome","heterotrimeric G-protein complex","membrane","Extracellular/Secreted"
"652","Q8NB12","cytoplasm","nucleus",NA,"Cytoplasm/Cytosol"
"653","O75521","cytosol","membrane","mitochondrion","Cytoplasm/Cytosol"
"654","Q13404","cytoplasm","cytosol","extracellular exosome","Cytoplasm/Cytosol"
"655","Q01518","azurophil granule lumen","cortical actin cytoskeleton","cytoplasm","Granule/Lysosome/Vesicle"
"656","P02753","extracellular exosome","extracellular region","extracellular space","Extracellular/Secreted"
"657","Q7Z3D6","mitochondrial matrix","mitochondrion",NA,"Mitochondria"
"658","P60981","actin cytoskeleton","cortical actin cytoskeleton","cytoplasm","Cytoskeleton/Contractile"
"659","Q16134","cytosol","mitochondrial inner membrane","mitochondrial membrane","Cytoplasm/Cytosol"
"660","P09936","axon cytoplasm","cytoplasm","cytosol","Cytoplasm/Cytosol"
"661","Q08257","cytosol","extracellular exosome","mitochondrion","Cytoplasm/Cytosol"
"662","Q9Y394","endoplasmic reticulum membrane","membrane",NA,"Membrane/Cell Surface"
"663","P60033","basal plasma membrane","basolateral plasma membrane","cytosol","Membrane/Cell Surface"
"664","O00410","cytoplasm","cytosol","Golgi apparatus","Cytoplasm/Cytosol"
"665","P55083","elastic fiber","extracellular matrix","extracellular region","Extracellular/Secreted"
"666","O75531","chromatin","condensed chromosome","cytoplasm","Nucleus/Chromatin"
"667","P02775","extracellular region","extracellular space","platelet alpha granule lumen","Extracellular/Secreted"
"668","O75558","endomembrane system","Golgi apparatus","plasma membrane","Membrane/Cell Surface"
"669","P67775","chromatin","chromosome, centromeric region","cytosol","Nucleus/Chromatin"
"670","P43304","mitochondrial inner membrane","mitochondrion",NA,"Mitochondria"
"671","Q14195","cell body","cytosol","exocytic vesicle","Other"
"672","O43488","cytoplasm","cytosol","extracellular exosome","Cytoplasm/Cytosol"
"673","P02748","blood microparticle","extracellular exosome","extracellular region","Blood Microparticle"
"674","Q9NSE4","mitochondrial matrix","mitochondrion",NA,"Mitochondria"
"675","Q9UNZ2","centrosome","chromosome","cytoplasm","Cilia/Centrosome/Neuron"
"676","P35268","cytoplasm","cytosol","cytosolic large ribosomal subunit","Cytoplasm/Cytosol"
"677","Q9H8H3","cytosol","endoplasmic reticulum","extracellular region","Cytoplasm/Cytosol"
"678","P62873","cytoplasm","cytosol","extracellular exosome","Cytoplasm/Cytosol"
"679","P50454","endoplasmic reticulum","endoplasmic reticulum lumen","endoplasmic reticulum-Golgi intermediate compartment","ER/Golgi/Vesicle"
"680","A6NDG6","cytoplasm","cytosol",NA,"Cytoplasm/Cytosol"
"681","Q00610","centriolar satellite","clathrin coat","clathrin coat of coated pit","Other"
"682","P50993","caveola","cell projection","cell surface","Membrane/Cell Surface"
"683","P10620","azurophil granule membrane","endoplasmic reticulum","endoplasmic reticulum membrane","Membrane/Cell Surface"
"684","P54725","cytoplasm","cytosol","Golgi apparatus","Cytoplasm/Cytosol"
"685","O60888","extracellular exosome","membrane","mitochondrion","Extracellular/Secreted"
"686","P35237","cytoplasm","cytosol","extracellular exosome","Cytoplasm/Cytosol"
"687","P31939","cytosol","extracellular exosome","membrane","Cytoplasm/Cytosol"
"688","Q92736","calcium channel complex","junctional sarcoplasmic reticulum membrane","membrane","Protein Complex"
"689","P42704","acrosomal vesicle","condensed nuclear chromosome","cytoskeleton","Granule/Lysosome/Vesicle"
"690","P16083","cytosol","extracellular exosome","nucleoplasm","Cytoplasm/Cytosol"
"691","Q13522","cytoplasm",NA,NA,"Cytoplasm/Cytosol"
"692","P30520","cytoplasm","cytosol","extracellular exosome","Cytoplasm/Cytosol"
"693","P08294","extracellular exosome","extracellular region","extracellular space","Extracellular/Secreted"
"694","Q96A26","cytosol","mitochondrial membrane","mitochondrion","Cytoplasm/Cytosol"
"695","P56539","caveola","cell surface","dystrophin-associated glycoprotein complex","Membrane/Cell Surface"
"696","P25786","centrosome","cytoplasm","cytosol","Cilia/Centrosome/Neuron"
"697","O75380","mitochondrial inner membrane","mitochondrion","respiratory chain complex I","Mitochondria"
"698","P09525","cell surface","cytoplasm","extracellular exosome","Membrane/Cell Surface"
"699","P23284","cytoplasm","cytosol","endoplasmic reticulum","Cytoplasm/Cytosol"
"700","P46777","cytoplasm","cytosol","cytosolic large ribosomal subunit","Cytoplasm/Cytosol"
"701","Q9UII2","cell surface","cytoplasm","mitochondrion","Membrane/Cell Surface"
"702","P55822","cytoplasm","nucleus",NA,"Cytoplasm/Cytosol"
"703","P01877","blood microparticle","extracellular exosome","extracellular region","Blood Microparticle"
"704","O14732","cytoplasm","cytosol",NA,"Cytoplasm/Cytosol"
"705","Q92743","cytosol","extracellular exosome","extracellular matrix","Cytoplasm/Cytosol"
"706","Q96FJ2","9+0 non-motile cilium","centrosome","ciliary tip","Cilia/Centrosome/Neuron"
"707","Q16363","basement membrane","extracellular exosome","extracellular matrix","Extracellular/Secreted"
"708","P20340","acrosomal membrane","ciliary basal body","cytoplasmic vesicle","Membrane/Cell Surface"
"709","P23396","cytoplasm","cytosol","cytosolic ribosome","Cytoplasm/Cytosol"
"710","Q96RP9","mitochondrial matrix","mitochondrion",NA,"Mitochondria"
"711","A0A0C4DH68","extracellular region","immunoglobulin complex","plasma membrane","Extracellular/Secreted"
"712","P05023","apical plasma membrane","axon","basolateral plasma membrane","Membrane/Cell Surface"
"713","P54727","cytosol","nucleoplasm","nucleus","Cytoplasm/Cytosol"
"714","P35908","cornified envelope","cytoplasm","cytosol","Other"
"715","P01768","extracellular region","extracellular space","immunoglobulin complex","Extracellular/Secreted"
"716","P02649","blood microparticle","chylomicron","chylomicron remnant","Blood Microparticle"
"717","Q9BSH4","mitochondrion",NA,NA,"Mitochondria"
"718","P49721","cytoplasm","cytosol","extracellular exosome","Cytoplasm/Cytosol"
"719","P51911","actin cytoskeleton","cytoskeleton","focal adhesion","Cytoskeleton/Contractile"
"720","P48163","cytoplasm","cytosol","mitochondrion","Cytoplasm/Cytosol"
"721","Q15233","chromosome","fibrillar center","membrane","Nucleus/Chromatin"
"722","Q9BX68","cytoplasm","mitochondrial matrix","mitochondrial outer membrane","Cytoplasm/Cytosol"
"723","Q969G5","caveola","cytoplasm","cytosol","Membrane/Cell Surface"
"724","O75251","mitochondrial inner membrane","mitochondrial matrix","mitochondrion","Mitochondria"
"725","P22676","cuticular plate","cytosol","dendriole","Other"
"726","P05452","cytoplasm","extracellular exosome","extracellular matrix","Cytoplasm/Cytosol"
"727","P46020","cytosol","phosphorylase kinase complex","plasma membrane","Cytoplasm/Cytosol"
"728","Q9NX63","extracellular exosome","MIB complex","MICOS complex","Extracellular/Secreted"
"729","Q5BKX8","caveola","cytoplasm","cytosol","Membrane/Cell Surface"
"730","Q9Y376","cytoplasm","cytosol","extracellular exosome","Cytoplasm/Cytosol"
"731","Q86SX6","dendrite","iron-sulfur cluster assembly complex","mitochondrial matrix","Cilia/Centrosome/Neuron"
"732","P21399","cytoplasm","cytosol","endoplasmic reticulum","Cytoplasm/Cytosol"
"733","P35613","acrosomal membrane","axon","basolateral plasma membrane","Membrane/Cell Surface"
"734","P13797","actin filament","actin filament bundle","cytoplasm","Cytoskeleton/Contractile"
"735","Q13885","cytoplasm","extracellular exosome","extracellular vesicle","Cytoplasm/Cytosol"
"736","P36969","cytosol","extracellular exosome","mitochondrion","Cytoplasm/Cytosol"
"737","Q9Y613","bleb","cytoplasm","cytoskeleton","Other"
"738","P60891","cytoplasm","cytosol","ribose phosphate diphosphokinase complex","Cytoplasm/Cytosol"
"739","P00488","blood microparticle","extracellular matrix","extracellular region","Blood Microparticle"
"740","Q5XKP0","MIB complex","MICOS complex","mitochondrial crista junction","Protein Complex"
"741","P61457","cytosol","extracellular exosome","nucleoplasm","Cytoplasm/Cytosol"
"742","P26885","endoplasmic reticulum","endoplasmic reticulum membrane",NA,"ER/Golgi/Vesicle"
"743","Q8N8N7","cytoplasm",NA,NA,"Cytoplasm/Cytosol"
"744","Q96AB3","cytoplasm","mitochondrion","nucleus","Cytoplasm/Cytosol"
"745","Q14974","cytoplasm","cytoplasmic stress granule","cytosol","Cytoplasm/Cytosol"
"746","O75306","mitochondrial inner membrane","mitochondrial matrix","mitochondrion","Mitochondria"
"747","P00746","extracellular exosome","extracellular region","extracellular space","Extracellular/Secreted"
"748","O75347","cytoplasm","microtubule","microtubule cytoskeleton","Cytoplasm/Cytosol"
"749","Q99733","chromatin","cytoplasm","dendrite","Nucleus/Chromatin"
"750","P23786","mitochondrial inner membrane","mitochondrial matrix","mitochondrion","Mitochondria"
"751","Q9Y623","cytoplasm","muscle myosin complex","myofibril","Cytoplasm/Cytosol"
"752","P40227","chaperonin-containing T-complex","cytoplasm","cytosol","Protein Complex"
"753","P46734","cytoplasm","cytosol","membrane","Cytoplasm/Cytosol"
"754","Q9H0E2","azurophil granule lumen","cytoplasm","cytosol","Granule/Lysosome/Vesicle"
"755","Q6UXV4","extracellular region","MIB complex","MICOS complex","Extracellular/Secreted"
"756","P54284","cytosol","L-type voltage-gated calcium channel complex","membrane","Cytoplasm/Cytosol"
"757","P00390","cytosol","external side of plasma membrane","extracellular exosome","Cytoplasm/Cytosol"
"758","P28070","ciliary basal body","cytoplasm","cytosol","Cilia/Centrosome/Neuron"
"759","P16930","cytosol","extracellular exosome",NA,"Cytoplasm/Cytosol"
"760","Q07507","extracellular matrix","extracellular space",NA,"Extracellular/Secreted"
"761","P61769","cytosol","early endosome lumen","early endosome membrane","Cytoplasm/Cytosol"
"762","O75339","extracellular exosome","extracellular matrix","extracellular space","Extracellular/Secreted"
"763","P05556","cell surface","cerebellar climbing fiber to Purkinje cell synapse","cleavage furrow","Membrane/Cell Surface"
"764","Q2TBA0","A band","Cul3-RING ubiquitin ligase complex","cytoplasm","Sarcoplasmic/Myofibrillar"
"765","O95445","discoidal high-density lipoprotein particle","extracellular region","high-density lipoprotein particle","Extracellular/Secreted"
"766","O75155","cytosol","nucleus",NA,"Cytoplasm/Cytosol"
"767","Q15907","cytosol","extracellular exosome","Golgi apparatus","Cytoplasm/Cytosol"
"768","P62140","cytoplasm","cytosol","extracellular exosome","Cytoplasm/Cytosol"
"769","P52758","cytoplasm","cytosol","extracellular exosome","Cytoplasm/Cytosol"
"770","P07741","cytoplasm","cytosol","extracellular exosome","Cytoplasm/Cytosol"
"771","P35555","basement membrane","endoplasmic reticulum lumen","extracellular matrix","Extracellular/Secreted"
"772","P43652","blood microparticle","extracellular exosome","extracellular region","Blood Microparticle"
"773","P11586","cytosol","extracellular exosome","membrane","Cytoplasm/Cytosol"
"774","Q9Y6M9","mitochondrial inner membrane","mitochondrion","respiratory chain complex I","Mitochondria"
"775","P34932","cytosol","extracellular exosome","nucleus","Cytoplasm/Cytosol"
"776","P43121","external side of plasma membrane","extracellular region","extracellular space","Membrane/Cell Surface"
"777","P00739","blood microparticle","extracellular exosome","extracellular region","Blood Microparticle"
"778","P54922","extracellular space",NA,NA,"Extracellular/Secreted"
"779","P35241","adherens junction","apical part of cell","apical plasma membrane","Cell Junction/Adhesion"
"780","P29218","cytoplasm","cytosol",NA,"Cytoplasm/Cytosol"
"781","Q9UBQ5","cytosol","eukaryotic 43S preinitiation complex","eukaryotic 48S preinitiation complex","Cytoplasm/Cytosol"
"782","P18428","cell surface","extracellular exosome","extracellular region","Membrane/Cell Surface"
"783","P28074","centrosome","cytoplasm","cytosol","Cilia/Centrosome/Neuron"
"784","O95210","endoplasmic reticulum","endoplasmic reticulum membrane","ficolin-1-rich granule membrane","ER/Golgi/Vesicle"
"785","P12110","collagen type VI trimer","endoplasmic reticulum lumen","extracellular exosome","Extracellular/Secreted"
"786","Q7RTS7","cytoplasm","cytosol","extracellular exosome","Cytoplasm/Cytosol"
"787","O60936","cytoplasm","cytosol","membrane","Cytoplasm/Cytosol"
"788","A2NJV5","extracellular region","immunoglobulin complex","plasma membrane","Extracellular/Secreted"
"789","Q9Y2Q3","cytosol","extracellular exosome","membrane","Cytoplasm/Cytosol"
"790","P60866","cytoplasm","cytosol","cytosolic ribosome","Cytoplasm/Cytosol"
"791","P01602","blood microparticle","extracellular exosome","extracellular region","Blood Microparticle"
"792","Q7Z5R6","cytoskeleton","cytosol","focal adhesion","Cytoskeleton/Contractile"
"793","O43813","cytoplasm","plasma membrane",NA,"Cytoplasm/Cytosol"
"794","P00395","mitochondrial inner membrane","mitochondrial membrane","mitochondrion","Mitochondria"
"795","Q9UKX3","cytoplasm","extracellular exosome","muscle myosin complex","Cytoplasm/Cytosol"
"796","P46783","cytoplasm","cytosol","cytosolic ribosome","Cytoplasm/Cytosol"
"797","P52895","cytosol",NA,NA,"Cytoplasm/Cytosol"
"798","Q9NSD9","cytoplasm","cytosol","membrane","Cytoplasm/Cytosol"
"799","Q05469","caveola","cytosol","lipid droplet","Membrane/Cell Surface"
"800","P17931","cell surface","cytoplasm","cytosol","Membrane/Cell Surface"
"801","P35542","extracellular exosome","extracellular region","high-density lipoprotein particle","Extracellular/Secreted"
"802","Q15149","axon","brush border","costamere","Cilia/Centrosome/Neuron"
"803","Q9Y6C9","membrane","mitochondrial outer membrane","mitochondrion","Membrane/Cell Surface"
"804","Q9HC38","extracellular exosome","mitochondrion",NA,"Extracellular/Secreted"
"805","Q9Y6B6","COPII vesicle coat","cytosol","endoplasmic reticulum exit site","ER/Golgi/Vesicle"
"806","P01031","extracellular exosome","extracellular region","extracellular space","Extracellular/Secreted"
"807","P27797","acrosomal vesicle","cell surface","cortical granule","Granule/Lysosome/Vesicle"
"808","Q9Y512","extracellular exosome","membrane","MIB complex","Extracellular/Secreted"
"809","P46926","cytoplasm","cytosol","extracellular exosome","Cytoplasm/Cytosol"
"810","Q562R1","actin cytoskeleton","actin filament","axon","Cytoskeleton/Contractile"
"811","P46781","cytoplasm","cytosol","cytosolic ribosome","Cytoplasm/Cytosol"
"812","P17152","mitochondrial inner membrane","mitochondrion","plasma membrane","Mitochondria"
"813","Q9H2S6","cytoplasm","membrane","nuclear envelope","Cytoplasm/Cytosol"
"814","Q15181","cytoplasm","cytosol","extracellular exosome","Cytoplasm/Cytosol"
"815","P04211","extracellular region","immunoglobulin complex","plasma membrane","Extracellular/Secreted"
"816","O75608","cytoplasm","cytosol","endoplasmic reticulum","Cytoplasm/Cytosol"
"817","P00167","cytosol","endoplasmic reticulum membrane","membrane","Cytoplasm/Cytosol"
"818","P04259","cytosol","extracellular exosome","keratin filament","Cytoplasm/Cytosol"
"819","P45974","cytoplasm","cytoplasmic stress granule","cytosol","Cytoplasm/Cytosol"
"820","Q9NR12","actin cytoskeleton","adherens junction","cytosol","Cytoskeleton/Contractile"
"821","A0A0C4DH43","extracellular region","immunoglobulin complex","plasma membrane","Extracellular/Secreted"
"822","Q9H0W9","cytoplasm","extracellular exosome","nuclear body","Cytoplasm/Cytosol"
"823","P62244","cytoplasm","cytosol","cytosolic ribosome","Cytoplasm/Cytosol"
"824","P63000","cell cortex","cell projection","cytoplasm","Membrane/Cell Surface"
"825","Q9NTM9","cytoplasm","cytosol","nucleolus","Cytoplasm/Cytosol"
"826","Q9BRA2","cytosol","extracellular exosome",NA,"Cytoplasm/Cytosol"
"827","Q9NPC6","actin cytoskeleton","sarcomere","Z disc","Cytoskeleton/Contractile"
"828","Q6DD88","endoplasmic reticulum","endoplasmic reticulum membrane","endoplasmic reticulum tubular network","ER/Golgi/Vesicle"
"829","P08865","cytoplasm","cytosol","cytosolic ribosome","Cytoplasm/Cytosol"
"830","P62136","adherens junction","centriole","cytoplasm","Cell Junction/Adhesion"
"831","P02746","blood microparticle","cell surface","collagen trimer","Blood Microparticle"
"832","Q702N8","adherens junction","desmosome",NA,"Cell Junction/Adhesion"
"833","Q9Y2S6","",NA,NA,"Unknown"
"834","P21810","cell surface","extracellular exosome","extracellular matrix","Membrane/Cell Surface"
"835","Q9BUF5","cytoplasm","extracellular exosome","intercellular bridge","Cytoplasm/Cytosol"
"836","O95563","inner mitochondrial membrane protein complex","mitochondrial inner membrane","mitochondrial pyruvate carrier complex","Mitochondria"
"837","P50991","cell body","centrosome","chaperonin-containing T-complex","Other"
"838","P60201","myelin sheath","plasma membrane","synapse","Other"
"839","P28072","cytoplasm","cytosol","extracellular exosome","Cytoplasm/Cytosol"
"840","Q93034","Cul5-RING ubiquitin ligase complex","cytoplasm","cytosol","Protein Complex"
"841","Q9Y3A5","acrosomal vesicle","cytoplasm","cytosol","Granule/Lysosome/Vesicle"
"842","P62750","cytoplasm","cytosol","cytosolic large ribosomal subunit","Cytoplasm/Cytosol"
"843","O95817","aggresome","ciliary basal body","cytoplasm","Granule/Lysosome/Vesicle"
"844","P51858","cytoplasm","extracellular region","extracellular space","Cytoplasm/Cytosol"
"845","P05026","apical plasma membrane","basolateral plasma membrane","caveola","Membrane/Cell Surface"
"846","P19338","cell cortex","chromosome","cornified envelope","Membrane/Cell Surface"
"847","Q9NZA1","actin cytoskeleton","apical plasma membrane","cell cortex","Cytoskeleton/Contractile"
"848","P02776","cytoplasm","extracellular matrix","extracellular region","Cytoplasm/Cytosol"
"849","Q06323","cytoplasm","cytosol","extracellular exosome","Cytoplasm/Cytosol"
"850","P61247","cytoplasm","cytosol","cytosolic ribosome","Cytoplasm/Cytosol"
"851","P50990","azurophil granule lumen","cell body","centrosome","Granule/Lysosome/Vesicle"
"852","Q04637","cytoplasm","cytoplasmic stress granule","cytosol","Cytoplasm/Cytosol"
"853","Q9P0L0","azurophil granule membrane","bicellular tight junction","cytosol","Membrane/Cell Surface"
"854","A0A0C4DH25","extracellular region","immunoglobulin complex","plasma membrane","Extracellular/Secreted"
"855","P23434","glycine cleavage complex","mitochondrial matrix","mitochondrion","Protein Complex"
"856","P11171","basolateral plasma membrane","cell cortex","cell junction","Membrane/Cell Surface"
"857","P15531","cytoplasm","cytosol","early endosome","Cytoplasm/Cytosol"
"858","P21926","apical plasma membrane","clathrin-coated endocytic vesicle membrane","endocytic vesicle membrane","Membrane/Cell Surface"
"859","P52564","cytoplasm","cytoskeleton","cytosol","Cytoplasm/Cytosol"
"860","P48643","cell body","centrosome","chaperonin-containing T-complex","Other"
"861","P31150","axon","cytoplasm","cytosol","Cilia/Centrosome/Neuron"
"862","Q8IW45","mitochondrial matrix","mitochondrion",NA,"Mitochondria"
"863","Q13425","centriolar satellite","ciliary basal body","ciliary transition zone","Other"
"864","Q9BYC9","mitochondrial inner membrane","mitochondrial large ribosomal subunit","mitochondrial ribosome","Mitochondria"
"865","Q9Y2Z9","cell projection","extrinsic component of mitochondrial inner membrane","Golgi apparatus","Other"
"866","P25398","cytoplasm","cytosol","cytosolic ribosome","Cytoplasm/Cytosol"
"867","A6NNS2","longitudinal sarcoplasmic reticulum","sarcoplasmic reticulum membrane",NA,"Sarcoplasmic/Myofibrillar"
"868","P30085","cytoplasm","cytosol","extracellular exosome","Cytoplasm/Cytosol"
"869","Q15404","cytosol","extracellular exosome","focal adhesion","Cytoplasm/Cytosol"
"870","P62906","cytoplasm","cytosol","cytosolic large ribosomal subunit","Cytoplasm/Cytosol"
"871","A0A0C4DH36","extracellular region","immunoglobulin complex","plasma membrane","Extracellular/Secreted"
"872","P17655","calpain complex","chromatin","cortical actin cytoskeleton","Protein Complex"
"873","P68402","1-alkyl-2-acetylglycerophosphocholine esterase complex","cytoplasm","cytosol","Protein Complex"
"874","P67809","CRD-mediated mRNA stability complex","cytoplasm","cytoplasmic stress granule","Protein Complex"
"875","P51572","clathrin-coated vesicle","cytosol","endoplasmic reticulum","ER/Golgi/Vesicle"
"876","Q99832","cell body","chaperonin-containing T-complex","cytoplasm","Other"
"877","Q15631","cytoplasm","cytosol","endoplasmic reticulum","Cytoplasm/Cytosol"
"878","P49720","cytoplasm","cytosol","extracellular exosome","Cytoplasm/Cytosol"
"879","P80748","blood microparticle","extracellular exosome","extracellular region","Blood Microparticle"
"880","P27169","blood microparticle","endoplasmic reticulum membrane","extracellular exosome","Blood Microparticle"
"881","P47756","actin cytoskeleton","brush border","cortical cytoskeleton","Cytoskeleton/Contractile"
"882","O00244","cytosol",NA,NA,"Cytoplasm/Cytosol"
"883","P00492","cytoplasm","cytosol","extracellular exosome","Cytoplasm/Cytosol"
"884","Q9H1R3","cytoplasm","nucleus","sarcomere","Cytoplasm/Cytosol"
"885","Q08431","acrosomal membrane","endoplasmic reticulum lumen","external side of plasma membrane","Membrane/Cell Surface"
"886","O95139","mitochondrial inner membrane","mitochondrial membrane","mitochondrion","Mitochondria"
"887","Q16181","axoneme","cell division site","cleavage furrow","Cilia/Centrosome/Neuron"
"888","P06748","centrosome","cytoplasm","cytosol","Cilia/Centrosome/Neuron"
"889","O43175","cytosol","extracellular exosome",NA,"Cytoplasm/Cytosol"
"890","Q13867","cytoplasm","cytosol","extracellular exosome","Cytoplasm/Cytosol"
"891","O95183","cell surface","cytoplasmic vesicle membrane","extracellular exosome","Membrane/Cell Surface"
"892","Q9UMS6","actin cytoskeleton","cytosol","focal adhesion","Cytoskeleton/Contractile"
"893","P61956","GABA-ergic synapse","glutamatergic synapse","hippocampal mossy fiber to CA3 synapse","Cilia/Centrosome/Neuron"
"894","Q9H223","adherens junction","cytoplasm","early endosome","Cell Junction/Adhesion"
"895","Q14697","endoplasmic reticulum","endoplasmic reticulum lumen","extracellular exosome","ER/Golgi/Vesicle"
"896","A0A075B6I0","extracellular region","immunoglobulin complex","plasma membrane","Extracellular/Secreted"
"897","P62879","cytoplasm","cytosol","extracellular exosome","Cytoplasm/Cytosol"
"898","Q9Y305","mitochondrial inner membrane","mitochondrial matrix","mitochondrion","Mitochondria"
"899","O14957","mitochondrial inner membrane","mitochondrion","respiratory chain complex III","Mitochondria"
"900","O43399","cytoplasm","perinuclear region of cytoplasm",NA,"Cytoplasm/Cytosol"
"901","Q96AD5","cytoplasm","cytosol","endoplasmic reticulum lumen","Cytoplasm/Cytosol"
"902","P05388","cytoplasm","cytoplasmic ribonucleoprotein granule","cytosol","Cytoplasm/Cytosol"
"903","Q05707","collagen trimer","collagen type XIV trimer","endoplasmic reticulum lumen","Extracellular/Secreted"
"904","P15374","cytoplasm","cytosol","Golgi apparatus","Cytoplasm/Cytosol"
"905","P45954","mitochondrial matrix","mitochondrion",NA,"Mitochondria"
"906","P46782","cytoplasm","cytosol","cytosolic ribosome","Cytoplasm/Cytosol"
"907","P02751","apical plasma membrane","basement membrane","blood microparticle","Membrane/Cell Surface"
"908","Q14204","axon cytoplasm","azurophil granule lumen","cell cortex","Cytoplasm/Cytosol"
"909","Q14103","chromatin","cytosol","glutamatergic synapse","Nucleus/Chromatin"
"910","Q9Y6H1","mitochondrial intermembrane space","mitochondrion","nucleus","Mitochondria"
"911","P13611","endoplasmic reticulum lumen","extracellular matrix","extracellular region","ER/Golgi/Vesicle"
"912","Q9UKZ9","extracellular region",NA,NA,"Extracellular/Secreted"
"913","Q12988","cytoplasm","nuclear speck","nucleus","Cytoplasm/Cytosol"
"914","P51648","cytoplasm","cytosol","endoplasmic reticulum membrane","Cytoplasm/Cytosol"
"915","Q86VP6","cullin-RING ubiquitin ligase complex","cytoplasm","cytosol","Protein Complex"
"916","P55268","basement membrane","endoplasmic reticulum lumen","extracellular exosome","Extracellular/Secreted"
"917","O43920","mitochondrial inner membrane","mitochondrial intermembrane space","mitochondrion","Mitochondria"
"918","Q15555","cytoplasm","cytoplasmic microtubule","focal adhesion","Cytoplasm/Cytosol"
"919","Q9UFN0","cytosol","mitochondrion","nucleus","Cytoplasm/Cytosol"
"920","Q13698","cytoplasm","I band","L-type voltage-gated calcium channel complex","Cytoplasm/Cytosol"
"921","Q99714","cytoplasm","mitochondrial matrix","mitochondrial nucleoid","Cytoplasm/Cytosol"
"922","Q99715","collagen type XII trimer","endoplasmic reticulum lumen","extracellular exosome","Extracellular/Secreted"
"923","E9PAV3","cytoplasm","nascent polypeptide-associated complex","nucleus","Cytoplasm/Cytosol"
"924","O95298","azurophil granule membrane","cytoplasm","mitochondrial inner membrane","Membrane/Cell Surface"
"925","P30405","cytoplasm","membrane","mitochondrial matrix","Cytoplasm/Cytosol"
"926","Q15435","chromosome","cytoplasm","extracellular exosome","Nucleus/Chromatin"
"927","Q13526","ciliary basal body","cytoplasm","cytosol","Cilia/Centrosome/Neuron"
"928","P55290","adherens junction","catenin complex","caveola","Cell Junction/Adhesion"
"929","Q13418","actin cytoskeleton","cell cortex","centrosome","Cytoskeleton/Contractile"
"930","O14653","cytosol","endoplasmic reticulum membrane","endoplasmic reticulum-Golgi intermediate compartment membrane","Cytoplasm/Cytosol"
"931","P20810","cytoplasm","cytosol","endoplasmic reticulum","Cytoplasm/Cytosol"
"932","O43776","cytoplasm","cytosol","extracellular exosome","Cytoplasm/Cytosol"
"933","P27348","cytoplasm","cytosol","extracellular exosome","Cytoplasm/Cytosol"
"934","P10636","axolemma","axon","axon cytoplasm","Cilia/Centrosome/Neuron"
"935","Q96L96","nucleus",NA,NA,"Nucleus/Chromatin"
"936","Q9BS26","cell surface","endoplasmic reticulum lumen","endoplasmic reticulum membrane","Membrane/Cell Surface"
"937","A0A0B4J1U7","extracellular region","immunoglobulin complex","plasma membrane","Extracellular/Secreted"
"938","Q9NX14","acrosomal vesicle","mitochondrial inner membrane","mitochondrion","Granule/Lysosome/Vesicle"
"939","Q9UQ80","azurophil granule lumen","cytoplasm","extracellular exosome","Granule/Lysosome/Vesicle"
"940","P46940","actin filament","apical plasma membrane","axon","Cytoskeleton/Contractile"
"941","O00629","cytoplasm","cytosol","male germ cell nucleus","Cytoplasm/Cytosol"
"942","P07858","apical plasma membrane","endolysosome lumen","external side of plasma membrane","Membrane/Cell Surface"
"943","P51812","cytoplasm","cytosol","nucleolus","Cytoplasm/Cytosol"
"944","Q99757","mitochondrial matrix","mitochondrion","nucleolus","Mitochondria"
"945","P25325","extracellular exosome","mitochondrial matrix","mitochondrion","Extracellular/Secreted"
"946","Q13510","extracellular exosome","extracellular region","extracellular space","Extracellular/Secreted"
"947","O75822","cytosol","eukaryotic 43S preinitiation complex","eukaryotic 48S preinitiation complex","Cytoplasm/Cytosol"
"948","P03886","dendrite","mitochondrial inner membrane","mitochondrial membrane","Cilia/Centrosome/Neuron"
"949","O75891","cytosol","extracellular exosome","mitochondrion","Cytoplasm/Cytosol"
"950","P08185","extracellular exosome","extracellular region","extracellular space","Extracellular/Secreted"
"951","P51553","isocitrate dehydrogenase complex (NAD+)","mitochondrial matrix","mitochondrion","Protein Complex"
"952","O43852","endoplasmic reticulum","endoplasmic reticulum lumen","endoplasmic reticulum membrane","ER/Golgi/Vesicle"
"953","O00159","actin cytoskeleton","B-WICH complex","basal plasma membrane","Cytoskeleton/Contractile"
"954","Q9NZQ9","cytoskeleton","myofibril","striated muscle thin filament","Cytoskeleton/Contractile"
"955","Q9Y6E2","cytoplasm","membrane",NA,"Cytoplasm/Cytosol"
"956","O95747","cytoplasm","cytosol","extracellular exosome","Cytoplasm/Cytosol"
"957","O14773","extracellular exosome","Golgi apparatus","lysosomal lumen","Extracellular/Secreted"
"958","P09871","blood microparticle","cell surface","complement component C1 complex","Blood Microparticle"
"959","Q96MG2","sarcoplasmic reticulum","sarcoplasmic reticulum membrane",NA,"Sarcoplasmic/Myofibrillar"
"960","Q16816","cytoplasm","cytosol","phosphorylase kinase complex","Cytoplasm/Cytosol"
"961","P14406","mitochondrial inner membrane","mitochondrial membrane","mitochondrion","Mitochondria"
"962","P03915","mitochondrial inner membrane","mitochondrion","respiratory chain complex I","Mitochondria"
"963","Q8WW12","nuclear body","nucleoplasm","nucleus","Other"
"964","P28482","azurophil granule lumen","caveola","centrosome","Granule/Lysosome/Vesicle"
"965","P35270","cytosol","extracellular exosome","mitochondrion","Cytoplasm/Cytosol"
"966","O94826","extracellular exosome","membrane","mitochondrial membrane","Extracellular/Secreted"
"967","Q08623","cytosol",NA,NA,"Cytoplasm/Cytosol"
"968","P23142","basement membrane","elastic fiber","extracellular exosome","Extracellular/Secreted"
"969","O15173","endomembrane system","endoplasmic reticulum","extracellular region","Membrane/Cell Surface"
"970","P53004","cell surface","cytosol","extracellular exosome","Membrane/Cell Surface"
"971","O00299","blood microparticle","brush border","chloride channel complex","Blood Microparticle"
"972","O43294","cytoskeleton","cytosol","extracellular matrix","Cytoskeleton/Contractile"
"973","Q9UI09","mitochondrial inner membrane","mitochondrion","respiratory chain complex I","Mitochondria"
"974","Q8WTS6","chromosome","nucleolus","nucleoplasm","Nucleus/Chromatin"
"975","Q15124","adherens junction","cell-substrate junction","costamere","Cell Junction/Adhesion"
"976","P47755","actin cytoskeleton","brush border","cortical cytoskeleton","Cytoskeleton/Contractile"
"977","Q99807","chromosome","extrinsic component of mitochondrial inner membrane","mitochondrial inner membrane","Nucleus/Chromatin"
"978","P55010","cytoplasm","cytosol","plasma membrane","Cytoplasm/Cytosol"
"979","O76070","axon terminus","centrosome","cytoplasm","Cilia/Centrosome/Neuron"
"980","P14866","chromatin","cytoplasm","extracellular exosome","Nucleus/Chromatin"
"981","Q9BW30","cytoplasm","microtubule",NA,"Cytoplasm/Cytosol"
"982","P48556","cytosol","nucleoplasm","nucleus","Cytoplasm/Cytosol"
"983","O43708","cytosol","mitochondrial matrix","mitochondrion","Cytoplasm/Cytosol"
"984","Q7Z406","actomyosin","brush border","cytoplasm","Cytoskeleton/Contractile"
"985","Q01082","axolemma","cell junction","cell projection","Cilia/Centrosome/Neuron"
"986","P21397","cytosol","mitochondrial outer membrane","mitochondrion","Cytoplasm/Cytosol"
"987","P10301","extracellular exosome","focal adhesion","plasma membrane","Extracellular/Secreted"
"988","P01700","blood microparticle","extracellular region","immunoglobulin complex","Blood Microparticle"
"989","P30740","cytolytic granule","cytoplasmic ribonucleoprotein granule","early endosome","Granule/Lysosome/Vesicle"
"990","O60701","cytosol","extracellular exosome","nucleoplasm","Cytoplasm/Cytosol"
"991","P14868","aminoacyl-tRNA synthetase multienzyme complex","cytoplasm","cytosol","Protein Complex"
"992","P61019","acrosomal vesicle","autophagosome membrane","cytosol","Granule/Lysosome/Vesicle"
"993","P63151","cytosol","glutamatergic synapse","nucleoplasm","Cytoplasm/Cytosol"
"994","Q9NR28","CD40 receptor complex","centriole","cytoplasmic side of plasma membrane","Protein Complex"
"995","Q9NZJ6","extrinsic component of mitochondrial inner membrane","mitochondrial inner membrane","mitochondrial matrix","Mitochondria"
"996","Q96FV2","extracellular exosome",NA,NA,"Extracellular/Secreted"
"997","Q8IWX7","A band","cytoplasm","cytosol","Sarcoplasmic/Myofibrillar"
"998","P61163","cell cortex","centrosome","cytoplasm","Membrane/Cell Surface"
"999","P61925","cytoplasm","nucleus",NA,"Cytoplasm/Cytosol"
"1000","Q14914","cytoplasm","extracellular exosome",NA,"Cytoplasm/Cytosol"
"1001","Q9Y3F4","cytoplasm","cytosol","nucleus","Cytoplasm/Cytosol"
"1002","P30837","cytosol","mitochondrial matrix","mitochondrion","Cytoplasm/Cytosol"
"1003","P11940","catalytic step 2 spliceosome","cell leading edge","cytoplasm","Protein Complex"
"1004","P48506","cytosol","glutamate-cysteine ligase complex","mitochondrion","Cytoplasm/Cytosol"
"1005","Q9UM22","extracellular region","lysosomal lumen","lysosome","Extracellular/Secreted"
"1006","P15880","cytoplasm","cytosol","cytosolic ribosome","Cytoplasm/Cytosol"
"1007","Q96KP4","cytosol","extracellular exosome","nucleoplasm","Cytoplasm/Cytosol"
"1008","Q5VST9","cytosol","M band","myofibril","Cytoplasm/Cytosol"
"1009","P08697","blood microparticle","cell surface","extracellular exosome","Blood Microparticle"
"1010","Q99627","COP9 signalosome","cytoplasm","cytosol","Protein Complex"
"1011","P02747","blood microparticle","cell surface","collagen trimer","Blood Microparticle"
"1012","P62753","cell body","cytoplasm","cytoplasmic ribonucleoprotein granule","Other"
"1013","P13671","extracellular exosome","extracellular region","extracellular space","Extracellular/Secreted"
"1014","P62269","cytoplasm","cytosol","cytosolic ribosome","Cytoplasm/Cytosol"
"1015","O60493","clathrin-coated vesicle","cytoplasm","cytosol","ER/Golgi/Vesicle"
"1016","Q8N1G4","",NA,NA,"Unknown"
"1017","Q92629","cytoskeleton","dystrophin-associated glycoprotein complex","endoplasmic reticulum membrane","Cytoskeleton/Contractile"
"1018","Q15063","extracellular matrix","extracellular space","neuromuscular junction","Extracellular/Secreted"
"1019","O75832","ciliary tip","cilium","cytoplasm","Cilia/Centrosome/Neuron"
"1020","P17980","cytosol","extracellular region","ficolin-1-rich granule lumen","Cytoplasm/Cytosol"
"1021","O95169","mitochondrial inner membrane","mitochondrial matrix","mitochondrion","Mitochondria"
"1022","Q9BSE5","mitochondrion",NA,NA,"Mitochondria"
"1023","Q15848","cell surface","collagen trimer","endoplasmic reticulum","Membrane/Cell Surface"
"1024","P35998","cytoplasm","cytoplasmic ribonucleoprotein granule","cytosol","Cytoplasm/Cytosol"
"1025","Q16543","cytoplasm","cytosol","extracellular exosome","Cytoplasm/Cytosol"
"1026","O14737","cytoplasm","cytosol","extracellular exosome","Cytoplasm/Cytosol"
"1027","Q99436","cilium","cytoplasm","cytosol","Cilia/Centrosome/Neuron"
"1028","P02750","extracellular exosome","extracellular region","extracellular space","Extracellular/Secreted"
"1029","P19971","cytosol",NA,NA,"Cytoplasm/Cytosol"
"1030","Q96FW1","cytosol","extracellular exosome","nucleoplasm","Cytoplasm/Cytosol"
"1031","P62993","cell cortex","cell-cell junction","centrosome","Membrane/Cell Surface"
"1032","P04440","cell surface","clathrin-coated endocytic vesicle membrane","endocytic vesicle membrane","Membrane/Cell Surface"
"1033","Q16762","extracellular space","mitochondrial matrix","mitochondrion","Extracellular/Secreted"
"1034","P04843","cytosol","endoplasmic reticulum","endoplasmic reticulum membrane","Cytoplasm/Cytosol"
"1035","Q9Y4W6","m-AAA complex","mitochondrial inner membrane","mitochondrion","Mitochondria"
"1036","Q5VYK3","centrosome","COPII-coated ER to Golgi transport vesicle","cytoplasm","Cilia/Centrosome/Neuron"
"1037","Q14847","cortical actin cytoskeleton","cytoplasm","focal adhesion","Cytoskeleton/Contractile"
"1038","P11532","cell surface","cell-substrate junction","costamere","Membrane/Cell Surface"
"1039","O00767","endoplasmic reticulum","endoplasmic reticulum membrane","membrane","ER/Golgi/Vesicle"
"1040","P03891","mitochondrial inner membrane","mitochondrion","respiratory chain complex I","Mitochondria"
"1041","Q9ULC4","cytoplasm",NA,NA,"Cytoplasm/Cytosol"
"1042","Q6PH85","cytoplasm","nucleus","ubiquitin ligase complex","Cytoplasm/Cytosol"
"1043","P31943","catalytic step 2 spliceosome","cytosol","membrane","Protein Complex"
"1044","O43598","cytoplasm","cytosol","extracellular exosome","Cytoplasm/Cytosol"
"1045","P62857","cytoplasm","cytoplasmic side of rough endoplasmic reticulum membrane","cytosol","Cytoplasm/Cytosol"
"1046","P81605","extracellular exosome","extracellular region","extracellular space","Extracellular/Secreted"
"1047","Q8TDC0","actin cytoskeleton","Z disc",NA,"Cytoskeleton/Contractile"
"1048","P00966","cell body fiber","cytoplasm","cytosol","Other"
"1049","Q06278","cytosol","extracellular exosome","intercellular bridge","Cytoplasm/Cytosol"
"1050","Q04446","cytoplasm","cytosol","extracellular exosome","Cytoplasm/Cytosol"
"1051","P29972","ankyrin-1 complex","apical part of cell","apical plasma membrane","Sarcoplasmic/Myofibrillar"
"1052","P03952","extracellular exosome","extracellular region","extracellular space","Extracellular/Secreted"
"1053","Q9H9P8","membrane","mitochondrial inner membrane","mitochondrion","Membrane/Cell Surface"
"1054","P41567","cytoplasm","eukaryotic 43S preinitiation complex","eukaryotic 48S preinitiation complex","Cytoplasm/Cytosol"
"1055","Q15370","Cul2-RING ubiquitin ligase complex","Cul5-RING ubiquitin ligase complex","cytosol","Protein Complex"
"1056","P16298","calcineurin complex","cytoplasm","cytosol","Protein Complex"
"1057","O00505","cytosol","host cell","NLS-dependent protein nuclear import complex","Cytoplasm/Cytosol"
"1058","P07205","cytosol","extracellular exosome","nucleus","Cytoplasm/Cytosol"
"1059","Q13630","cytosol","extracellular exosome",NA,"Cytoplasm/Cytosol"
"1060","P16989","bicellular tight junction","cytoplasm","cytosol","Cell Junction/Adhesion"
"1061","Q15084","centriolar satellite","ciliary basal body","cilium","Other"
"1062","Q9HDC9","cell surface","membrane",NA,"Membrane/Cell Surface"
"1063","Q07020","cytoplasm","cytosol","cytosolic large ribosomal subunit","Cytoplasm/Cytosol"
"1064","A0A075B6K4","extracellular region","immunoglobulin complex","plasma membrane","Extracellular/Secreted"
"1065","P04216","apical plasma membrane","axolemma","cell surface","Membrane/Cell Surface"
"1066","Q6NUM9","endoplasmic reticulum membrane","membrane","nuclear membrane","Membrane/Cell Surface"
"1067","Q15121","cytosol","microtubule associated complex","nucleoplasm","Cytoplasm/Cytosol"
"1068","Q9Y5L4","fibrillar center","mitochondrial inner membrane","mitochondrial intermembrane space","Nucleus/Chromatin"
"1069","Q9NQR4","centrosome","cytosol","extracellular exosome","Cilia/Centrosome/Neuron"
"1070","Q6IAN0","endoplasmic reticulum membrane","membrane","peroxisomal membrane","Membrane/Cell Surface"
"1071","P0C0L4","axon","blood microparticle","cell surface","Cilia/Centrosome/Neuron"
"1072","P35580","actomyosin","brush border","cell cortex","Cytoskeleton/Contractile"
"1073","O95336","cytosol","extracellular exosome",NA,"Cytoplasm/Cytosol"
"1074","O00487","cytosol","cytosolic proteasome complex","extracellular region","Cytoplasm/Cytosol"
"1075","A0A0C4DH31","extracellular region","immunoglobulin complex","plasma membrane","Extracellular/Secreted"
"1076","Q96MF6","mitochondrial inner membrane","mitochondrion",NA,"Mitochondria"
"1077","Q15642","cell cortex","cytoplasm","cytoskeleton","Membrane/Cell Surface"
"1078","Q12765","cytoplasm","nuclear membrane","nucleus","Cytoplasm/Cytosol"
"1079","Q9BXI3","cytoplasm","cytosol",NA,"Cytoplasm/Cytosol"
"1080","Q15366","cytoplasm","cytosol","extracellular exosome","Cytoplasm/Cytosol"
"1081","Q14011","cytoplasm","cytoplasmic stress granule","nucleoplasm","Cytoplasm/Cytosol"
"1082","P42025","centrosome","cytoplasm","cytosol","Cilia/Centrosome/Neuron"
"1083","Q969V3","endoplasmic reticulum membrane","membrane","multi-pass translocon complex","Membrane/Cell Surface"
"1084","A0A0C4DH72","extracellular region","immunoglobulin complex","plasma membrane","Extracellular/Secreted"
"1085","A0A0C4DH38","extracellular region","immunoglobulin complex","plasma membrane","Extracellular/Secreted"
"1086","O43866","blood microparticle","cell surface","cytoplasm","Blood Microparticle"
"1087","Q02221","mitochondrial inner membrane","mitochondrion","respiratory chain complex IV","Mitochondria"
"1088","P67936","actin filament","cortical cytoskeleton","cytoskeleton","Cytoskeleton/Contractile"
"1089","O00217","mitochondrial inner membrane","mitochondrial matrix","mitochondrion","Mitochondria"
"1090","Q9NVS9","cytosol","mitochondrion",NA,"Cytoplasm/Cytosol"
"1091","Q9BXK5","membrane","mitochondrial membrane","mitochondrion","Membrane/Cell Surface"
"1092","Q13310","cytoplasm","cytoplasmic stress granule","cytosol","Cytoplasm/Cytosol"
"1093","P46019","cytosol","phosphorylase kinase complex","plasma membrane","Cytoplasm/Cytosol"
"1094","P12429","cytoplasm","extracellular exosome","membrane","Cytoplasm/Cytosol"
"1095","Q8WW22","cytoplasm","cytosol","membrane","Cytoplasm/Cytosol"
"1096","P05165","catalytic complex","cytosol","mitochondrial matrix","Protein Complex"
"1097","Q01105","chromatin","cytoplasm","cytosol","Nucleus/Chromatin"
"1098","Q93100","cytosol","phosphorylase kinase complex","plasma membrane","Cytoplasm/Cytosol"
"1099","Q9BT78","cell junction","COP9 signalosome","cytoplasm","Cell Junction/Adhesion"
"1100","P48637","cytosol","extracellular exosome",NA,"Cytoplasm/Cytosol"
"1101","Q96C23","cytosol","extracellular exosome",NA,"Cytoplasm/Cytosol"
"1102","Q71U36","axonemal microtubule","cilium","condensed chromosome","Cytoskeleton/Contractile"
"1103","P62081","centrosome","cytoplasm","cytosol","Cilia/Centrosome/Neuron"
"1104","P07357","blood microparticle","extracellular exosome","extracellular region","Blood Microparticle"
"1105","Q9BVK6","COPII-coated ER to Golgi transport vesicle","endoplasmic reticulum","endoplasmic reticulum membrane","ER/Golgi/Vesicle"
"1106","O15145","actin cytoskeleton","Arp2/3 protein complex","cytosol","Cytoskeleton/Contractile"
"1107","P62701","cytoplasmic ribonucleoprotein granule","cytosol","cytosolic ribosome","Cytoplasm/Cytosol"
"1108","Q9NUQ9","cilium","extracellular exosome","extracellular region","Cilia/Centrosome/Neuron"
"1109","O00764","cytosol","extracellular exosome","extracellular region","Cytoplasm/Cytosol"
"1110","Q13424","anchoring junction","cytoskeleton","dystrophin-associated glycoprotein complex","Cell Junction/Adhesion"
"1111","Q02952","cell cortex","cytoplasm","cytoskeleton","Membrane/Cell Surface"
"1112","P29622","extracellular exosome","extracellular region","extracellular space","Extracellular/Secreted"
"1113","P07942","basement membrane","endoplasmic reticulum lumen","extracellular exosome","Extracellular/Secreted"
"1114","Q7L5N1","COP9 signalosome","cytoplasm","cytosol","Protein Complex"
"1115","P08572","collagen type IV trimer","endoplasmic reticulum lumen","extracellular exosome","Extracellular/Secreted"
"1116","O95292","cytoplasm","endoplasmic reticulum","endoplasmic reticulum membrane","Cytoplasm/Cytosol"
"1117","Q96KN2","cytosol","extracellular region",NA,"Cytoplasm/Cytosol"
"1118","Q16595","cytosol","iron-sulfur cluster assembly complex","mitochondrial [2Fe-2S] assembly complex","Cytoplasm/Cytosol"
"1119","P62847","cytoplasm","cytosol","cytosolic ribosome","Cytoplasm/Cytosol"
"1120","Q13509","axon","cell periphery","cytoplasm","Cilia/Centrosome/Neuron"
"1121","A0A0J9YXX1","extracellular region","immunoglobulin complex","plasma membrane","Extracellular/Secreted"
"1122","Q9UL25","axon cytoplasm","cleavage furrow","cytoplasmic side of early endosome membrane","Cytoplasm/Cytosol"
"1123","Q15046","aminoacyl-tRNA synthetase multienzyme complex","cytoplasm","cytosol","Protein Complex"
"1124","Q8IWW8","mitochondrial matrix","mitochondrion",NA,"Mitochondria"
"1125","P17568","mitochondrial inner membrane","mitochondrial intermembrane space","mitochondrion","Mitochondria"
"1126","Q96B97","cell-cell junction","cytoplasm","cytoplasmic vesicle membrane","Cell Junction/Adhesion"
"1127","Q8IVF2","cytoplasm","cytosol","nucleus","Cytoplasm/Cytosol"
"1128","Q08495","actin cytoskeleton","actin filament","cell projection membrane","Cytoskeleton/Contractile"
"1129","A6NCE7","autophagosome membrane","cytoplasmic vesicle","endomembrane system","Membrane/Cell Surface"
"1130","P13473","autolysosome","autophagosome membrane","azurophil granule membrane","ER/Golgi/Vesicle"
"1131","P13533","cytoplasm","cytosol","muscle myosin complex","Cytoplasm/Cytosol"
"1132","Q13554","calcium- and calmodulin-dependent protein kinase complex","centrosome","cytoplasm","Protein Complex"
"1133","Q9P2E9","endoplasmic reticulum","endoplasmic reticulum membrane","membrane","ER/Golgi/Vesicle"
"1134","Q99873","cytoplasm","cytosol","lysosomal membrane","Cytoplasm/Cytosol"
"1135","Q16881","cytoplasm","cytosol","extracellular exosome","Cytoplasm/Cytosol"
"1136","P15088","extracellular matrix","extracellular region","extracellular space","Extracellular/Secreted"
"1137","P98160","basement membrane","extracellular exosome","extracellular matrix","Extracellular/Secreted"
"1138","Q9BXW7","mitochondrion",NA,NA,"Mitochondria"
"1139","P05156","extracellular exosome","extracellular region","extracellular space","Extracellular/Secreted"
"1140","Q9H2U2","mitochondrial matrix","mitochondrion","synapse","Mitochondria"
"1141","Q14956","early endosome membrane","melanosome membrane","membrane","Membrane/Cell Surface"
"1142","Q9NVJ2","axon cytoplasm","cytolytic granule membrane","cytoplasm","Cytoplasm/Cytosol"
"1143","Q9H7Z7","azurophil granule lumen","cytosol","extracellular region","Granule/Lysosome/Vesicle"
"1144","O95573","endoplasmic reticulum","endoplasmic reticulum membrane","Golgi apparatus","ER/Golgi/Vesicle"
"1145","P14384","cell surface","extracellular exosome","extracellular region","Membrane/Cell Surface"
"1146","Q9UBI6","extracellular exosome","heterotrimeric G-protein complex","plasma membrane","Extracellular/Secreted"
"1147","O60884","cytoplasm","cytosol","extracellular exosome","Cytoplasm/Cytosol"
"1148","P46776","cytoplasm","cytosol","cytosolic large ribosomal subunit","Cytoplasm/Cytosol"
"1149","P20292","endoplasmic reticulum","endoplasmic reticulum membrane","membrane","ER/Golgi/Vesicle"
"1150","O43396","cytoplasm","cytosol","nucleus","Cytoplasm/Cytosol"
"1151","Q9NYL2","cytoplasm","cytosol","nucleus","Cytoplasm/Cytosol"
"1152","Q5KU26","collagen trimer","endocytic vesicle membrane","extracellular matrix","Extracellular/Secreted"
"1153","Q9UH65","actin cytoskeleton","cytoplasm","cytosol","Cytoskeleton/Contractile"
"1154","P27144","cytoplasm","mitochondrial matrix","mitochondrion","Cytoplasm/Cytosol"
"1155","Q04917","cerebellar granule cell to Purkinje cell synapse","cytoplasm","cytosol","Granule/Lysosome/Vesicle"
"1156","P55060","cytoplasm","cytosol","extracellular exosome","Cytoplasm/Cytosol"
"1157","Q92734","cytoplasm","cytosol","endoplasmic reticulum exit site","Cytoplasm/Cytosol"
"1158","O60749","cytoplasm","cytosol","early endosome membrane","Cytoplasm/Cytosol"
"1159","Q8WUM4","actomyosin","bicellular tight junction","centrosome","Cytoskeleton/Contractile"
"1160","P39019","cytoplasm","cytosol","cytosolic ribosome","Cytoplasm/Cytosol"
"1161","Q15257","ATPase complex","calcium channel complex","cytoplasm","Protein Complex"
"1162","P59998","Arp2/3 protein complex","cell projection","cytosol","Protein Complex"
"1163","Q13363","GABA-ergic synapse","glutamatergic synapse","nucleoplasm","Cilia/Centrosome/Neuron"
"1164","Q00059","cytosol","mitochondrial matrix","mitochondrial nucleoid","Cytoplasm/Cytosol"
"1165","P0DJI8","cytoplasmic microtubule","endocytic vesicle lumen","extracellular exosome","Cytoplasm/Cytosol"
"1166","O00264","cell body","endomembrane system","endoplasmic reticulum","Other"
"1167","P30050","cytoplasm","cytosol","cytosolic large ribosomal subunit","Cytoplasm/Cytosol"
"1168","O75223","cytosol","extracellular exosome",NA,"Cytoplasm/Cytosol"
"1169","P82921","mitochondrial inner membrane","mitochondrial small ribosomal subunit","mitochondrion","Mitochondria"
"1170","Q9UJ70","cytosol","extracellular exosome",NA,"Cytoplasm/Cytosol"
"1171","Q93052","cytosol","focal adhesion","nucleus","Cytoplasm/Cytosol"
"1172","Q15102","1-alkyl-2-acetylglycerophosphocholine esterase complex","cytoplasm","cytosol","Protein Complex"
"1173","A0AVT1","cytoplasm","cytosol","nucleus","Cytoplasm/Cytosol"
"1174","O15511","actin cytoskeleton","Arp2/3 protein complex","cortical cytoskeleton","Cytoskeleton/Contractile"
"1175","O60504","cell-substrate junction","cytoplasm","cytoskeleton","Cell Junction/Adhesion"
"1176","Q9UHV9","cytoplasm","cytosol","mitochondrion","Cytoplasm/Cytosol"
"1177","P08514","blood microparticle","cell surface","external side of plasma membrane","Blood Microparticle"
"1178","P07996","cell surface","endoplasmic reticulum","endoplasmic reticulum lumen","Membrane/Cell Surface"
"1179","P62910","cytoplasm","cytosol","cytosolic large ribosomal subunit","Cytoplasm/Cytosol"
"1180","P62829","cytoplasm","cytosol","cytosolic large ribosomal subunit","Cytoplasm/Cytosol"
"1181","P42766","cytoplasm","cytosol","cytosolic large ribosomal subunit","Cytoplasm/Cytosol"
"1182","Q96CM8","mitochondrial matrix","mitochondrion",NA,"Mitochondria"
"1183","O95182","mitochondrial inner membrane","mitochondrion","respiratory chain complex I","Mitochondria"
"1184","Q96PD5","extracellular exosome","extracellular region","membrane","Extracellular/Secreted"
"1185","Q9UHY7","cytosol","nucleus",NA,"Cytoplasm/Cytosol"
"1186","Q13200","cytosol","extracellular exosome","extracellular region","Cytoplasm/Cytosol"
"1187","Q9Y570","nucleoplasm",NA,NA,"Nucleus/Chromatin"
"1188","P14324","cytoplasm","cytosol","mitochondrial matrix","Cytoplasm/Cytosol"
"1189","P61201","COP9 signalosome","cytoplasm","cytosol","Protein Complex"
"1190","Q92841","cytoplasm","cytosol","membrane","Cytoplasm/Cytosol"
"1191","Q13326","cytoskeleton","endoplasmic reticulum membrane","plasma membrane","Cytoskeleton/Contractile"
"1192","Q8N4T8","mitochondrial matrix","mitochondrion","oxidoreductase complex","Mitochondria"
"1193","Q9BZL1","Cajal body","cytoplasm","nucleoplasm","Nucleus/Chromatin"
"1194","Q9H9S4","cytoplasm","cytosol","serine/threonine protein kinase complex","Cytoplasm/Cytosol"
"1195","A0A0B4J1V1","extracellular region","immunoglobulin complex","plasma membrane","Extracellular/Secreted"
"1196","P35749","cytoplasm","cytosol","extracellular exosome","Cytoplasm/Cytosol"
"1197","P08254","cytosol","extracellular matrix","extracellular region","Cytoplasm/Cytosol"
"1198","Q14112","basement membrane","extracellular exosome","extracellular matrix","Extracellular/Secreted"
"1199","P02462","basement membrane","collagen type IV trimer","endoplasmic reticulum lumen","Extracellular/Secreted"
"1200","Q9HCP6","endoplasmic reticulum","endoplasmic reticulum membrane","perinuclear region of cytoplasm","ER/Golgi/Vesicle"
"1201","Q9H479","cytosol","mitochondrion",NA,"Cytoplasm/Cytosol"
"1202","O75368","cytoplasm","cytosol","extracellular exosome","Cytoplasm/Cytosol"
"1203","P46939","ciliary basal body","cilium","cytoplasm","Cilia/Centrosome/Neuron"
"1204","P80303","cytosol","endoplasmic reticulum","endoplasmic reticulum-Golgi intermediate compartment","Cytoplasm/Cytosol"
"1205","Q10589","apical plasma membrane","azurophil granule membrane","cell surface","Membrane/Cell Surface"
"1206","P31153","cytosol","methionine adenosyltransferase complex",NA,"Cytoplasm/Cytosol"
"1207","Q9UNM6","cytosol","extracellular region","ficolin-1-rich granule lumen","Cytoplasm/Cytosol"
"1208","Q5TDH0","chromosome","cytosol","nucleoplasm","Nucleus/Chromatin"
"1209","P20807","cytoplasm","cytosol","myofibril","Cytoplasm/Cytosol"
"1210","P40429","cytoplasm","cytosol","cytosolic large ribosomal subunit","Cytoplasm/Cytosol"
"1211","Q8IUL8","extracellular exosome","extracellular space",NA,"Extracellular/Secreted"
"1212","Q14019","cortical actin cytoskeleton","cytosol","extracellular exosome","Cytoskeleton/Contractile"
"1213","O95260","cytoplasm","nucleus",NA,"Cytoplasm/Cytosol"
"1214","O00232","cytoplasm","cytosol","extracellular exosome","Cytoplasm/Cytosol"
"1215","P21964","axon","cytosol","dendrite","Cilia/Centrosome/Neuron"
"1216","Q9UBF2","COPI vesicle coat","cytosol","endoplasmic reticulum","ER/Golgi/Vesicle"
"1217","P06310","blood microparticle","extracellular exosome","extracellular region","Blood Microparticle"
"1218","Q02252","mitochondrial matrix","mitochondrion","nucleoplasm","Mitochondria"
"1219","P12268","cytoplasm","cytosol","extracellular exosome","Cytoplasm/Cytosol"
"1220","Q9NZM1","caveola","centriolar satellite","ciliary basal body","Membrane/Cell Surface"
"1221","Q16401","cytosol","proteasome accessory complex","proteasome complex","Cytoplasm/Cytosol"
"1222","Q9P289","apical plasma membrane","cell periphery","cytoplasm","Membrane/Cell Surface"
"1223","Q8N3L3","cytoplasm",NA,NA,"Cytoplasm/Cytosol"
"1224","P56381","mitochondrial inner membrane","mitochondrial matrix","mitochondrion","Mitochondria"
"1225","Q86X55","cytoplasm","cytosol","nuclear replication fork","Cytoplasm/Cytosol"
"1226","Q9H299","cytoplasm","cytosol","extracellular exosome","Cytoplasm/Cytosol"
"1227","Q16585","cytoskeleton","dystrophin-associated glycoprotein complex","endoplasmic reticulum membrane","Cytoskeleton/Contractile"
"1228","P55056","extracellular region","high-density lipoprotein particle","very-low-density lipoprotein particle","Extracellular/Secreted"
"1229","Q5VTT5","M band",NA,NA,"Sarcoplasmic/Myofibrillar"
"1230","Q9Y3I1","classical Lewy body","cytoplasm","cytosol","Other"
"1231","Q02750","axon","cell cortex","centrosome","Cilia/Centrosome/Neuron"
"1232","P63167","axon cytoplasm","centrosome","ciliary tip","Cytoplasm/Cytosol"
"1233","P31323","cAMP-dependent protein kinase complex","centrosome","ciliary base","Protein Complex"
"1234","Q9Y6N5","mitochondrial inner membrane","mitochondrion",NA,"Mitochondria"
"1235","Q9UL46","cytoplasm","cytosol","extracellular exosome","Cytoplasm/Cytosol"
"1236","O75131","azurophil granule membrane","cell junction","cytoplasm","Membrane/Cell Surface"
"1237","P01782","extracellular exosome","extracellular region","immunoglobulin complex","Extracellular/Secreted"
"1238","Q9NTX5","cytosol",NA,NA,"Cytoplasm/Cytosol"
"1239","Q12797","calcium channel complex","cortical endoplasmic reticulum","endoplasmic reticulum","Protein Complex"
"1240","Q5JWF2","apical plasma membrane","cytoplasm","cytosol","Membrane/Cell Surface"
"1241","Q13555","calcium- and calmodulin-dependent protein kinase complex","cytoplasm","cytosol","Protein Complex"
"1242","Q9BUR5","cytosol","endoplasmic reticulum membrane","extracellular region","Cytoplasm/Cytosol"
"1243","Q9BR39","endoplasmic reticulum membrane","junctional membrane complex","junctional sarcoplasmic reticulum membrane","Membrane/Cell Surface"
"1244","P20962","nucleus",NA,NA,"Nucleus/Chromatin"
"1245","A0A0B4J2D9","extracellular region","immunoglobulin complex","plasma membrane","Extracellular/Secreted"
"1246","Q13508","extracellular exosome","extracellular region","plasma membrane","Extracellular/Secreted"
"1247","P11047","basement membrane","endoplasmic reticulum lumen","extracellular exosome","Extracellular/Secreted"
"1248","Q01130","cytosol","nuclear speck","nucleoplasm","Cytoplasm/Cytosol"
"1249","Q14249","mitochondrial inner membrane","mitochondrion","nucleus","Mitochondria"
"1250","O43760","extracellular exosome","lipid droplet","membrane","Extracellular/Secreted"
"1251","A0A0B4J2H0","extracellular region","immunoglobulin complex","plasma membrane","Extracellular/Secreted"
"1252","P13010","chromosome, telomeric region","cytosol","DNA-dependent protein kinase complex","Nucleus/Chromatin"
"1253","Q9H6F2","extracellular exosome","nuclear membrane","sarcoplasmic reticulum membrane","Extracellular/Secreted"
"1254","Q9NRG7","mitochondrion","nucleus",NA,"Mitochondria"
"1255","Q9NVH6","mitochondrial matrix","mitochondrion",NA,"Mitochondria"
"1256","P57105","mitochondrial outer membrane","mitochondrion",NA,"Mitochondria"
"1257","Q9BRC7","cytosol","endoplasmic reticulum","endoplasmic reticulum membrane","Cytoplasm/Cytosol"
"1258","P62314","catalytic step 2 spliceosome","commitment complex","cytosol","Protein Complex"
"1259","Q13976","acrosomal vesicle","cytoplasm","cytosol","Granule/Lysosome/Vesicle"
"1260","P02533","basal part of cell","cornified envelope","cytoplasm","Other"
"1261","P11498","cytoplasm","cytosol","mitochondrial matrix","Cytoplasm/Cytosol"
"1262","O60313","axon cytoplasm","cytoplasm","cytosol","Cytoplasm/Cytosol"
"1263","O75396","endoplasmic reticulum membrane","endoplasmic reticulum-Golgi intermediate compartment","endoplasmic reticulum-Golgi intermediate compartment membrane","Membrane/Cell Surface"
"1264","P29508","azurophil granule lumen","cytoplasm","cytoplasmic vesicle","Granule/Lysosome/Vesicle"
"1265","P55809","mitochondrial matrix","mitochondrion",NA,"Mitochondria"
"1266","O15212","cytoplasm","prefoldin complex","protein folding chaperone complex","Cytoplasm/Cytosol"
"1267","P30536","cytosol","extracellular exosome","membrane","Cytoplasm/Cytosol"
"1268","Q99707","cytosol",NA,NA,"Cytoplasm/Cytosol"
"1269","P49419","cytosol","extracellular exosome","Golgi membrane","Cytoplasm/Cytosol"
"1270","P24592","extracellular region","extracellular space","insulin-like growth factor binary complex","Extracellular/Secreted"
"1271","O00231","cytosol","extracellular region","ficolin-1-rich granule lumen","Cytoplasm/Cytosol"
"1272","O00429","brush border","clathrin-coated pit","cytoplasm","Other"
"1273","P14543","basement membrane","extracellular exosome","extracellular matrix","Extracellular/Secreted"
"1274","Q92506","mitochondrial envelope","mitochondrial matrix","mitochondrion","Mitochondria"
"1275","Q9BX66","adherens junction","cell-substrate junction","centrosome","Cell Junction/Adhesion"
"1276","Q13442","cytosol","extracellular region","ficolin-1-rich granule lumen","Cytoplasm/Cytosol"
"1277","P51991","catalytic step 2 spliceosome","nucleoplasm","nucleus","Protein Complex"
"1278","P07305","actin cytoskeleton","chromatin","euchromatin","Cytoskeleton/Contractile"
"1279","A0A0C4DH35","extracellular region","immunoglobulin complex","plasma membrane","Extracellular/Secreted"
"1280","Q9NVD7","actin cytoskeleton","cytoplasm","cytosol","Cytoskeleton/Contractile"
"1281","P83111","cytosol","mitochondrion",NA,"Cytoplasm/Cytosol"
"1282","Q16658","actin cytoskeleton","cell cortex","cell projection membrane","Cytoskeleton/Contractile"
"1283","Q9HDC5","endoplasmic reticulum membrane","junctional membrane complex","junctional sarcoplasmic reticulum membrane","Membrane/Cell Surface"
"1284","P62277","cytoplasm","cytosol","cytosolic ribosome","Cytoplasm/Cytosol"
"1285","Q9UNN8","cell surface","centrosome","extracellular exosome","Membrane/Cell Surface"
"1286","P62899","cytoplasm","cytosol","cytosolic large ribosomal subunit","Cytoplasm/Cytosol"
"1287","Q15582","basement membrane","extracellular exosome","extracellular matrix","Extracellular/Secreted"
"1288","P46459","acrosomal vesicle","cytosol","dendritic shaft","Granule/Lysosome/Vesicle"
"1289","O14744","chromatin","cytoplasm","cytosol","Nucleus/Chromatin"
"1290","O60784","azurophil granule membrane","cytoplasm","cytosol","Membrane/Cell Surface"
"1291","P15559","cytoplasm","cytosol","nucleus","Cytoplasm/Cytosol"
"1292","P63302","cytosol",NA,NA,"Cytoplasm/Cytosol"
"1293","Q92905","chromatin","COP9 signalosome","cytoplasm","Nucleus/Chromatin"
"1294","Q14118","adherens junction","basement membrane","basolateral plasma membrane","Cell Junction/Adhesion"
"1295","P49458","cytosol","signal recognition particle receptor complex","signal recognition particle, endoplasmic reticulum targeting","Cytoplasm/Cytosol"
"1296","Q9HCU5","endoplasmic reticulum exit site","endoplasmic reticulum membrane","membrane","ER/Golgi/Vesicle"
"1297","Q13561","centrosome","cytoplasm","cytosol","Cilia/Centrosome/Neuron"
"1298","P55036","cytosol","nucleoplasm","nucleus","Cytoplasm/Cytosol"
"1299","P36776","cytosol","membrane","mitochondrial matrix","Cytoplasm/Cytosol"
"1300","Q9Y2D5","apical plasma membrane","side of membrane",NA,"Membrane/Cell Surface"
"1301","P06276","blood microparticle","endoplasmic reticulum lumen","extracellular region","Blood Microparticle"
"1302","P35637","GABA-ergic synapse","glutamatergic synapse","nucleoplasm","Cilia/Centrosome/Neuron"
"1303","O60938","extracellular matrix","extracellular region","extracellular space","Extracellular/Secreted"
"1304","Q15417","actin cytoskeleton","adherens junction","cytosol","Cytoskeleton/Contractile"
"1305","Q9P2X0","dolichol-phosphate-mannose synthase complex","endoplasmic reticulum","endoplasmic reticulum membrane","Protein Complex"
"1306","O75128","actin filament","axon","axonal growth cone","Cytoskeleton/Contractile"
"1307","Q9Y3I0","catalytic complex","cytoplasm","cytosol","Protein Complex"
"1308","Q9UHD8","actin cytoskeleton","axoneme","cell division site","Cytoskeleton/Contractile"
"1309","P63173","cytoplasm","cytosol","cytosolic large ribosomal subunit","Cytoplasm/Cytosol"
"1310","P05198","cytoplasm","cytoplasmic stress granule","cytosol","Cytoplasm/Cytosol"
"1311","O43772","cytosol","mitochondrial envelope","mitochondrial inner membrane","Cytoplasm/Cytosol"
"1312","Q07960","cilium","cytoplasm","cytosol","Cilia/Centrosome/Neuron"
"1313","Q9UBW8","COP9 signalosome","cytoplasm","cytosol","Protein Complex"
"1314","Q15369","Cul2-RING ubiquitin ligase complex","Cul5-RING ubiquitin ligase complex","cytosol","Protein Complex"
"1315","P11182","branched-chain alpha-ketoacid dehydrogenase complex","cytosol","microtubule cytoskeleton","Protein Complex"
"1316","Q02338","matrix side of mitochondrial inner membrane","mitochondrial matrix","mitochondrion","Mitochondria"
"1317","P43034","1-alkyl-2-acetylglycerophosphocholine esterase complex","astral microtubule","axon cytoplasm","Protein Complex"
"1318","Q86VD7","mitochondrial inner membrane","mitochondrion","nucleus","Mitochondria"
"1319","Q9Y3Z3","nucleoplasm","nucleus","plasma membrane","Nucleus/Chromatin"
"1320","Q8TDX7","centrosome","cytoplasm","microtubule","Cilia/Centrosome/Neuron"
"1321","Q9NP58","ATP-binding cassette (ABC) transporter complex","cytosol","early endosome membrane","Protein Complex"
"1322","P10619","azurophil granule lumen","endoplasmic reticulum","extracellular exosome","Granule/Lysosome/Vesicle"
"1323","P82909","mitochondrial inner membrane","mitochondrion","oxoglutarate dehydrogenase complex","Mitochondria"
"1324","O43414","",NA,NA,"Unknown"
"1325","P61081","cytosol","glutamatergic synapse","nucleoplasm","Cytoplasm/Cytosol"
"1326","P62917","cytoplasm","cytosol","cytosolic large ribosomal subunit","Cytoplasm/Cytosol"
"1327","O43181","mitochondrial inner membrane","mitochondrion","perinuclear theca","Mitochondria"
"1328","P08708","cytoplasm","cytosol","cytosolic ribosome","Cytoplasm/Cytosol"
"1329","P61225","bicellular tight junction","cell-cell contact zone","cytosol","Cell Junction/Adhesion"
"1330","P49755","cis-Golgi network","COPI-coated vesicle","COPII-coated ER to Golgi transport vesicle","ER/Golgi/Vesicle"
"1331","Q7Z794","cornified envelope","cytoskeleton","cytosol","Other"
"1332","O60613","endoplasmic reticulum lumen",NA,NA,"ER/Golgi/Vesicle"
"1333","O14879","cytoplasm","cytosol","mitochondrion","Cytoplasm/Cytosol"
"1334","Q9NRG4","cytoplasm","cytosol","nucleoplasm","Cytoplasm/Cytosol"
"1335","Q9UN37","ATPase complex","centrosome","cytoplasm","Protein Complex"
"1336","Q16586","cell-cell junction","cytoskeleton","dystrophin-associated glycoprotein complex","Cell Junction/Adhesion"
"1337","P53396","azurophil granule lumen","ciliary basal body","ciliary transition zone","Granule/Lysosome/Vesicle"
"1338","P54646","axon","ciliary basal body","cytoplasm","Cilia/Centrosome/Neuron"
"1339","P07225","blood microparticle","endoplasmic reticulum membrane","extracellular exosome","Blood Microparticle"
"1340","Q9ULA0","blood microparticle","cytoplasm","cytosol","Blood Microparticle"
"1341","O94903","cytoplasm","cytosol","mitochondrion","Cytoplasm/Cytosol"
"1342","Q9C005","Golgi apparatus","histone methyltransferase complex","MLL1 complex","ER/Golgi/Vesicle"
"1343","Q96HR9","acrosomal vesicle","clathrin-coated vesicle membrane","endoplasmic reticulum","Granule/Lysosome/Vesicle"
"1344","Q9Y5Y7","extracellular exosome","membrane","plasma membrane","Extracellular/Secreted"
"1345","Q9P121","extracellular region","plasma membrane","side of membrane","Extracellular/Secreted"
"1346","P61106","cytosol","early endosome","early endosome membrane","Cytoplasm/Cytosol"
"1347","P13646","cytoskeleton","cytosol","extracellular exosome","Cytoskeleton/Contractile"
"1348","P26373","cytoplasm","cytosol","cytosolic large ribosomal subunit","Cytoplasm/Cytosol"
"1349","P82675","mitochondrial inner membrane","mitochondrial small ribosomal subunit","mitochondrion","Mitochondria"
"1350","P11233","cell surface","cleavage furrow","cytoplasmic vesicle membrane","Membrane/Cell Surface"
"1351","P33176","axon cytoplasm","centriolar satellite","ciliary rootlet","Cytoplasm/Cytosol"
"1352","Q99460","azurophil granule lumen","cytosol","extracellular region","Granule/Lysosome/Vesicle"
"1353","Q9Y6W5","actin cytoskeleton","basolateral plasma membrane","cell-cell junction","Cytoskeleton/Contractile"
"1354","O60879","actin filament","cytosol","early endosome","Cytoskeleton/Contractile"
"1355","Q15306","chromatin","cytoplasm","cytosol","Nucleus/Chromatin"
"1356","O60925","cytoplasm","prefoldin complex",NA,"Cytoplasm/Cytosol"
"1357","Q16654","mitochondrial matrix","mitochondrion",NA,"Mitochondria"
"1358","Q8NBX0","extracellular region","lipid droplet","membrane","Extracellular/Secreted"
"1359","Q9UBX3","mitochondrial inner membrane","mitochondrion","nucleoplasm","Mitochondria"
"1360","Q14BN4","centrosome","cytoplasm","endoplasmic reticulum membrane","Cilia/Centrosome/Neuron"
"1361","Q16643","actin cytoskeleton","actomyosin","cortical cytoskeleton","Cytoskeleton/Contractile"
"1362","Q92947","mitochondrial matrix","mitochondrion",NA,"Mitochondria"
"1363","A0A0C4DH34","extracellular region","immunoglobulin complex","plasma membrane","Extracellular/Secreted"
"1364","Q99685","cytosol","endoplasmic reticulum membrane","membrane","Cytoplasm/Cytosol"
"1365","Q0VDG4","",NA,NA,"Unknown"
"1366","P46821","apical dendrite","axon","basal dendrite","Cilia/Centrosome/Neuron"
"1367","Q9BV79","membrane","mitochondrial matrix","mitochondrion","Membrane/Cell Surface"
"1368","Q12931","membrane","mitochondrial inner membrane","mitochondrial intermembrane space","Membrane/Cell Surface"
"1369","O43583","cytoplasm",NA,NA,"Cytoplasm/Cytosol"
"1370","O94919","cytosol","extracellular exosome","extracellular region","Cytoplasm/Cytosol"
"1371","Q9H8M1","mitochondrial inner membrane","mitochondrion",NA,"Mitochondria"
"1372","Q15019","actin cytoskeleton","axoneme","cell division site","Cytoskeleton/Contractile"
"1373","P61086","cytoplasm","cytosol","filopodium tip","Cytoplasm/Cytosol"
"1374","P07814","aminoacyl-tRNA synthetase multienzyme complex","cytoplasm","cytosol","Protein Complex"
"1375","Q13098","COP9 signalosome","cytoplasm","cytosol","Protein Complex"
"1376","Q9NVE7","cytosol","nucleus",NA,"Cytoplasm/Cytosol"
"1377","Q13061","cytosol","endoplasmic reticulum","junctional membrane complex","Cytoplasm/Cytosol"
"1378","P04180","extracellular exosome","extracellular region","extracellular space","Extracellular/Secreted"
"1379","Q53TN4","apical plasma membrane","brush border membrane","extracellular exosome","Membrane/Cell Surface"
"1380","Q7Z7G0","extracellular matrix","extracellular region","extracellular space","Extracellular/Secreted"
"1381","O43390","catalytic step 2 spliceosome","cytoplasm","nucleoplasm","Protein Complex"
"1382","O95782","AP-2 adaptor complex","apical plasma membrane","basolateral plasma membrane","Protein Complex"
"1383","Q6XQN6","azurophil granule lumen","cytosol","extracellular exosome","Granule/Lysosome/Vesicle"
"1384","P12955","extracellular exosome",NA,NA,"Extracellular/Secreted"
"1385","P50225","cytoplasm","cytosol",NA,"Cytoplasm/Cytosol"
"1386","P63220","cytoplasm","cytosol","cytosolic ribosome","Cytoplasm/Cytosol"
"1387","Q9NZ08","cytosol","endoplasmic reticulum","endoplasmic reticulum lumen","Cytoplasm/Cytosol"
"1388","Q969X5","COPII-coated ER to Golgi transport vesicle","endoplasmic reticulum","endoplasmic reticulum membrane","ER/Golgi/Vesicle"
"1389","P62841","cytoplasm","cytosol","cytosolic ribosome","Cytoplasm/Cytosol"
"1390","Q99541","cytosol","endoplasmic reticulum","extracellular region","Cytoplasm/Cytosol"
"1391","Q12805","extracellular exosome","extracellular matrix","extracellular region","Extracellular/Secreted"
"1392","P26440","mitochondrial matrix","mitochondrion","nucleoplasm","Mitochondria"
"1393","P18621","cytoplasm","cytosol","cytosolic large ribosomal subunit","Cytoplasm/Cytosol"
"1394","P43007","cell surface","centrosome","dendrite","Membrane/Cell Surface"
"1395","O75781","apicolateral plasma membrane","axon","basolateral plasma membrane","Membrane/Cell Surface"
"1396","O60506","catalytic step 2 spliceosome","CRD-mediated mRNA stability complex","cytosol","Protein Complex"
"1397","P26599","extracellular exosome","membrane","nucleolus","Extracellular/Secreted"
"1398","P62241","cytoplasm","cytosol","cytosolic ribosome","Cytoplasm/Cytosol"
"1399","Q8WW59","mitochondrion","nucleus",NA,"Mitochondria"
"1400","Q9NY33","cytoplasm","cytosol","extracellular exosome","Cytoplasm/Cytosol"
"1401","O14618","cytoplasm","cytosol","mitochondrion","Cytoplasm/Cytosol"
"1402","P03928","mitochondrial inner membrane","mitochondrion","proton-transporting ATP synthase complex","Mitochondria"
"1403","Q9NX40","endosome","Golgi apparatus","lysosome","ER/Golgi/Vesicle"
"1404","O00391","endoplasmic reticulum lumen","extracellular exosome","extracellular region","ER/Golgi/Vesicle"
"1405","P61289","ciliary basal body","cilium","cytoplasm","Cilia/Centrosome/Neuron"
"1406","Q9HBL0","cell surface","cytoskeleton","focal adhesion","Membrane/Cell Surface"
"1407","Q14152","cytoplasm","cytosol","eukaryotic 43S preinitiation complex","Cytoplasm/Cytosol"
"1408","Q00577","chromosome, telomeric region","cytoplasm","dendrite","Nucleus/Chromatin"
"1409","Q9BSJ8","endoplasmic reticulum","endoplasmic reticulum membrane","membrane","ER/Golgi/Vesicle"
"1410","Q96I99","mitochondrial matrix","mitochondrion","plasma membrane","Mitochondria"
"1411","P39656","azurophil granule membrane","endoplasmic reticulum","endoplasmic reticulum membrane","Membrane/Cell Surface"
"1412","P26640","cytosol","endoplasmic reticulum","sperm end piece","Cytoplasm/Cytosol"
"1413","P61353","cytoplasm","cytoplasmic side of rough endoplasmic reticulum membrane","cytosol","Cytoplasm/Cytosol"
"1414","P00736","blood microparticle","cell surface","complement component C1 complex","Blood Microparticle"
"1415","P22897","cell surface","endosome membrane","plasma membrane","Membrane/Cell Surface"
"1416","P08519","extracellular region","plasma lipoprotein particle",NA,"Extracellular/Secreted"
"1417","Q13683","cell surface","integrin complex","plasma membrane","Membrane/Cell Surface"
"1418","Q8TAT6","cytosol","endoplasmic reticulum","nuclear outer membrane-endoplasmic reticulum membrane network","Cytoplasm/Cytosol"
"1419","P22830","mitochondrial inner membrane","mitochondrial matrix","mitochondrion","Mitochondria"
"1420","Q9H4G4","extracellular exosome","extracellular space","Golgi membrane","Extracellular/Secreted"
"1421","Q9BZQ8","cytoplasm","cytosol","extracellular exosome","Cytoplasm/Cytosol"
"1422","Q96CN7","cytoplasm","peroxisome",NA,"Cytoplasm/Cytosol"
"1423","Q9UGM5","extracellular exosome","extracellular region",NA,"Extracellular/Secreted"
"1424","P35612","cytoplasmic vesicle","cytoskeleton","cytosol","Cytoplasm/Cytosol"
"1425","Q9NUJ1","cytosol","mitochondrial matrix","mitochondrion","Cytoplasm/Cytosol"
"1426","Q86Y39","mitochondrial inner membrane","mitochondrion","respiratory chain complex I","Mitochondria"
"1427","Q15758","basal plasma membrane","centriolar satellite","ciliary basal body","Membrane/Cell Surface"
"1428","Q9BYV2","cytoplasm","microtubule","microtubule associated complex","Cytoplasm/Cytosol"
"1429","P62318","catalytic step 2 spliceosome","commitment complex","cytosol","Protein Complex"
"1430","P09496","clathrin coat","clathrin coat of coated pit","clathrin coat of trans-Golgi network vesicle","ER/Golgi/Vesicle"
"1431","P23368","mitochondrial matrix","mitochondrion",NA,"Mitochondria"
"1432","Q99961","cytoplasm","cytosol","early endosome membrane","Cytoplasm/Cytosol"
"1433","P43686","ciliary basal body","cytosol","membrane","Cilia/Centrosome/Neuron"
"1434","O00442","nucleoplasm","nucleus",NA,"Nucleus/Chromatin"
"1435","O14639","actin cytoskeleton","cytoplasm","lamellipodium","Cytoskeleton/Contractile"
"1436","O43674","mitochondrial inner membrane","mitochondrion","nucleoplasm","Mitochondria"
"1437","O94905","cytosol","endoplasmic reticulum","endoplasmic reticulum membrane","Cytoplasm/Cytosol"
"1438","O75340","COPII vesicle coat","Cul3-RING ubiquitin ligase complex","cytoplasm","ER/Golgi/Vesicle"
"1439","Q9BS40","cytoplasm","extracellular space",NA,"Cytoplasm/Cytosol"
"1440","Q9P000","cytosol","extracellular region","ficolin-1-rich granule lumen","Cytoplasm/Cytosol"
"1441","Q15836","cell surface","clathrin-coated endocytic vesicle membrane","clathrin-coated vesicle","Membrane/Cell Surface"
"1442","O14974","A band","actin cytoskeleton","centrosome","Sarcoplasmic/Myofibrillar"
"1443","O95372","cytoplasm","cytosol","extracellular exosome","Cytoplasm/Cytosol"
"1444","P63027","clathrin-coated endocytic vesicle membrane","clathrin-coated vesicle","clathrin-sculpted gamma-aminobutyric acid transport vesicle membrane","Membrane/Cell Surface"
"1445","P62424","cytoplasm","cytosol","cytosolic large ribosomal subunit","Cytoplasm/Cytosol"
"1446","P15144","endoplasmic reticulum-Golgi intermediate compartment","external side of plasma membrane","extracellular exosome","ER/Golgi/Vesicle"
"1447","P63279","cytoplasm","cytosol","glutamatergic synapse","Cytoplasm/Cytosol"
"1448","Q86VF7","fascia adherens","muscle tendon junction","Z disc","Cell Junction/Adhesion"
"1449","P62195","blood microparticle","cytoplasm","cytoplasmic vesicle","Blood Microparticle"
"1450","P54619","cytoplasm","cytosol","membrane","Cytoplasm/Cytosol"
"1451","P12956","chromosome, telomeric region","cytosol","DNA-dependent protein kinase complex","Nucleus/Chromatin"
"1452","P22234","cytoplasm","cytosol","extracellular exosome","Cytoplasm/Cytosol"
"1453","Q13126","cytosol","extracellular exosome","nucleoplasm","Cytoplasm/Cytosol"
"1454","Q6P9B6","cytoplasm","cytosol","lysosomal membrane","Cytoplasm/Cytosol"
"1455","Q9GZM7","extracellular exosome","extracellular matrix","extracellular region","Extracellular/Secreted"
"1456","P53985","apical plasma membrane","basal plasma membrane","basolateral plasma membrane","Membrane/Cell Surface"
"1457","P01903","autolysosome membrane","cell surface","clathrin-coated endocytic vesicle membrane","Membrane/Cell Surface"
"1458","Q96A00","cytosol",NA,NA,"Cytoplasm/Cytosol"
"1459","Q9NRY5","",NA,NA,"Unknown"
"1460","Q9BRF8","azurophil granule lumen","cytosol","extracellular region","Granule/Lysosome/Vesicle"
"1461","P04844","endoplasmic reticulum","endoplasmic reticulum membrane","membrane","ER/Golgi/Vesicle"
"1462","O43169","endoplasmic reticulum membrane","membrane","mitochondrial outer membrane","Membrane/Cell Surface"
"1463","P43490","cell junction","cytosol","extracellular exosome","Cell Junction/Adhesion"
"1464","Q9UQM7","calcium- and calmodulin-dependent protein kinase complex","cytoplasm","cytosol","Protein Complex"
"1465","Q2UY09","collagen type XXVIII trimer","endoplasmic reticulum lumen","extracellular matrix","Extracellular/Secreted"
"1466","Q6NUJ1","cytosol","extracellular space","lysosome","Cytoplasm/Cytosol"
"1467","O43765","cytoplasm","cytosol","membrane","Cytoplasm/Cytosol"
"1468","Q99439","actin cytoskeleton","cell-cell junction","cytoskeleton","Cytoskeleton/Contractile"
"1469","P15814","endoplasmic reticulum","extracellular region","IgG immunoglobulin complex","ER/Golgi/Vesicle"
"1470","Q16799","dendrite","endoplasmic reticulum","endoplasmic reticulum membrane","Cilia/Centrosome/Neuron"
"1471","Q2TAA2","",NA,NA,"Unknown"
"1472","Q9BSL1","cytosol","extracellular exosome","Golgi apparatus","Cytoplasm/Cytosol"
"1473","P09497","ciliary membrane","clathrin coat","clathrin coat of coated pit","Membrane/Cell Surface"
"1474","Q9UM00","cytoplasm","endoplasmic reticulum","endoplasmic reticulum membrane","Cytoplasm/Cytosol"
"1475","P54709","apical plasma membrane","basolateral plasma membrane","extracellular exosome","Membrane/Cell Surface"
"1476","P09651","catalytic step 2 spliceosome","cytoplasm","cytosol","Protein Complex"
"1477","P23946","cytoplasmic ribonucleoprotein granule","cytosol","extracellular matrix","Cytoplasm/Cytosol"
"1478","O14791","blood microparticle","endoplasmic reticulum lumen","extracellular region","Blood Microparticle"
"1479","P51687","mitochondrial intermembrane space","mitochondrial matrix","mitochondrion","Mitochondria"
"1480","Q9UJY1","cytoplasm","cytosol","nucleoplasm","Cytoplasm/Cytosol"
"1481","A0A0C4DH67","extracellular region","immunoglobulin complex","plasma membrane","Extracellular/Secreted"
"1482","O00233","cytoplasm","cytosol","nucleus","Cytoplasm/Cytosol"
"1483","Q96PE7","mitochondrial matrix","mitochondrion",NA,"Mitochondria"
"1484","Q9NTG7","mitochondrial matrix","mitochondrion","nucleoplasm","Mitochondria"
"1485","Q9NQW7","cytoplasm","cytosol","extracellular exosome","Cytoplasm/Cytosol"
"1486","Q15691","cell projection membrane","centrosome","ciliary basal body","Membrane/Cell Surface"
"1487","Q07955","catalytic step 2 spliceosome","cytoplasm","nuclear envelope","Protein Complex"
"1488","P34896","cytoplasm","cytosol","extracellular exosome","Cytoplasm/Cytosol"
"1489","Q13247","nuclear speck","nucleoplasm",NA,"Nucleus/Chromatin"
"1490","P55795","cytosol","membrane","nucleoplasm","Cytoplasm/Cytosol"
"1491","P53007","extracellular exosome","mitochondrial inner membrane","mitochondrial membrane","Extracellular/Secreted"
"1492","Q6UW68","membrane",NA,NA,"Membrane/Cell Surface"
"1493","Q07065","azurophil granule membrane","cytoskeleton","endoplasmic reticulum","Membrane/Cell Surface"
"1494","P11413","centriolar satellite","cytoplasm","cytoplasmic side of plasma membrane","Other"
"1495","P30040","cell surface","endoplasmic reticulum","endoplasmic reticulum lumen","Membrane/Cell Surface"
"1496","P50570","centriole","centrosome","clathrin-coated pit","Cilia/Centrosome/Neuron"
"1497","P16104","centrosome","condensed nuclear chromosome","extracellular exosome","Cilia/Centrosome/Neuron"
"1498","Q8N474","cell surface","cytosol","extracellular exosome","Membrane/Cell Surface"
"1499","P29373","cytoplasm","cytosol","endoplasmic reticulum","Cytoplasm/Cytosol"
"1500","Q02641","L-type voltage-gated calcium channel complex","plasma membrane","synapse","Protein Complex"
"1501","Q9NP79","cytosol","endosome membrane","extracellular exosome","Cytoplasm/Cytosol"
"1502","Q8NHG7","endoplasmic reticulum membrane","extracellular exosome","Golgi membrane","Membrane/Cell Surface"
"1503","Q03154","cytosol","extracellular exosome",NA,"Cytoplasm/Cytosol"
"1504","Q6UWY5","extracellular space",NA,NA,"Extracellular/Secreted"
"1505","Q05682","actin cap","actin cytoskeleton","cytoskeleton","Cytoskeleton/Contractile"
"1506","P36269","plasma membrane",NA,NA,"Membrane/Cell Surface"
"1507","P18077","cytoplasm","cytosol","cytosolic large ribosomal subunit","Cytoplasm/Cytosol"
"1508","P43487","centrosome","cytoplasm","cytosol","Cilia/Centrosome/Neuron"
"1509","Q9UNE7","cytoplasm","cytosol","endoplasmic reticulum","Cytoplasm/Cytosol"
"1510","P50579","cytoplasm","cytosol","plasma membrane","Cytoplasm/Cytosol"
"1511","A5YM72","cytosol",NA,NA,"Cytoplasm/Cytosol"
"1512","Q7L1Q6","cytoplasm","membrane",NA,"Cytoplasm/Cytosol"
"1513","P08311","azurophil granule lumen","cytoplasmic stress granule","cytosol","Granule/Lysosome/Vesicle"
"1514","P53778","cytoplasm","cytosol","mitochondrion","Cytoplasm/Cytosol"
"1515","Q96R05","cytosol","nucleus",NA,"Cytoplasm/Cytosol"
"1516","O75431","MIB complex","mitochondrial outer membrane","mitochondrion","Protein Complex"
"1517","P48507","cytosol","glutamate-cysteine ligase complex",NA,"Cytoplasm/Cytosol"
"1518","Q16563","extracellular exosome","melanosome","membrane","Extracellular/Secreted"
"1519","Q99969","extracellular matrix","extracellular region","extracellular space","Extracellular/Secreted"
"1520","Q96AC1","adherens junction","cell cortex","cell junction","Cell Junction/Adhesion"
"1521","Q96E11","mitochondrial matrix","mitochondrion",NA,"Mitochondria"
"1522","Q00839","catalytic step 2 spliceosome","cell surface","centrosome","Protein Complex"
"1523","Q86X76","cytoplasm","mitochondrion","nucleus","Cytoplasm/Cytosol"
"1524","Q07866","cytoplasm","cytoplasmic vesicle","cytosol","Cytoplasm/Cytosol"
"1525","Q5HYK3","extrinsic component of mitochondrial inner membrane","mitochondrial inner membrane","mitochondrial matrix","Mitochondria"
"1526","Q5XPI4","cytoplasm","cytosol","nuclear membrane","Cytoplasm/Cytosol"
"1527","P08493","extracellular exosome","extracellular matrix",NA,"Extracellular/Secreted"
"1528","P35606","COPI vesicle coat","cytosol","endoplasmic reticulum membrane","ER/Golgi/Vesicle"
"1529","O15061","adherens junction","costamere","intermediate filament","Cell Junction/Adhesion"
"1530","Q15436","COPII vesicle coat","cytosol","endoplasmic reticulum","ER/Golgi/Vesicle"
"1531","O60763","cytosol","endoplasmic reticulum","ER to Golgi transport vesicle membrane","Cytoplasm/Cytosol"
"1532","P49591","cytoplasm","cytosol","extracellular exosome","Cytoplasm/Cytosol"
"1533","P41250","axon","cytoplasm","cytosol","Cilia/Centrosome/Neuron"
"1534","P01593","blood microparticle","extracellular exosome","extracellular region","Blood Microparticle"
"1535","O60234","cortical actin cytoskeleton","extracellular region","ficolin-1-rich granule lumen","Cytoskeleton/Contractile"
"1536","P45381","cytosol","nucleus",NA,"Cytoplasm/Cytosol"
"1537","Q96G03","cytosol","extracellular exosome","extracellular region","Cytoplasm/Cytosol"
"1538","P01116","cytoplasm","cytoplasmic side of plasma membrane","cytosol","Cytoplasm/Cytosol"
"1539","Q8WY91","cytosol","nucleoplasm",NA,"Cytoplasm/Cytosol"
"1540","Q9GZT8","cytoplasm","mitochondrion","nucleus","Cytoplasm/Cytosol"
"1541","P0CG29","cytoplasm","cytosol","extracellular exosome","Cytoplasm/Cytosol"
"1542","Q9HAV7","mitochondrial inner membrane","mitochondrial matrix","mitochondrion","Mitochondria"
"1543","Q9UBF6","Cul5-RING ubiquitin ligase complex","cytoplasm","cytosol","Protein Complex"
"1544","Q6FHJ7","cell surface","cytoplasm","extracellular space","Membrane/Cell Surface"
"1545","P01704","extracellular exosome","extracellular region","immunoglobulin complex","Extracellular/Secreted"
"1546","P62280","cytoplasm","cytosol","cytosolic ribosome","Cytoplasm/Cytosol"
"1547","P62888","cytoplasm","cytosol","cytosolic large ribosomal subunit","Cytoplasm/Cytosol"
"1548","P48059","cell-cell junction","cytoplasm","cytosol","Cell Junction/Adhesion"
"1549","O95865","extracellular exosome","mitochondrion",NA,"Extracellular/Secreted"
"1550","Q8NI22","endoplasmic reticulum membrane","endoplasmic reticulum-Golgi intermediate compartment membrane","ER to Golgi transport vesicle membrane","Membrane/Cell Surface"
"1551","Q9Y4G6","actin cytoskeleton","cytoplasm","focal adhesion","Cytoskeleton/Contractile"
"1552","P24821","basement membrane","endoplasmic reticulum lumen","extracellular matrix","Extracellular/Secreted"
"1553","P03950","actin cytoskeleton","angiogenin-PRI complex","basement membrane","Cytoskeleton/Contractile"
"1554","Q8NFZ8","cell leading edge","cell-cell contact zone","membrane","Membrane/Cell Surface"
"1555","Q6IB77","mitochondrial matrix","mitochondrion",NA,"Mitochondria"
"1556","Q6GMV3","mitochondrion",NA,NA,"Mitochondria"
"1557","Q6P587","cytosol","mitochondrial matrix","mitochondrion","Cytoplasm/Cytosol"
"1558","O60318","chromosome","cytoplasm","cytosol","Nucleus/Chromatin"
"1559","Q53GQ0","endoplasmic reticulum","endoplasmic reticulum membrane","extracellular matrix","ER/Golgi/Vesicle"
"1560","P09105","haptoglobin-hemoglobin complex","hemoglobin complex",NA,"Protein Complex"
"1561","O43491","cell cortex","cell junction","cytoskeleton","Membrane/Cell Surface"
"1562","O14979","chromatin","cytosol","nucleoplasm","Nucleus/Chromatin"
"1563","P0C0S5","euchromatin","extracellular exosome","heterochromatin","Nucleus/Chromatin"
"1564","Q9NVA2","axon","cell division site","dendritic spine","Cilia/Centrosome/Neuron"
"1565","Q15392","cytoplasm","endoplasmic reticulum","endoplasmic reticulum membrane","Cytoplasm/Cytosol"
"1566","P61960","cytoplasm","endoplasmic reticulum","nucleus","Cytoplasm/Cytosol"
"1567","P53041","cytosol","nucleoplasm","nucleus","Cytoplasm/Cytosol"
"1568","P62633","cytoplasm","cytosol","endoplasmic reticulum","Cytoplasm/Cytosol"
"1569","P49908","extracellular exosome","extracellular region","platelet dense granule lumen","Extracellular/Secreted"
"1570","P36543","apical plasma membrane","clathrin-coated vesicle membrane","cytosol","Membrane/Cell Surface"
"1571","O95197","endoplasmic reticulum","endoplasmic reticulum membrane","extracellular space","ER/Golgi/Vesicle"
"1572","P10643","extracellular exosome","extracellular region","extracellular space","Extracellular/Secreted"
"1573","P22792","blood microparticle","extracellular exosome","extracellular region","Blood Microparticle"
"1574","P27361","caveola","ciliary basal body","ciliary tip","Membrane/Cell Surface"
"1575","Q9UHX1","cell junction","nucleoplasm","ribonucleoprotein complex","Cell Junction/Adhesion"
"1576","Q13492","cell surface","clathrin coat of coated pit","clathrin-coated endocytic vesicle","Membrane/Cell Surface"
"1577","Q49B96","cytosol","mitochondrial intermembrane space","mitochondrion","Cytoplasm/Cytosol"
"1578","Q9BWD1","cytoplasm","cytosol","extracellular exosome","Cytoplasm/Cytosol"
"1579","Q8N0U8","endoplasmic reticulum","endoplasmic reticulum membrane",NA,"ER/Golgi/Vesicle"
"1580","P13667","cell surface","endoplasmic reticulum","endoplasmic reticulum lumen","Membrane/Cell Surface"
"1581","Q96C01","cytoplasm","mitochondrion",NA,"Cytoplasm/Cytosol"
"1582","P08571","endosome membrane","external side of plasma membrane","extracellular exosome","Membrane/Cell Surface"
"1583","Q96QK1","cytosol","dopaminergic synapse","early endosome","Cytoplasm/Cytosol"
"1584","P14207","cell surface","external side of plasma membrane","extracellular region","Membrane/Cell Surface"
"1585","Q13131","apical plasma membrane","axon","chromatin","Membrane/Cell Surface"
"1586","P02008","extracellular exosome","haptoglobin-hemoglobin complex","hemoglobin complex","Extracellular/Secreted"
"1587","P20742","blood microparticle","extracellular exosome","extracellular region","Blood Microparticle"
"1588","Q5JTJ3","mitochondrial intermembrane space","mitochondrion","nucleoplasm","Mitochondria"
"1589","Q02878","cytoplasm","cytoplasmic ribonucleoprotein granule","cytosol","Cytoplasm/Cytosol"
"1590","Q9NY15","endocytic vesicle membrane","plasma membrane",NA,"Membrane/Cell Surface"
"1591","Q8NE86","calcium channel complex","mitochondrial inner membrane","mitochondrion","Protein Complex"
"1592","Q96IY4","extracellular exosome","extracellular region","extracellular space","Extracellular/Secreted"
"1593","Q8IYB5","cytoplasm","plasma membrane",NA,"Cytoplasm/Cytosol"
"1594","Q96F85","cytoplasm","GABA-ergic synapse","glutamatergic synapse","Cytoplasm/Cytosol"
"1595","O75436","cytosol","early endosome","endosome","Cytoplasm/Cytosol"
"1596","Q9H1E1","cytoplasm","extracellular region","extracellular space","Cytoplasm/Cytosol"
"1597","P56211","cytoplasm","nucleoplasm",NA,"Cytoplasm/Cytosol"
"1598","O15144","actin cytoskeleton","Arp2/3 protein complex","cytosol","Cytoskeleton/Contractile"
"1599","Q03013","cytoplasm","cytosol",NA,"Cytoplasm/Cytosol"
"1600","Q96CV9","autophagosome","cytoplasm","cytosol","ER/Golgi/Vesicle"
"1601","P62330","cell cortex","cleavage furrow","cytoplasm","Membrane/Cell Surface"
"1602","Q13162","cytosol","endoplasmic reticulum","extracellular exosome","Cytoplasm/Cytosol"
"1603","P28062","cytosol","extracellular exosome","nucleoplasm","Cytoplasm/Cytosol"
"1604","O43237","centrosome","cytoplasmic dynein complex","cytosol","Cilia/Centrosome/Neuron"
"1605","P16070","apical plasma membrane","basolateral plasma membrane","cell projection","Membrane/Cell Surface"
"1606","Q86UU1","basal cortex",NA,NA,"Other"
"1607","P29144","cytoplasm","cytosol","nuclear body","Cytoplasm/Cytosol"
"1608","P09486","basement membrane","cell surface","cytoplasm","Extracellular/Secreted"
"1609","P08397","cytoplasm","cytosol",NA,"Cytoplasm/Cytosol"
"1610","Q12904","aminoacyl-tRNA synthetase multienzyme complex","cell surface","cytosol","Protein Complex"
"1611","O95433","cytosol","endoplasmic reticulum","extracellular exosome","Cytoplasm/Cytosol"
"1612","P52943","cell cortex",NA,NA,"Membrane/Cell Surface"
"1613","P61158","actin cytoskeleton","Arp2/3 protein complex","brush border","Cytoskeleton/Contractile"
"1614","O75663","cytosol",NA,NA,"Cytoplasm/Cytosol"
"1615","P20472","axon","cytoplasm","synapse","Cilia/Centrosome/Neuron"
"1616","O75688","cytosol","membrane","nucleolus","Cytoplasm/Cytosol"
"1617","Q53FT3","cytosol","nuclear body","nuclear speck","Cytoplasm/Cytosol"
"1618","P47897","aminoacyl-tRNA synthetase multienzyme complex","cytoplasm","cytosol","Protein Complex"
"1619","P01703","extracellular region","immunoglobulin complex","plasma membrane","Extracellular/Secreted"
"1620","Q08380","blood microparticle","extracellular exosome","extracellular matrix","Blood Microparticle"
"1621","Q93008","axoneme","centrosome","cilium","Cilia/Centrosome/Neuron"
"1622","Q96CX2","postsynaptic membrane","presynaptic membrane","receptor complex","Membrane/Cell Surface"
"1623","Q9ULV4","actin cytoskeleton","actin filament","cell cortex","Cytoskeleton/Contractile"
"1624","Q9GZP4","cytoplasm","nucleus","sperm cytoplasmic droplet","Cytoplasm/Cytosol"
"1625","Q9H1E5","endomembrane system","endoplasmic reticulum","endoplasmic reticulum membrane","Membrane/Cell Surface"
"1626","P21980","chromatin","cytosol","endoplasmic reticulum","Nucleus/Chromatin"
"1627","P22033","cytoplasm","mitochondrial matrix","mitochondrion","Cytoplasm/Cytosol"
"1628","Q99426","cell cortex","cytoplasm","cytosol","Membrane/Cell Surface"
"1629","P16949","cytoplasm","cytosol","extracellular exosome","Cytoplasm/Cytosol"
"1630","O95989","cytoplasm","cytosol","glutamatergic synapse","Cytoplasm/Cytosol"
"1631","O15239","mitochondrial inner membrane","mitochondrial membrane","mitochondrion","Mitochondria"
"1632","P13647","cytoplasm","cytosol","extracellular exosome","Cytoplasm/Cytosol"
"1633","O95167","mitochondrial inner membrane","mitochondrion","respiratory chain complex I","Mitochondria"
"1634","Q9UKU7","mitochondrial matrix","mitochondrion",NA,"Mitochondria"
"1635","P53999","extracellular exosome","nucleolus","nucleoplasm","Extracellular/Secreted"
"1636","P55263","cytosol","nucleoplasm","nucleus","Cytoplasm/Cytosol"
"1637","O60437","cornified envelope","cytoplasm","cytoskeleton","Other"
"1638","P05455","chromosome, telomeric region","cytoplasm","cytoplasmic stress granule","Nucleus/Chromatin"
"1639","P11279","autolysosome","autophagosome membrane","azurophil granule membrane","ER/Golgi/Vesicle"
"1640","Q92930","cell tip","endosome","endosome membrane","Other"
"1641","P47813","cytoplasm","cytosol","eukaryotic 43S preinitiation complex","Cytoplasm/Cytosol"
"1642","O75534","CRD-mediated mRNA stability complex","cytoplasmic stress granule","cytosol","Protein Complex"
"1643","P98095","extracellular matrix","extracellular region","extracellular vesicle","Extracellular/Secreted"
"1644","P62820","cytosol","early endosome","endomembrane system","Cytoplasm/Cytosol"
"1645","Q00013","cell-cell junction","centriolar satellite","cortical cytoskeleton","Cell Junction/Adhesion"
"1646","Q9UHY1","cell cortex","cytoplasm","endomembrane system","Membrane/Cell Surface"
"1647","Q13361","extracellular matrix","extracellular region","microfibril","Extracellular/Secreted"
"1648","P35914","cytosol","mitochondrial matrix","mitochondrion","Cytoplasm/Cytosol"
"1649","Q99504","centrosome","cytoplasm","nucleoplasm","Cilia/Centrosome/Neuron"
"1650","Q4VC31","mitochondrial intermembrane space","mitochondrion",NA,"Mitochondria"
"1651","Q9UHA4","endosome membrane","extracellular exosome","FNIP-folliculin RagC/D GAP","Membrane/Cell Surface"
"1652","Q9Y3B8","cytoplasm","focal adhesion","mitochondrial intermembrane space","Cytoplasm/Cytosol"
"1653","Q92499","cleavage body","cytoplasm","cytoplasmic stress granule","Nucleus/Chromatin"
"1654","P09668","acrosomal vesicle","alveolar lamellar body","axoneme","Granule/Lysosome/Vesicle"
"1655","P63010","AP-2 adaptor complex","clathrin adaptor complex","clathrin-coated endocytic vesicle","Protein Complex"
"1656","P23229","cell surface","focal adhesion","integrin alpha6-beta1 complex","Membrane/Cell Surface"
"1657","Q9NQE9","cytoplasm","mitochondrion","nucleus","Cytoplasm/Cytosol"
"1658","P55039","cytoplasm","cytosol","membrane","Cytoplasm/Cytosol"
"1659","Q9Y5U8","inner mitochondrial membrane protein complex","mitochondrial inner membrane","mitochondrion","Mitochondria"
"1660","O75636","blood microparticle","collagen trimer","external side of plasma membrane","Blood Microparticle"
"1661","Q15008","cytosol","extracellular region","ficolin-1-rich granule lumen","Cytoplasm/Cytosol"
"1662","Q9H4B7","cytoplasm","extracellular exosome","intercellular bridge","Cytoplasm/Cytosol"
"1663","Q9H5X1","cytosol","cytosolic [4Fe-4S] assembly targeting complex","nucleoplasm","Cytoplasm/Cytosol"
"1664","P01717","blood microparticle","extracellular region","immunoglobulin complex","Blood Microparticle"
"1665","Q86WU2","mitochondrial inner membrane","mitochondrion",NA,"Mitochondria"
"1666","P55209","chromatin","cytoplasm","melanosome","Nucleus/Chromatin"
"1667","P04439","cell surface","early endosome membrane","endoplasmic reticulum","Membrane/Cell Surface"
"1668","P07910","actin cytoskeleton","catalytic step 2 spliceosome","chromatin","Cytoskeleton/Contractile"
"1669","Q6FI81","cytoplasm","mitochondrial intermembrane space","mitochondrion","Cytoplasm/Cytosol"
"1670","P27695","centrosome","chromosome, telomeric region","cytoplasm","Cilia/Centrosome/Neuron"
"1671","O00168","apical plasma membrane","caveola","intercalated disc","Membrane/Cell Surface"
"1672","Q9NX46","cytoplasm","mitochondrial matrix","mitochondrion","Cytoplasm/Cytosol"
"1673","Q9Y2R0","mitochondrial inner membrane","mitochondrion",NA,"Mitochondria"
"1674","Q9P003","COPII-coated ER to Golgi transport vesicle","endoplasmic reticulum","endoplasmic reticulum membrane","ER/Golgi/Vesicle"
"1675","Q8TEA8","cytoplasm","mitochondrion","nucleus","Cytoplasm/Cytosol"
"1676","P01111","cytosol","endoplasmic reticulum membrane","extracellular exosome","Cytoplasm/Cytosol"
"1677","P61160","actin cap","actin cytoskeleton","Arp2/3 protein complex","Cytoskeleton/Contractile"
"1678","P07360","blood microparticle","extracellular exosome","extracellular region","Blood Microparticle"
"1679","Q9Y2V2","cytoplasm","cytoplasmic exosome (RNase complex)","cytosol","Cytoplasm/Cytosol"
"1680","Q6IQ22","autophagosome","cytosol","endosome","ER/Golgi/Vesicle"
"1681","Q9UEY8","brush border","cell cortex","cell-cell junction","Other"
"1682","Q16610","extracellular exosome","extracellular matrix","extracellular region","Extracellular/Secreted"
"1683","Q9GZT3","acrosomal vesicle","mitochondrial matrix","mitochondrion","Granule/Lysosome/Vesicle"
"1684","Q04323","cytoplasm","cytosol","endoplasmic reticulum","Cytoplasm/Cytosol"
"1685","Q8NDH3","cytoplasm","nucleus",NA,"Cytoplasm/Cytosol"
"1686","Q14982","extracellular region","plasma membrane","side of membrane","Extracellular/Secreted"
"1687","P12829","A band","cytosol","myosin II complex","Sarcoplasmic/Myofibrillar"
"1688","Q96DH6","cytoplasm","cytosol",NA,"Cytoplasm/Cytosol"
"1689","Q99747","extracellular exosome","Golgi apparatus","lysosomal membrane","Extracellular/Secreted"
"1690","Q9BRQ8","cytoplasm","cytosol","extracellular space","Cytoplasm/Cytosol"
"1691","Q9UBQ0","cytosol","early endosome","endosome","Cytoplasm/Cytosol"
"1692","P62263","cytoplasm","cytosol","cytosolic ribosome","Cytoplasm/Cytosol"
"1693","Q9NUU7","cytoplasmic stress granule","membrane","nucleoplasm","Cytoplasm/Cytosol"
"1694","P06730","chromatoid body","cytoplasm","cytoplasmic ribonucleoprotein granule","Nucleus/Chromatin"
"1695","P07358","extracellular exosome","extracellular region","extracellular space","Extracellular/Secreted"
"1696","Q13409","centrosome","cytoplasm","cytoplasmic dynein complex","Cilia/Centrosome/Neuron"
"1697","O75955","adherens junction","basolateral plasma membrane","caveola","Cell Junction/Adhesion"
"1698","P22105","extracellular exosome","extracellular matrix","extracellular region","Extracellular/Secreted"
"1699","O43143","nuclear speck","nucleolus","nucleoplasm","Nucleus/Chromatin"
"1700","Q04837","extracellular exosome","mitochondrial matrix","mitochondrial nucleoid","Extracellular/Secreted"
"1701","P41236","",NA,NA,"Unknown"
"1702","O43615","fibrillar center","mitochondrial inner membrane","mitochondrial matrix","Nucleus/Chromatin"
"1703","Q96S19","",NA,NA,"Unknown"
"1704","P01714","extracellular exosome","extracellular region","immunoglobulin complex","Extracellular/Secreted"
"1705","Q5T440","mitochondrial matrix","mitochondrion",NA,"Mitochondria"
"1706","O14980","annulate lamellae","Cajal body","cytoplasm","ER/Golgi/Vesicle"
"1707","Q4V9L6","endoplasmic reticulum membrane","extracellular region","plasma membrane","Membrane/Cell Surface"
"1708","P83731","cytoplasm","cytosol","cytosolic large ribosomal subunit","Cytoplasm/Cytosol"
"1709","Q9UBX5","elastic fiber","extracellular exosome","extracellular matrix","Extracellular/Secreted"
"1710","P38606","apical plasma membrane","clathrin-coated vesicle membrane","cytosol","Membrane/Cell Surface"
"1711","P61952","heterotrimeric G-protein complex","plasma membrane",NA,"Protein Complex"
"1712","Q9H993","",NA,NA,"Unknown"
"1713","Q14165","endoplasmic reticulum","endoplasmic reticulum membrane","membrane","ER/Golgi/Vesicle"
"1714","Q6DKJ4","cytosol","nucleus",NA,"Cytoplasm/Cytosol"
"1715","P55884","cytoplasmic stress granule","cytosol","eukaryotic 43S preinitiation complex","Cytoplasm/Cytosol"
"1716","P98082","clathrin-coated pit","clathrin-coated vesicle","clathrin-coated vesicle membrane","ER/Golgi/Vesicle"
"1717","Q13838","cytoplasm","nuclear speck","nucleoplasm","Cytoplasm/Cytosol"
"1718","Q9UMY4","early endosome","early endosome membrane","retromer complex","ER/Golgi/Vesicle"
"1719","Q9Y4J8","axon","cell junction","cytoplasm","Cilia/Centrosome/Neuron"
"1720","Q5TFE4","",NA,NA,"Unknown"
"1721","P15104","cell body","cytoplasm","cytosol","Other"
"1722","O76003","cell cortex","cytoplasm","cytosol","Membrane/Cell Surface"
"1723","Q96D15","endoplasmic reticulum","endoplasmic reticulum lumen",NA,"ER/Golgi/Vesicle"
"1724","P29992","cytoplasm","extracellular exosome","heterotrimeric G-protein complex","Cytoplasm/Cytosol"
"1725","Q14254","acrosomal membrane","adherens junction","basolateral plasma membrane","Membrane/Cell Surface"
"1726","Q8TCT8","cytoplasmic side of endoplasmic reticulum membrane","extracellular exosome","Golgi-associated vesicle membrane","Cytoplasm/Cytosol"
"1727","P32969","cytoplasm","cytosol","cytosolic large ribosomal subunit","Cytoplasm/Cytosol"
"1728","P35813","cytosol","membrane","nucleoplasm","Cytoplasm/Cytosol"
"1729","P61421","apical plasma membrane","axon terminus","clathrin-coated vesicle membrane","Membrane/Cell Surface"
"1730","Q9BRG1","cytoplasm","cytosol","endosome membrane","Cytoplasm/Cytosol"
"1731","P03897","mitochondrial inner membrane","mitochondrion","respiratory chain complex I","Mitochondria"
"1732","P53634","azurophil granule lumen","centrosome","COPII-coated ER to Golgi transport vesicle","Granule/Lysosome/Vesicle"
"1733","P36959","cytosol","GMP reductase complex",NA,"Cytoplasm/Cytosol"
"1734","O43633","amphisome membrane","autophagosome membrane","chromatin","Membrane/Cell Surface"
"1735","Q9UI30","cytoplasm","cytosol","nucleoplasm","Cytoplasm/Cytosol"
"1736","P61313","cytoplasm","cytosol","cytosolic large ribosomal subunit","Cytoplasm/Cytosol"
"1737","P34913","cytosol","extracellular exosome","peroxisomal matrix","Cytoplasm/Cytosol"
"1738","Q86UX7","cell-substrate junction","extracellular exosome","extracellular region","Cell Junction/Adhesion"
"1739","Q99471","cytoplasm","cytosol","intermediate filament cytoskeleton","Cytoplasm/Cytosol"
"1740","P06756","alphav-beta3 integrin-HMGB1 complex","alphav-beta3 integrin-IGF-1-IGF1R complex","alphav-beta3 integrin-PKCalpha complex","Protein Complex"
"1741","P08246","azurophil granule lumen","cell surface","cytoplasm","Granule/Lysosome/Vesicle"
"1742","Q9HCU0","cytoplasm","external side of plasma membrane","extracellular exosome","Cytoplasm/Cytosol"
"1743","Q86V81","catalytic step 2 spliceosome","cytoplasm","cytosol","Protein Complex"
"1744","P49247","cytoplasm","cytosol","mitochondrion","Cytoplasm/Cytosol"
"1745","P55042","cytosol","plasma membrane",NA,"Cytoplasm/Cytosol"
"1746","P58005","cytoplasm","nucleus","TORC2 complex","Cytoplasm/Cytosol"
"1747","P21589","cell surface","cytosol","external side of plasma membrane","Membrane/Cell Surface"
"1748","P62070","endoplasmic reticulum","extracellular exosome","focal adhesion","ER/Golgi/Vesicle"
"1749","Q709C8","cytoplasm","cytosol","dense core granule membrane","Cytoplasm/Cytosol"
"1750","Q13907","cytoplasm","cytosol","peroxisome","Cytoplasm/Cytosol"
"1751","O43301","cytoplasm","extracellular exosome","nucleus","Cytoplasm/Cytosol"
"1752","O75367","Barr body","chromatin","chromosome, telomeric region","Nucleus/Chromatin"
"1753","P61254","cytoplasm","cytosol","cytosolic large ribosomal subunit","Cytoplasm/Cytosol"
"1754","Q9H0Z9","cytosol","nucleus",NA,"Cytoplasm/Cytosol"
"1755","P36578","cytoplasm","cytosol","cytosolic large ribosomal subunit","Cytoplasm/Cytosol"
"1756","P54136","aminoacyl-tRNA synthetase multienzyme complex","cytoplasm","cytosol","Protein Complex"
"1757","Q8NBS9","azurophil granule lumen","endoplasmic reticulum","endoplasmic reticulum lumen","Granule/Lysosome/Vesicle"
"1758","Q8NE71","cytoplasm","cytosol","membrane","Cytoplasm/Cytosol"
"1759","Q9H2H8","catalytic step 2 spliceosome","nucleoplasm",NA,"Protein Complex"
"1760","Q8TCD5","cytoplasm","cytosol","extracellular exosome","Cytoplasm/Cytosol"
"1761","P05543","extracellular exosome","extracellular region","extracellular space","Extracellular/Secreted"
"1762","Q92522","chromosome","nucleolus","nucleoplasm","Nucleus/Chromatin"
"1763","Q9H0R4","cytoplasm","extracellular exosome",NA,"Cytoplasm/Cytosol"
"1764","Q13177","cell-cell junction","cytoplasm","cytosol","Cell Junction/Adhesion"
"1765","Q8TB45","lysosomal membrane","plasma membrane",NA,"Membrane/Cell Surface"
"1766","O60256","cytoplasm",NA,NA,"Cytoplasm/Cytosol"
"1767","Q92781","cell body","endoplasmic reticulum lumen","endoplasmic reticulum membrane","Other"
"1768","Q9BYT8","cytosol","extracellular region","mitochondrial intermembrane space","Cytoplasm/Cytosol"
"1769","Q96K17","",NA,NA,"Unknown"
"1770","Q9UKY7","cytoplasm","cytosol","plasma membrane","Cytoplasm/Cytosol"
"1771","P60228","chromatin","cytoplasm","cytosol","Nucleus/Chromatin"
"1772","P61020","early endosome","early endosome membrane","endocytic vesicle","ER/Golgi/Vesicle"
"1773","P36405","centrosome","ciliary basal body","ciliary transition zone","Cilia/Centrosome/Neuron"
"1774","P40121","actin cytoskeleton","centriole","chromosome","Cytoskeleton/Contractile"
"1775","Q9Y371","autophagosome membrane","cytoplasm","cytoplasmic vesicle","Membrane/Cell Surface"
"1776","Q13884","cytoskeleton","dystrophin-associated glycoprotein complex","focal adhesion","Cytoskeleton/Contractile"
"1777","P15170","cytoplasm","cytosol","cytosolic ribosome","Cytoplasm/Cytosol"
"1778","Q96S97","cell-cell junction","cortical actin cytoskeleton","membrane raft","Cell Junction/Adhesion"
"1779","P02461","collagen type III trimer","endoplasmic reticulum lumen","extracellular matrix","Extracellular/Secreted"
"1780","Q86U28","mitochondrial [4Fe-4S] assembly complex","mitochondrial matrix","mitochondrion","Mitochondria"
"1781","P05107","cell surface","external side of plasma membrane","extracellular exosome","Membrane/Cell Surface"
"1782","Q16647","caveola","endoplasmic reticulum","endoplasmic reticulum lumen","Membrane/Cell Surface"
"1783","Q15208","cytoplasm","cytosol","glutamatergic synapse","Cytoplasm/Cytosol"
"1784","Q14520","extracellular region","extracellular space",NA,"Extracellular/Secreted"
"1785","P41091","cytoplasm","cytosol","eukaryotic translation initiation factor 2 complex","Cytoplasm/Cytosol"
"1786","Q3ZCQ8","endoplasmic reticulum","Golgi apparatus","mitochondrial inner membrane","ER/Golgi/Vesicle"
"1787","O95373","cytosol","membrane","nuclear envelope","Cytoplasm/Cytosol"
"1788","Q6UW78","cytosol","mitochondrial inner membrane","mitochondrion","Cytoplasm/Cytosol"
"1789","Q14203","acrosomal vesicle","axon","cell cortex","Granule/Lysosome/Vesicle"
"1790","Q12907","cell surface","COPII-coated ER to Golgi transport vesicle","endoplasmic reticulum membrane","Membrane/Cell Surface"
"1791","P56181","mitochondrial inner membrane","mitochondrion","respiratory chain complex I","Mitochondria"
"1792","O00571","cell leading edge","centrosome","cytoplasm","Membrane/Cell Surface"
"1793","Q13619","Cul4-RING E3 ubiquitin ligase complex","Cul4A-RING E3 ubiquitin ligase complex","cytoplasm","Protein Complex"
"1794","A0A0B4J2F0","mitochondrial outer membrane","mitochondrion",NA,"Mitochondria"
"1795","Q96DC8","mitochondrion",NA,NA,"Mitochondria"
"1796","P54868","mitochondrial matrix","mitochondrion",NA,"Mitochondria"
"1797","Q969L2","apical plasma membrane","endomembrane system","extracellular exosome","Membrane/Cell Surface"
"1798","Q07954","basolateral plasma membrane","clathrin-coated pit","cytosol","Membrane/Cell Surface"
"1799","Q9C0E8","endoplasmic reticulum","endoplasmic reticulum membrane","endoplasmic reticulum tubular network","ER/Golgi/Vesicle"
"1800","Q96CB9","mitochondrial large ribosomal subunit","mitochondrial matrix","mitochondrion","Mitochondria"
"1801","Q96GG9","cytoplasm","cytosol","nucleoplasm","Cytoplasm/Cytosol"
"1802","Q9UKL6","cytosol",NA,NA,"Cytoplasm/Cytosol"
"1803","Q92599","axon","cell division site","microtubule cytoskeleton","Cilia/Centrosome/Neuron"
"1804","Q9Y3D2","cytoplasm","cytosol","mitochondrion","Cytoplasm/Cytosol"
"1805","Q92954","extracellular matrix","extracellular space",NA,"Extracellular/Secreted"
"1806","P42773","cytoplasm","cytosol","nucleus","Cytoplasm/Cytosol"
"1807","Q9Y237","chromosome","cytoplasm","mitochondrial matrix","Nucleus/Chromatin"
"1808","P52788","cytosol","extracellular exosome",NA,"Cytoplasm/Cytosol"
"1809","Q9UKV8","cytoplasm","cytoplasmic ribonucleoprotein granule","cytosol","Cytoplasm/Cytosol"
"1810","Q8NI37","mitochondrial matrix","mitochondrial outer membrane","mitochondrion","Mitochondria"
"1811","P50851","cytosol","endoplasmic reticulum membrane","Golgi apparatus","Cytoplasm/Cytosol"
"1812","Q15293","endoplasmic reticulum","endoplasmic reticulum lumen",NA,"ER/Golgi/Vesicle"
"1813","Q9BZV1","centrosome","cytoplasm","cytosol","Cilia/Centrosome/Neuron"
"1814","Q13618","centrosome","Cul3-RING ubiquitin ligase complex","cytoplasm","Cilia/Centrosome/Neuron"
"1815","Q9Y240","cytoplasm","extracellular region","extracellular space","Cytoplasm/Cytosol"
"1816","P35611","adherens junction","cytoplasm","cytoskeleton","Cell Junction/Adhesion"
"1817","O75348","apical plasma membrane","cytosol","extracellular exosome","Membrane/Cell Surface"
"1818","P30622","cell cortex","centrosome","cytoplasmic vesicle membrane","Membrane/Cell Surface"
"1819","P07196","axon","axon cytoplasm","cholinergic synapse","Cilia/Centrosome/Neuron"
"1820","P63096","cell cortex","centriolar satellite","centrosome","Membrane/Cell Surface"
"1821","Q99613","cytosol","eukaryotic 43S preinitiation complex","eukaryotic 48S preinitiation complex","Cytoplasm/Cytosol"
"1822","O43242","cytosol","extracellular exosome","extracellular region","Cytoplasm/Cytosol"
"1823","P00156","membrane","mitochondrial inner membrane","mitochondrion","Membrane/Cell Surface"
"1824","P54105","cilium","cytoskeleton","cytosol","Cilia/Centrosome/Neuron"
"1825","Q86VB7","cytosol","endocytic vesicle membrane","external side of plasma membrane","Cytoplasm/Cytosol"
"1826","Q02818","endoplasmic reticulum lumen","endoplasmic reticulum-Golgi intermediate compartment","extracellular exosome","ER/Golgi/Vesicle"
"1827","O43681","cytoplasm","endoplasmic reticulum membrane","extracellular exosome","Cytoplasm/Cytosol"
"1828","P06681","cell surface","extracellular exosome","extracellular region","Membrane/Cell Surface"
"1829","Q08211","actin cytoskeleton","centrosome","CRD-mediated mRNA stability complex","Cytoskeleton/Contractile"
"1830","Q8N5M1","cytosol","mitochondrial inner membrane","mitochondrion","Cytoplasm/Cytosol"
"1831","O75821","cytoplasm","cytosol","eukaryotic 43S preinitiation complex","Cytoplasm/Cytosol"
"1832","Q14061","cytoplasm","mitochondrial intermembrane space","mitochondrion","Cytoplasm/Cytosol"
"1833","Q9BUB7","mitochondrial crista","mitochondrial inner membrane","mitochondrial membrane","Mitochondria"
"1834","Q15526","mitochondrial inner membrane","mitochondrion","respiratory chain complex","Mitochondria"
"1835","O43865","apical plasma membrane","cytoplasm","cytosol","Membrane/Cell Surface"
"1836","P16112","extracellular matrix","extracellular region","extracellular space","Extracellular/Secreted"
"1837","P61764","axon","cytoplasm","cytosol","Cilia/Centrosome/Neuron"
"1838","O00186","apical plasma membrane","basolateral plasma membrane","cytosol","Membrane/Cell Surface"
"1839","Q8N2U0","extracellular exosome","membrane","mitochondrion","Extracellular/Secreted"
"1840","P04921","cortical cytoskeleton","membrane","plasma membrane","Cytoskeleton/Contractile"
"1841","Q9HA65","autophagosome","cytosol","recycling endosome","ER/Golgi/Vesicle"
"1842","O00423","cytosol","microtubule","microtubule associated complex","Cytoplasm/Cytosol"
"1843","Q14108","clathrin-coated endocytic vesicle membrane","endocytic vesicle membrane","endoplasmic reticulum membrane","Membrane/Cell Surface"
"1844","P09543","cytoplasm","extracellular exosome","extracellular space","Cytoplasm/Cytosol"
"1845","Q9UHB6","actin cytoskeleton","actin filament","brush border membrane","Cytoskeleton/Contractile"
"1846","Q9NVH1","MIB complex","mitochondrial outer membrane","mitochondrion","Protein Complex"
"1847","Q14257","endoplasmic reticulum","endoplasmic reticulum lumen","nucleolus","ER/Golgi/Vesicle"
"1848","Q5JRX3","mitochondrial matrix","mitochondrion",NA,"Mitochondria"
"1849","P30519","endoplasmic reticulum membrane","membrane","plasma membrane","Membrane/Cell Surface"
"1850","Q10588","extracellular exosome","extracellular region","plasma membrane","Extracellular/Secreted"
"1851","P0DN76","",NA,NA,"Unknown"
"1852","Q96GZ6","mitochondrial inner membrane","plasma membrane",NA,"Mitochondria"
"1853","P48509","basement membrane","cell surface","cytosol","Extracellular/Secreted"
"1854","Q9UIL1","cytosol","Golgi apparatus","Golgi membrane","Cytoplasm/Cytosol"
"1855","Q9NZL9","cytosol","extracellular exosome","methionine adenosyltransferase complex","Cytoplasm/Cytosol"
"1856","Q8WYQ3","MICOS complex","mitochondrial intermembrane space","mitochondrion","Mitochondria"
"1857","Q99829","azurophil granule membrane","cytoplasm","cytosol","Membrane/Cell Surface"
"1858","P38159","catalytic step 2 spliceosome","euchromatin","extracellular exosome","Protein Complex"
"1859","P08962","azurophil granule membrane","cell surface","endosome lumen","Membrane/Cell Surface"
"1860","Q9P0P8","mitochondrial matrix","mitochondrion",NA,"Mitochondria"
"1861","Q10567","AP-1 adaptor complex","cytoplasmic vesicle membrane","cytosol","Protein Complex"
"1862","Q00G26","cytoplasm","cytosol","lipid droplet","Cytoplasm/Cytosol"
"1863","Q8IXS6","apical plasma membrane","side of membrane",NA,"Membrane/Cell Surface"
"1864","P53990","azurophil granule lumen","centrosome","chromatin","Granule/Lysosome/Vesicle"
"1865","Q15363","COPI-coated vesicle","COPI-coated vesicle membrane","COPII-coated ER to Golgi transport vesicle","ER/Golgi/Vesicle"
"1866","Q9P032","cytosol","mitochondrial inner membrane","mitochondrial membrane","Cytoplasm/Cytosol"
"1867","Q16270","endoplasmic reticulum lumen","extracellular exosome","extracellular matrix","ER/Golgi/Vesicle"
"1868","Q9Y3E7","amphisome membrane","autophagosome membrane","cytoplasmic vesicle","Membrane/Cell Surface"
"1869","Q9UJ68","cytoplasm","cytosol","extracellular exosome","Cytoplasm/Cytosol"
"1870","Q9Y6P5","cytoplasm","cytosol","fibrillar center","Cytoplasm/Cytosol"
"1871","P22102","cytosol","extracellular exosome",NA,"Cytoplasm/Cytosol"
"1872","Q9NWU1","cytosol","mitochondrial matrix","mitochondrion","Cytoplasm/Cytosol"
"1873","Q96AN5","membrane","mitochondrion",NA,"Membrane/Cell Surface"
"1874","Q8N5G0","extracellular region","mitochondrial inner membrane","mitochondrion","Extracellular/Secreted"
"1875","P03905","mitochondrial inner membrane","mitochondrion","respiratory chain complex I","Mitochondria"
"1876","Q96JJ7","cell surface","endoplasmic reticulum","endoplasmic reticulum membrane","Membrane/Cell Surface"
"1877","P21281","apical plasma membrane","clathrin-coated vesicle membrane","cytosol","Membrane/Cell Surface"
"1878","O15400","azurophil granule","early endosome","early endosome membrane","Granule/Lysosome/Vesicle"
"1879","Q9BXD5","cytosol",NA,NA,"Cytoplasm/Cytosol"
"1880","Q9NP97","centrosome","ciliary tip","cilium","Cilia/Centrosome/Neuron"
"1881","O60826","centrosome","cytosol","endosome","Cilia/Centrosome/Neuron"
"1882","P52597","catalytic step 2 spliceosome","cytosol","membrane","Protein Complex"
"1883","P84095","cell projection","cytoplasmic vesicle","cytoskeleton","Other"
"1884","Q9Y230","centrosome","ciliary basal body","cytoplasm","Cilia/Centrosome/Neuron"
"1885","P16401","chromatin","chromosome","euchromatin","Nucleus/Chromatin"
"1886","Q13617","Cul2-RING ubiquitin ligase complex","cytosol","nucleolus","Protein Complex"
"1887","P05160","extracellular region","extracellular space","transferase complex","Extracellular/Secreted"
"1888","P26583","chromatin","condensed chromosome","cytoplasm","Nucleus/Chromatin"
"1889","P50416","membrane","mitochondrial outer membrane","mitochondrion","Membrane/Cell Surface"
"1890","Q8IWA5","extracellular exosome","lysosomal membrane","membrane","Extracellular/Secreted"
"1891","P34897","BRISC complex","cytoplasm","extracellular exosome","Protein Complex"
"1892","Q8N4Q0","mitochondrion","peroxisome",NA,"Mitochondria"
"1893","P28907","basolateral plasma membrane","cell surface","extracellular exosome","Membrane/Cell Surface"
"1894","Q9UNS2","COP9 signalosome","cytoplasm","cytosol","Protein Complex"
"1895","Q16773","cytoplasm","cytosol","mitochondrion","Cytoplasm/Cytosol"
"1896","A0A0C4DH29","extracellular region","immunoglobulin complex","plasma membrane","Extracellular/Secreted"
"1897","P28289","actin filament","cortical cytoskeleton","cytoskeleton","Cytoskeleton/Contractile"
"1898","P19623","cytosol",NA,NA,"Cytoplasm/Cytosol"
"1899","Q5HYK7","cytosol","nucleoplasm","plasma membrane","Cytoplasm/Cytosol"
"1900","Q12846","basolateral plasma membrane","cell surface","cytosol","Membrane/Cell Surface"
"1901","Q15075","axonal spine","cytosol","early endosome","Cilia/Centrosome/Neuron"
"1902","P40261","cytosol",NA,NA,"Cytoplasm/Cytosol"
"1903","Q14139","cytoplasm","nucleus","ubiquitin ligase complex","Cytoplasm/Cytosol"
"1904","Q8WUD1","acrosomal vesicle","autophagosome membrane","endoplasmic reticulum membrane","Granule/Lysosome/Vesicle"
"1905","Q9HBH5","cytosol","endoplasmic reticulum","endoplasmic reticulum membrane","Cytoplasm/Cytosol"
"1906","Q9NZP8","blood microparticle","extracellular exosome","extracellular space","Blood Microparticle"
"1907","P60520","autophagosome","autophagosome membrane","cytoplasm","ER/Golgi/Vesicle"
"1908","Q92879","cytoplasm","cytoplasmic stress granule","membrane","Cytoplasm/Cytosol"
"1909","Q13616","cullin-RING ubiquitin ligase complex","cytoplasm","cytosol","Protein Complex"
"1910","P49441","cytosol",NA,NA,"Cytoplasm/Cytosol"
"1911","O95816","axon","cytosol","dendrite","Cilia/Centrosome/Neuron"
"1912","P31942","nucleoplasm","nucleus","ribonucleoprotein complex","Nucleus/Chromatin"
"1913","Q8IZ83","membrane",NA,NA,"Membrane/Cell Surface"
"1914","Q9NRV9","extracellular exosome","extracellular region","mitochondrion","Extracellular/Secreted"
"1915","Q9HBI1","actin cytoskeleton","cytoplasm","cytosol","Cytoskeleton/Contractile"
"1916","Q5T6F2","chromosome","cytoplasm","nucleus","Nucleus/Chromatin"
"1917","Q96DB5","cytoplasm","mitochondrion","mitotic spindle pole","Cytoplasm/Cytosol"
"1918","P01344","extracellular region","extracellular space","platelet alpha granule lumen","Extracellular/Secreted"
"1919","O95479","endoplasmic reticulum","endoplasmic reticulum lumen","sarcoplasmic reticulum","ER/Golgi/Vesicle"
"1920","Q13564","cytoplasm","cytosol","glutamatergic synapse","Cytoplasm/Cytosol"
"1921","Q9BRT3","cytoplasmic side of plasma membrane","cytosol","mitochondrion","Cytoplasm/Cytosol"
"1922","Q09028","ATPase complex","CAF-1 complex","chromatin","Protein Complex"
"1923","O00303","cytosol","eukaryotic 43S preinitiation complex","eukaryotic 48S preinitiation complex","Cytoplasm/Cytosol"
"1924","P56199","acrosomal vesicle","basal part of cell","cell surface","Granule/Lysosome/Vesicle"
"1925","Q9HA64","cytosol",NA,NA,"Cytoplasm/Cytosol"
"1926","P39210","cytoplasm","cytosol","mitochondrial inner membrane","Cytoplasm/Cytosol"
"1927","O75351","ATPase complex","centrosome","cytoplasm","Protein Complex"
"1928","P42677","cytosol","cytosolic ribosome","cytosolic small ribosomal subunit","Cytoplasm/Cytosol"
"1929","P14735","basolateral plasma membrane","cell surface","cytoplasm","Membrane/Cell Surface"
"1930","Q9Y696","actin cytoskeleton","apical part of cell","cell surface","Cytoskeleton/Contractile"
"1931","P07686","acrosomal vesicle","azurophil granule","azurophil granule lumen","Granule/Lysosome/Vesicle"
"1932","Q9UMS0","cytosol","mitochondrial matrix","mitochondrion","Cytoplasm/Cytosol"
"1933","Q9Y450","cytosol","cytosolic ribosome","Dom34-Hbs1 complex","Cytoplasm/Cytosol"
"1934","Q9Y6Y8","COPII-coated ER to Golgi transport vesicle","cytoplasm","cytosol","ER/Golgi/Vesicle"
"1935","Q9NR45","cytoplasm","cytosol","extracellular exosome","Cytoplasm/Cytosol"
"1936","P62913","cytoplasm","cytosol","cytosolic large ribosomal subunit","Cytoplasm/Cytosol"
"1937","Q14696","endoplasmic reticulum","plasma membrane",NA,"ER/Golgi/Vesicle"
"1938","O43374","cytosol","plasma membrane",NA,"Cytoplasm/Cytosol"
"1939","P15169","extracellular region","extracellular space",NA,"Extracellular/Secreted"
"1940","O15498","apical dendrite","basal dendrite","cytoplasm","Cilia/Centrosome/Neuron"
"1941","Q96I23","endoplasmic reticulum membrane","mitochondrion",NA,"Membrane/Cell Surface"
"1942","Q53H82","mitochondrial matrix","mitochondrion",NA,"Mitochondria"
"1943","P62304","catalytic step 2 spliceosome","cytosol","methylosome","Protein Complex"
"1944","Q03169","exocyst","extracellular space",NA,"Other"
"1945","P08174","cell surface","endoplasmic reticulum-Golgi intermediate compartment membrane","extracellular exosome","Membrane/Cell Surface"
"1946","Q9H3N1","endomembrane system","endoplasmic reticulum membrane","extracellular region","Membrane/Cell Surface"
"1947","Q9UDX3","cytoplasm",NA,NA,"Cytoplasm/Cytosol"
"1948","Q9H3H3","",NA,NA,"Unknown"
"1949","O95376","cytoplasm","nucleoplasm","nucleus","Cytoplasm/Cytosol"
"1950","Q8N129","extracellular region",NA,NA,"Extracellular/Secreted"
"1951","Q9Y2R5","mitochondrial inner membrane","mitochondrial small ribosomal subunit","mitochondrion","Mitochondria"
"1952","Q04759","aggresome","centriolar satellite","cytosol","Granule/Lysosome/Vesicle"
"1953","Q9Y5M8","cytoplasm","cytoplasmic microtubule","endoplasmic reticulum membrane","Cytoplasm/Cytosol"
"1954","P52566","cytoplasm","cytoplasmic vesicle","cytoskeleton","Cytoplasm/Cytosol"
"1955","Q16527","cytoplasm","focal adhesion","nucleus","Cytoplasm/Cytosol"
"1956","Q9Y4E8","cytoplasm","cytosol","mitochondrion","Cytoplasm/Cytosol"
"1957","P37235","membrane",NA,NA,"Membrane/Cell Surface"
"1958","Q15031","mitochondrial matrix","mitochondrion",NA,"Mitochondria"
"1959","Q86V88","",NA,NA,"Unknown"
"1960","P39059","basement membrane","collagen type XV trimer","endoplasmic reticulum","Extracellular/Secreted"
"1961","P27487","apical plasma membrane","cell surface","endocytic vesicle","Membrane/Cell Surface"
"1962","P52815","mitochondrial inner membrane","mitochondrial large ribosomal subunit","mitochondrial matrix","Mitochondria"
"1963","Q8NC42","cytoplasm","endoplasmic reticulum","Golgi apparatus","Cytoplasm/Cytosol"
"1964","O00748","endoplasmic reticulum","endoplasmic reticulum lumen",NA,"ER/Golgi/Vesicle"
"1965","Q12841","endoplasmic reticulum lumen","extracellular exosome","extracellular region","ER/Golgi/Vesicle"
"1966","Q13113","apical plasma membrane","extracellular exosome",NA,"Membrane/Cell Surface"
"1967","P09110","cytosol","extracellular region","membrane","Cytoplasm/Cytosol"
"1968","Q06124","cytoplasm","cytosol","focal adhesion","Cytoplasm/Cytosol"
"1969","Q14116","cytosol","extracellular region","extracellular space","Cytoplasm/Cytosol"
"1970","Q9BWM7","mitochondrial inner membrane","mitochondrion",NA,"Mitochondria"
"1971","Q9Y3C8","extracellular exosome",NA,NA,"Extracellular/Secreted"
"1972","Q8NBJ7","endoplasmic reticulum","endoplasmic reticulum lumen",NA,"ER/Golgi/Vesicle"
"1973","P00748","extracellular exosome","extracellular matrix","extracellular region","Extracellular/Secreted"
"1974","Q13336","basolateral plasma membrane","plasma membrane",NA,"Membrane/Cell Surface"
"1975","Q63ZY3","cytoplasm","mitochondrion",NA,"Cytoplasm/Cytosol"
"1976","P35659","B-WICH complex","contractile muscle fiber","nucleolus","Protein Complex"
"1977","Q96AG4","cytoplasm","endoplasmic reticulum","endoplasmic reticulum membrane","Cytoplasm/Cytosol"
"1978","Q9BUT1","cytoplasm","cytosol","extracellular exosome","Cytoplasm/Cytosol"
"1979","Q9H8S9","cytoplasm","cytosol","extracellular exosome","Cytoplasm/Cytosol"
"1980","Q13155","aminoacyl-tRNA synthetase multienzyme complex","cytosol","membrane","Protein Complex"
"1981","P84098","cytoplasm","cytosol","cytosolic large ribosomal subunit","Cytoplasm/Cytosol"
"1982","P24158","azurophil granule lumen","cytosol","extracellular exosome","Granule/Lysosome/Vesicle"
"1983","O60220","mitochondrial inner membrane","mitochondrial intermembrane space","mitochondrial intermembrane space chaperone complex","Mitochondria"
"1984","Q9Y285","cytoplasm","cytosol","membrane","Cytoplasm/Cytosol"
"1985","P05164","azurophil granule","azurophil granule lumen","extracellular exosome","Granule/Lysosome/Vesicle"
"1986","P33151","adherens junction","bicellular tight junction","catenin complex","Cell Junction/Adhesion"
"1987","Q9UBR2","cell cortex","cell surface","COPII-coated ER to Golgi transport vesicle","Membrane/Cell Surface"
"1988","P04275","endoplasmic reticulum","extracellular exosome","extracellular matrix","ER/Golgi/Vesicle"
"1989","Q9UJZ1","actin cytoskeleton","immunological synapse","membrane raft","Cytoskeleton/Contractile"
"1990","P84103","cytoplasm","nuclear speck","nucleoplasm","Cytoplasm/Cytosol"
"1991","Q96C19","membrane raft",NA,NA,"Membrane/Cell Surface"
"1992","P16455","membrane","nucleoplasm","nucleus","Membrane/Cell Surface"
"1993","Q8NBF2","cytosol","extracellular region","platelet alpha granule lumen","Cytoplasm/Cytosol"
"1994","P45984","cytoplasm","cytosol","mitochondrion","Cytoplasm/Cytosol"
"1995","Q14714","dystrophin-associated glycoprotein complex","Golgi membrane","plasma membrane","Sarcoplasmic/Myofibrillar"
"1996","P16284","cell-cell contact zone","cell-cell junction","cytosol","Cell Junction/Adhesion"
"1997","P20339","actin cytoskeleton","axon","axon terminus","Cytoskeleton/Contractile"
"1998","P51665","cytosol","extracellular exosome","extracellular region","Cytoplasm/Cytosol"
"1999","Q9HAT2","extracellular exosome","extracellular space","lysosome","Extracellular/Secreted"
"2000","P0DOY3","blood microparticle","extracellular exosome","extracellular region","Blood Microparticle"
"2001","Q16539","cytoplasm","cytosol","extracellular region","Cytoplasm/Cytosol"
"2002","Q8N3D4","endosome","membrane",NA,"ER/Golgi/Vesicle"
"2003","Q9H4G0","cytoskeleton","cytosol","plasma membrane","Cytoskeleton/Contractile"
"2004","P61006","actin cytoskeleton","axoneme","centriolar satellite","Cytoskeleton/Contractile"
"2005","Q9Y5X3","brush border","cytoplasmic side of early endosome membrane","cytoplasmic side of plasma membrane","Other"
"2006","P14780","extracellular exosome","extracellular matrix","extracellular region","Extracellular/Secreted"
"2007","O14841","cytosol",NA,NA,"Cytoplasm/Cytosol"
"2008","Q9H061","mitochondrial inner membrane","mitochondrion","plasma membrane","Mitochondria"
"2009","P20042","cytoplasm","cytosol","eukaryotic translation initiation factor 2 complex","Cytoplasm/Cytosol"
"2010","P56537","cytoplasm","cytosol","extracellular exosome","Cytoplasm/Cytosol"
"2011","Q9H3K6","cytoplasm","cytosol","iron-sulfur cluster assembly complex","Cytoplasm/Cytosol"
"2012","P16118","6-phosphofructo-2-kinase/fructose-2,6-biphosphatase complex","cytosol",NA,"Protein Complex"
"2013","Q9BQA1","Cul4B-RING E3 ubiquitin ligase complex","cytoplasm","cytosol","Protein Complex"
"2014","P23246","chromatin","cytosol","dendrite","Nucleus/Chromatin"
"2015","P24043","basement membrane","dendritic spine","extracellular matrix","Extracellular/Secreted"
"2016","Q8WZA0","",NA,NA,"Unknown"
"2017","Q15119","cytosol","mitochondrial matrix","mitochondrion","Cytoplasm/Cytosol"
"2018","P11234","extracellular exosome","midbody","plasma membrane","Extracellular/Secreted"
"2019","P62854","cytoplasm","cytoplasmic side of rough endoplasmic reticulum membrane","cytosol","Cytoplasm/Cytosol"
"2020","P13535","cytoplasm","cytosol","muscle myosin complex","Cytoplasm/Cytosol"
"2021","Q9H3Q1","actin cytoskeleton","adherens junction","cytoplasm","Cytoskeleton/Contractile"
"2022","Q9UG63","membrane","plasma membrane",NA,"Membrane/Cell Surface"
"2023","P01880","blood microparticle","extracellular exosome","extracellular space","Blood Microparticle"
"2024","Q96CW1","AP-2 adaptor complex","clathrin-coated endocytic vesicle","clathrin-coated endocytic vesicle membrane","Protein Complex"
"2025","P48739","cytoplasm","endoplasmic reticulum membrane","Golgi apparatus","Cytoplasm/Cytosol"
"2026","P51659","cytosol","membrane","peroxisomal matrix","Cytoplasm/Cytosol"
"2027","Q9H845","dendrite","mitochondrial inner membrane","mitochondrial membrane","Cilia/Centrosome/Neuron"
"2028","Q17R31","mitochondrion","nucleus",NA,"Mitochondria"
"2029","Q99729","chromatin","cytoplasm","dendrite","Nucleus/Chromatin"
"2030","O14735","endoplasmic reticulum membrane","Golgi apparatus","membrane","Membrane/Cell Surface"
"2031","P50135","centrosome","cytoplasm","cytosol","Cilia/Centrosome/Neuron"
"2032","Q5VT66","mitochondrial outer membrane","mitochondrion","nitric-oxide synthase complex","Mitochondria"
"2033","Q92945","cytoplasm","cytosol","membrane","Cytoplasm/Cytosol"
"2034","O14874","mitochondrial matrix","mitochondrion","oxoglutarate dehydrogenase complex","Mitochondria"
"2035","P02788","cell surface","cytoplasm","early endosome","Membrane/Cell Surface"
"2036","P61916","azurophil granule lumen","endoplasmic reticulum","extracellular exosome","Granule/Lysosome/Vesicle"
"2037","Q92890","cytosol","nucleoplasm","nucleus","Cytoplasm/Cytosol"
"2038","Q14764","cytoplasm","cytoskeleton","cytosol","Cytoplasm/Cytosol"
"2039","P47914","cytoplasm","cytosol","cytosolic large ribosomal subunit","Cytoplasm/Cytosol"
"2040","O43741","cytoplasm","cytosol","nucleoplasm","Cytoplasm/Cytosol"
"2041","Q9Y624","bicellular tight junction","cell junction","cell-cell junction","Cell Junction/Adhesion"
"2042","Q9NXA8","cytosol","mitochondrial inner membrane","mitochondrial intermembrane space","Cytoplasm/Cytosol"
"2043","Q9Y508","cytosol","nucleus","plasma membrane","Cytoplasm/Cytosol"
"2044","Q8WUY1","extracellular region",NA,NA,"Extracellular/Secreted"
"2045","P22307","cytoplasm","cytosol","endoplasmic reticulum","Cytoplasm/Cytosol"
"2046","Q99766","cytoplasm","mitochondrial inner membrane","mitochondrion","Cytoplasm/Cytosol"
"2047","Q00341","cytoplasm","high-density lipoprotein particle","nucleus","Cytoplasm/Cytosol"
"2048","O15305","ciliary tip","cilium","cytosol","Cilia/Centrosome/Neuron"
"2049","Q9NUB1","mitochondrial matrix","mitochondrion",NA,"Mitochondria"
"2050","O75828","cytosol","extracellular space","nucleoplasm","Cytoplasm/Cytosol"
"2051","P51151","cytosol","endoplasmic reticulum membrane","extracellular exosome","Cytoplasm/Cytosol"
"2052","O96008","cytosol","membrane","mitochondria-associated endoplasmic reticulum membrane contact site","Cytoplasm/Cytosol"
"2053","Q8IZP0","actin-based cell projection","cytoskeleton","cytosol","Cytoskeleton/Contractile"
"2054","O15143","actin cytoskeleton","Arp2/3 protein complex","cytosol","Cytoskeleton/Contractile"
"2055","Q3ZCW2","",NA,NA,"Unknown"
"2056","P53618","COPI vesicle coat","cytosol","endoplasmic reticulum membrane","ER/Golgi/Vesicle"
"2057","Q8WWV3","mitochondrial matrix","mitochondrial outer membrane","mitochondrion","Mitochondria"
"2058","P79483","autolysosome membrane","clathrin-coated endocytic vesicle membrane","endocytic vesicle membrane","Membrane/Cell Surface"
"2059","P49588","cytoplasm","cytosol","extracellular exosome","Cytoplasm/Cytosol"
"2060","Q8NC51","cytoplasm","cytosol","extracellular exosome","Cytoplasm/Cytosol"
"2061","Q86YJ6","extracellular space",NA,NA,"Extracellular/Secreted"
"2062","O95881","endoplasmic reticulum","endoplasmic reticulum lumen",NA,"ER/Golgi/Vesicle"
"2063","Q9UMR2","cytoplasm","cytoplasmic stress granule","extracellular exosome","Cytoplasm/Cytosol"
"2064","Q15942","actin cytoskeleton","adherens junction","cytoplasm","Cytoskeleton/Contractile"
"2065","P35858","extracellular exosome","extracellular region","extracellular space","Extracellular/Secreted"
"2066","Q96RQ3","cytosol","methylcrotonoyl-CoA carboxylase complex","mitochondrial matrix","Cytoplasm/Cytosol"
"2067","Q9BTE6","cytoplasm","nucleus",NA,"Cytoplasm/Cytosol"
"2068","Q96EL3","mitochondrial inner membrane","mitochondrial large ribosomal subunit","mitochondrion","Mitochondria"
"2069","Q96S52","endoplasmic reticulum membrane","GPI-anchor transamidase complex","membrane","Membrane/Cell Surface"
"2070","P37108","cytoplasm","cytosol","extracellular region","Cytoplasm/Cytosol"
"2071","Q27J81","actin filament","perinuclear region of cytoplasm",NA,"Cytoskeleton/Contractile"
"2072","P49257","COPII-coated ER to Golgi transport vesicle","endoplasmic reticulum","endoplasmic reticulum membrane","ER/Golgi/Vesicle"
"2073","Q9BR76","actin filament","cell leading edge","cell periphery","Cytoskeleton/Contractile"
"2074","O15067","cytoplasm","cytosol","extracellular exosome","Cytoplasm/Cytosol"
"2075","Q8IUX7","cytoplasm","extracellular exosome","extracellular matrix","Cytoplasm/Cytosol"
"2076","P46778","cytoplasm","cytosol","cytosolic large ribosomal subunit","Cytoplasm/Cytosol"
"2077","P14923","adherens junction","catenin complex","cell-cell junction","Cell Junction/Adhesion"
"2078","Q9P2R3","cytosol","early endosome","endosome","Cytoplasm/Cytosol"
"2079","Q07666","cytoplasm","cytosol","Grb2-Sos complex","Cytoplasm/Cytosol"
"2080","Q9Y2Z0","acrosomal vesicle","centriole","cytosol","Granule/Lysosome/Vesicle"
"2081","Q6YHK3","cell surface","cytosol","extracellular region","Membrane/Cell Surface"
"2082","Q8TBC4","cytoplasm","cytosol","nucleus","Cytoplasm/Cytosol"
"2083","Q92597","adherens junction","centrosome","cytoplasm","Cell Junction/Adhesion"
"2084","P15586","azurophil granule","azurophil granule lumen","extracellular exosome","Granule/Lysosome/Vesicle"
"2085","P51178","cytoplasm","extracellular exosome","plasma membrane","Cytoplasm/Cytosol"
"2086","Q8N465","mitochondrial matrix","mitochondrion",NA,"Mitochondria"
"2087","Q9HBL7","mitochondrion","plasma membrane",NA,"Mitochondria"
"2088","P15311","actin cytoskeleton","actin filament","adherens junction","Cytoskeleton/Contractile"
"2089","Q8NBN7","mitochondrial inner membrane","mitochondrion",NA,"Mitochondria"
"2090","P21246","endoplasmic reticulum","extracellular region","extracellular space","ER/Golgi/Vesicle"
"2091","Q9UJU6","cell cortex","clathrin-coated vesicle membrane","cytoplasm","Membrane/Cell Surface"
"2092","Q5VWZ2","cytoplasm","cytosol","mitochondrion","Cytoplasm/Cytosol"
"2093","Q9BY49","cytosol","mitochondrion","peroxisomal membrane","Cytoplasm/Cytosol"
"2094","Q52LJ0","cytoplasm","nucleoplasm","nucleus","Cytoplasm/Cytosol"
"2095","Q8NHH9","endoplasmic reticulum","endoplasmic reticulum membrane","endoplasmic reticulum tubular network membrane","ER/Golgi/Vesicle"
"2096","Q15172","centrosome","chromosome, centromeric region","cytoplasm","Cilia/Centrosome/Neuron"
"2097","Q86UX2","extracellular matrix","extracellular region",NA,"Extracellular/Secreted"
"2098","P25685","cytoplasm","cytosol","dendritic spine","Cytoplasm/Cytosol"
"2099","P78560","cytoplasm","cytosol","endopeptidase complex","Cytoplasm/Cytosol"
"2100","O95202","mitochondrial inner membrane","mitochondrion",NA,"Mitochondria"
"2101","P04350","axoneme","cytoplasm","cytosol","Cilia/Centrosome/Neuron"
"2102","Q8N0X4","mitochondrion",NA,NA,"Mitochondria"
"2103","P08651","chromatin","fibrillar center","nucleoplasm","Nucleus/Chromatin"
"2104","Q13825","mitochondrial matrix","mitochondrion",NA,"Mitochondria"
"2105","O43768","cytoplasm","nucleoplasm",NA,"Cytoplasm/Cytosol"
"2106","O15075","cytoplasm","plasma membrane",NA,"Cytoplasm/Cytosol"
"2107","Q9Y3C6","catalytic step 2 spliceosome","nucleoplasm","nucleus","Protein Complex"
"2108","Q86Y82","early endosome membrane","endomembrane system","Golgi apparatus","Membrane/Cell Surface"
"2109","P21283","apical part of cell","clathrin-coated vesicle membrane","cytosol","Other"
"2110","P10176","mitochondrial inner membrane","mitochondrial membrane","mitochondrion","Mitochondria"
"2111","P49459","chromatin","cytosol","HULC complex","Nucleus/Chromatin"
"2112","O94911","basolateral plasma membrane","endoplasmic reticulum","plasma membrane","Membrane/Cell Surface"
"2113","A0A0A0MS15","extracellular region","immunoglobulin complex","plasma membrane","Extracellular/Secreted"
"2114","Q13496","cytoplasm","cytosol","filopodium","Cytoplasm/Cytosol"
"2115","Q9NNW7","axon","cytoplasm","cytosol","Cilia/Centrosome/Neuron"
"2116","P21953","branched-chain alpha-ketoacid dehydrogenase complex","mitochondrial matrix","mitochondrion","Protein Complex"
"2117","P17900","apical plasma membrane","azurophil granule lumen","basolateral plasma membrane","Membrane/Cell Surface"
"2118","P13637","axon","endoplasmic reticulum","extracellular vesicle","Cilia/Centrosome/Neuron"
"2119","Q5SQH8","",NA,NA,"Unknown"
"2120","Q14558","cytoplasm",NA,NA,"Cytoplasm/Cytosol"
"2121","P62495","cytoplasm","cytosol","cytosolic ribosome","Cytoplasm/Cytosol"
"2122","P62328","cytoplasm","cytoskeleton","cytosol","Cytoplasm/Cytosol"
"2123","Q9Y262","cytosol","eukaryotic 43S preinitiation complex","eukaryotic 48S preinitiation complex","Cytoplasm/Cytosol"
"2124","Q330K2","cytoplasm","mitochondrial inner membrane","mitochondrion","Cytoplasm/Cytosol"
"2125","Q9H477","cytoplasm","cytosol","nucleus","Cytoplasm/Cytosol"
"2126","Q96LD8","cytosol",NA,NA,"Cytoplasm/Cytosol"
"2127","P48444","COPI vesicle coat","cytosol","endoplasmic reticulum membrane","ER/Golgi/Vesicle"
"2128","Q16777","extracellular exosome","nucleosome","nucleus","Extracellular/Secreted"
"2129","Q6P1N9","mitochondrion","nucleoplasm",NA,"Mitochondria"
"2130","Q9NSK7","cytosol","endoplasmic reticulum","mitochondrial membrane","Cytoplasm/Cytosol"
"2131","Q9BPX6","calcium channel complex","mitochondrial crista junction","mitochondrial inner membrane","Protein Complex"
"2132","O00154","cytoplasm","cytosol","extracellular exosome","Cytoplasm/Cytosol"
"2133","A0A075B6J9","extracellular region","immunoglobulin complex","plasma membrane","Extracellular/Secreted"
"2134","Q96HY7","mitochondrial matrix","mitochondrion","oxoadipate dehydrogenase complex","Mitochondria"
"2135","Q7LBR1","amphisome membrane","autophagosome membrane","cytosol","Membrane/Cell Surface"
"2136","Q99735","endoplasmic reticulum","endoplasmic reticulum membrane","intracellular membrane-bounded organelle","ER/Golgi/Vesicle"
"2137","Q9P2X3","cytoplasm",NA,NA,"Cytoplasm/Cytosol"
"2138","Q9C0C2","adherens junction","CCR4-NOT complex","cytoplasm","Cell Junction/Adhesion"
"2139","P52272","catalytic step 2 spliceosome","extracellular exosome","membrane","Protein Complex"
"2140","Q9Y3U8","cytoplasm","cytosol","cytosolic large ribosomal subunit","Cytoplasm/Cytosol"
"2141","Q8WVJ2","centrosome","cytoplasm","cytosol","Cilia/Centrosome/Neuron"
"2142","Q05655","azurophil granule lumen","cell-cell junction","cytoplasm","Granule/Lysosome/Vesicle"
"2143","Q9Y2J2","cell junction","cell-cell junction","ciliary basal body","Cell Junction/Adhesion"
"2144","Q9H987","actin cytoskeleton","nucleus","Z disc","Cytoskeleton/Contractile"
"2145","P00533","basal plasma membrane","basolateral plasma membrane","cell junction","Membrane/Cell Surface"
"2146","Q96NY7","chloride channel complex","cytoplasm","extracellular exosome","Protein Complex"
"2147","P46199","cytoplasm","mitochondrial matrix","mitochondrion","Cytoplasm/Cytosol"
"2148","Q9H6K4","mitochondrion",NA,NA,"Mitochondria"
"2149","Q9UPQ0","actin cytoskeleton","stress fiber",NA,"Cytoskeleton/Contractile"
"2150","Q9Y263","cytoplasm","cytoplasmic ubiquitin ligase complex","extracellular exosome","Cytoplasm/Cytosol"
"2151","O60825","6-phosphofructo-2-kinase/fructose-2,6-biphosphatase complex","cytosol","nucleoplasm","Protein Complex"
"2152","P00742","endoplasmic reticulum lumen","external side of plasma membrane","extracellular region","ER/Golgi/Vesicle"
"2153","Q96GK7","mitochondrion",NA,NA,"Mitochondria"
"2154","Q5VW32","extracellular exosome","nuclear envelope","nuclear membrane","Extracellular/Secreted"
"2155","Q9NZL4","endoplasmic reticulum","extracellular space",NA,"ER/Golgi/Vesicle"
"2156","Q7L2H7","cytosol","eukaryotic 43S preinitiation complex","eukaryotic 48S preinitiation complex","Cytoplasm/Cytosol"
"2157","Q96RS6","cytosol","nucleoplasm",NA,"Cytoplasm/Cytosol"
"2158","P39023","cytoplasm","cytosol","cytosolic large ribosomal subunit","Cytoplasm/Cytosol"
"2159","Q9UMX0","aggresome","autophagosome","cytoplasm","Granule/Lysosome/Vesicle"
"2160","P12694","branched-chain alpha-ketoacid dehydrogenase complex","mitochondrial matrix","mitochondrion","Protein Complex"
"2161","A1L4H1","cytoplasm","extracellular matrix","extracellular space","Cytoplasm/Cytosol"
"2162","Q86TP1","cytoplasm","cytosol","focal adhesion","Cytoplasm/Cytosol"
"2163","Q6BCY4","endoplasmic reticulum membrane","membrane","mitochondrion","Membrane/Cell Surface"
"2164","P02538","cytosol","extracellular exosome","keratin filament","Cytoplasm/Cytosol"
"2165","P31994","cell body","dendritic spine","external side of plasma membrane","Other"
"2166","P01040","cornified envelope","cytoplasm","cytosol","Other"
"2167","Q9H444","amphisome membrane","autophagosome membrane","cytoplasm","Membrane/Cell Surface"
"2168","Q9NVI7","mitochondria-associated endoplasmic reticulum membrane contact site","mitochondrial inner membrane","mitochondrial nucleoid","Mitochondria"
"2169","A1L0T0","acetolactate synthase complex","endoplasmic reticulum membrane","membrane","Protein Complex"
"2170","Q06033","extracellular exosome","extracellular region","platelet dense granule lumen","Extracellular/Secreted"
"2171","P49321","chromatin","cytoplasm","nucleoplasm","Nucleus/Chromatin"
"2172","O94875","actin cytoskeleton","apical plasma membrane","dendrite","Cytoskeleton/Contractile"
"2173","Q9GZZ1","cytoplasm","cytosol","extracellular exosome","Cytoplasm/Cytosol"
"2174","O75882","extracellular exosome","extracellular space","Golgi apparatus","Extracellular/Secreted"
"2175","Q6UWP2","extracellular region",NA,NA,"Extracellular/Secreted"
"2176","Q96C90","cytoplasm",NA,NA,"Cytoplasm/Cytosol"
"2177","Q6P1A2","endoplasmic reticulum membrane","membrane",NA,"Membrane/Cell Surface"
"2178","O60237","A band","cytoplasm","cytosol","Sarcoplasmic/Myofibrillar"
"2179","O95861","cytosol","mitochondrion",NA,"Cytoplasm/Cytosol"
"2180","Q8N5X7","cytosol","eukaryotic translation initiation factor 4F complex",NA,"Cytoplasm/Cytosol"
"2181","Q02318","mitochondrial inner membrane","mitochondrial matrix","mitochondrion","Mitochondria"
"2182","O60684","cytosol","host cell","membrane","Cytoplasm/Cytosol"
"2183","Q9BY32","cytoplasm","cytosol","nucleoplasm","Cytoplasm/Cytosol"
"2184","A0A0A0MT89","extracellular region","immunoglobulin complex","plasma membrane","Extracellular/Secreted"
"2185","Q03252","intermediate filament","nuclear lamina","nuclear membrane","Cytoskeleton/Contractile"
"2186","Q6PCE3","cytosol",NA,NA,"Cytoplasm/Cytosol"
"2187","Q53S33","cytosol","iron-sulfur cluster assembly complex","mitochondrial matrix","Cytoplasm/Cytosol"
"2188","P09874","chromatin","chromosome, telomeric region","cytosol","Nucleus/Chromatin"
"2189","Q99816","centrosome","cytoplasm","cytosol","Cilia/Centrosome/Neuron"
"2190","O94925","cytosol","mitochondrial matrix","mitochondrion","Cytoplasm/Cytosol"
"2191","P53814","actin cytoskeleton","cytoskeleton",NA,"Cytoskeleton/Contractile"
"2192","O94973","AP-2 adaptor complex","clathrin-coated endocytic vesicle","clathrin-coated endocytic vesicle membrane","Protein Complex"
"2193","P10155","cilium","cytosol","nuclear body","Cilia/Centrosome/Neuron"
"2194","P62310","catalytic step 2 spliceosome","cytosol","Lsm1-7-Pat1 complex","Protein Complex"
"2195","P05154","acrosomal membrane","external side of plasma membrane","extracellular exosome","Membrane/Cell Surface"
"2196","Q14699","cytoplasm","early endosome","endosome","Cytoplasm/Cytosol"
"2197","P68400","cytosol","nucleoplasm","nucleus","Cytoplasm/Cytosol"
"2198","Q49AH0","endoplasmic reticulum","extracellular space",NA,"ER/Golgi/Vesicle"
"2199","Q9BUJ2","nucleoplasm","nucleus","ribonucleoprotein complex","Nucleus/Chromatin"
"2200","P51692","chromatin","cytoplasm","cytosol","Nucleus/Chromatin"
"2201","P49593","cytosol","nucleus","perinuclear region of cytoplasm","Cytoplasm/Cytosol"
"2202","Q9ULX7","apical plasma membrane","basolateral plasma membrane","membrane","Membrane/Cell Surface"
"2203","P16144","basal plasma membrane","basement membrane","cell junction","Membrane/Cell Surface"
"2204","Q5TGZ0","MIB complex","MICOS complex","mitochondrial crista junction","Protein Complex"
"2205","Q05086","cytosol","glutamatergic synapse","nucleus","Cytoplasm/Cytosol"
"2206","Q01628","early endosome membrane","late endosome membrane","lysosomal membrane","Membrane/Cell Surface"
"2207","Q9Y2T3","cytosol",NA,NA,"Cytoplasm/Cytosol"
"2208","Q99523","cell surface","cerebellar climbing fiber to Purkinje cell synapse","clathrin-coated pit","Membrane/Cell Surface"
"2209","P08473","axon","brush border","cell surface","Cilia/Centrosome/Neuron"
"2210","P42785","azurophil granule membrane","basal part of cell","extracellular exosome","Membrane/Cell Surface"
"2211","Q9NS86","cortical actin cytoskeleton","cytosol","nucleoplasm","Cytoskeleton/Contractile"
"2212","Q5TC12","mitochondrial inner membrane","mitochondrion",NA,"Mitochondria"
"2213","Q8IYU8","calcium channel complex","mitochondrial inner membrane","mitochondrial intermembrane space","Protein Complex"
"2214","Q6IPR1","mitochondrion",NA,NA,"Mitochondria"
"2215","Q03591","blood microparticle","extracellular region","extracellular space","Blood Microparticle"
"2216","O95571","cytoplasm","mitochondrial matrix","mitochondrion","Cytoplasm/Cytosol"
"2217","Q5VWP3","cytosol","nuclear envelope","nuclear lumen","Cytoplasm/Cytosol"
"2218","Q14247","actin filament","cell cortex","clathrin-coated pit","Cytoskeleton/Contractile"
"2219","O60869","cytoplasm","cytosol","nucleolus","Cytoplasm/Cytosol"
"2220","P24844","cell cortex","cytoplasm","cytosol","Membrane/Cell Surface"
"2221","Q96P70","cytoplasm","cytosol","membrane","Cytoplasm/Cytosol"
"2222","P61923","COPI vesicle coat","cytosol","endoplasmic reticulum membrane","ER/Golgi/Vesicle"
"2223","Q5T6V5","cytosol",NA,NA,"Cytoplasm/Cytosol"
"2224","P08134","cleavage furrow","cytosol","endoplasmic reticulum membrane","Cilia/Centrosome/Neuron"
"2225","P49789","cytoplasm","cytosol","fibrillar center","Cytoplasm/Cytosol"
"2226","O15371","cytosol","eukaryotic 43S preinitiation complex","eukaryotic 48S preinitiation complex","Cytoplasm/Cytosol"
"2227","P51570","cytoplasm","cytosol","extracellular exosome","Cytoplasm/Cytosol"
"2228","O00170","aryl hydrocarbon receptor complex","cytoplasm","cytosol","Protein Complex"
"2229","Q99598","cytoplasm","cytosol","endoribonuclease complex","Cytoplasm/Cytosol"
"2230","Q15113","extracellular exosome","extracellular region","extracellular space","Extracellular/Secreted"
"2231","Q9BYV7","mitochondrial matrix","mitochondrion",NA,"Mitochondria"
"2232","Q12906","cytoplasm","cytosol","extracellular region","Cytoplasm/Cytosol"
"2233","Q9UN86","cytoplasmic stress granule","cytosol",NA,"Cytoplasm/Cytosol"
"2234","P40763","chromatin","cytoplasm","cytosol","Nucleus/Chromatin"
"2235","Q9NPA0","EMC complex","endoplasmic reticulum membrane","membrane","Protein Complex"
"2236","Q9NR19","cytoplasm","cytosol","mitochondrial matrix","Cytoplasm/Cytosol"
"2237","A5D6W6","endoplasmic reticulum membrane",NA,NA,"Membrane/Cell Surface"
"2238","P61011","cytoplasm","cytosol","endoplasmic reticulum","Cytoplasm/Cytosol"
"2239","Q9H008","cytoplasm","cytosol","nuclear speck","Cytoplasm/Cytosol"
"2240","P49407","chromatin","clathrin-coated pit","cytoplasm","Nucleus/Chromatin"
"2241","Q9NRN7","cytosol","extracellular exosome",NA,"Cytoplasm/Cytosol"
"2242","Q96BM9","axon cytoplasm","azurophil granule membrane","cytoplasm","Cytoplasm/Cytosol"
"2243","Q7Z3B1","apical dendrite","dendritic shaft","dendritic spine","Cilia/Centrosome/Neuron"
"2244","P32320","cytosol","extracellular region","ficolin-1-rich granule lumen","Cytoplasm/Cytosol"
"2245","A0A0B4J1V0","extracellular region","immunoglobulin complex","plasma membrane","Extracellular/Secreted"
"2246","Q5RI15","mitochondrial inner membrane","mitochondrion",NA,"Mitochondria"
"2247","Q9BUK0","mitochondrial intermembrane space","mitochondrion",NA,"Mitochondria"
"2248","O43504","cytosol","FNIP-folliculin RagC/D GAP","late endosome membrane","Cytoplasm/Cytosol"
"2249","Q6ZVM7","endosome","extracellular exosome","membrane","ER/Golgi/Vesicle"
"2250","Q96BJ3","cytoplasm","membrane",NA,"Cytoplasm/Cytosol"
"2251","Q13751","extracellular matrix","extracellular region","laminin-5 complex","Extracellular/Secreted"
"2252","Q6IAA8","azurophil granule membrane","extracellular exosome","ficolin-1-rich granule membrane","Membrane/Cell Surface"
"2253","P06132","cytosol","nucleoplasm",NA,"Cytoplasm/Cytosol"
"2254","P45985","cytosol","nucleus",NA,"Cytoplasm/Cytosol"
"2255","Q13151","nucleoplasm","nucleus","ribonucleoprotein complex","Nucleus/Chromatin"
"2256","Q9BRT2","mitochondrial inner membrane","mitochondrial intermembrane space","mitochondrial matrix","Mitochondria"
"2257","Q9NZ01","endoplasmic reticulum","endoplasmic reticulum membrane","nucleus","ER/Golgi/Vesicle"
"2258","Q01844","Cajal body","cytoplasm","nucleolus","Nucleus/Chromatin"
"2259","Q9NUP9","basolateral plasma membrane","bicellular tight junction","cell-cell junction","Membrane/Cell Surface"
"2260","P53582","cytoplasm","cytosol",NA,"Cytoplasm/Cytosol"
"2261","Q6JBY9","actin filament","cytosol","early endosome","Cytoskeleton/Contractile"
"2262","Q96PU8","cytoplasmic stress granule","cytosol","nucleus","Cytoplasm/Cytosol"
"2263","Q14344","brush border membrane","cytoplasm","cytosol","Membrane/Cell Surface"
"2264","Q13586","cortical endoplasmic reticulum","endoplasmic reticulum","endoplasmic reticulum membrane","ER/Golgi/Vesicle"
"2265","Q14677","clathrin vesicle coat","cytosol","endosome","ER/Golgi/Vesicle"
"2266","Q9P0J1","mitochondrial matrix","mitochondrion","pyruvate dehydrogenase (lipoamide) phosphatase complex","Mitochondria"
"2267","Q9Y617","cytoplasm","cytosol","extracellular exosome","Cytoplasm/Cytosol"
"2268","Q15811","apical dendrite","clathrin-coated pit","cytoplasm","Cilia/Centrosome/Neuron"
"2269","Q13148","chromatin","cytoplasmic stress granule","interchromatin granule","Nucleus/Chromatin"
"2270","P53680","AP-2 adaptor complex","clathrin-coated endocytic vesicle","clathrin-coated endocytic vesicle membrane","Protein Complex"
"2271","Q9NP72","apical plasma membrane","cis-Golgi network membrane","cytosol","Membrane/Cell Surface"
"2272","P12081","cytosol",NA,NA,"Cytoplasm/Cytosol"
"2273","Q9NXJ5","cytosol",NA,NA,"Cytoplasm/Cytosol"
"2274","Q9NR56","cytoplasm","cytoplasmic stress granule","cytosol","Cytoplasm/Cytosol"
"2275","Q13936","cilium","cytoplasm","dendrite","Cilia/Centrosome/Neuron"
"2276","P04839","dendrite","endoplasmic reticulum membrane","monoatomic ion channel complex","Cilia/Centrosome/Neuron"
"2277","Q6QEF8","lamellipodium",NA,NA,"Other"
"2278","Q9NP74","cytoplasm","dendritic spine","membrane","Cytoplasm/Cytosol"
"2279","Q9UEU0","cytosol","early endosome membrane","endoplasmic reticulum membrane","Cytoplasm/Cytosol"
"2280","Q86VN1","cytosol","endosome","ESCRT II complex","Cytoplasm/Cytosol"
"2281","P05166","catalytic complex","cytosol","mitochondrial matrix","Protein Complex"
"2282","Q7Z7H5","COPII-coated ER to Golgi transport vesicle","endoplasmic reticulum","endoplasmic reticulum membrane","ER/Golgi/Vesicle"
"2283","P51571","endomembrane system","endoplasmic reticulum","extracellular exosome","Membrane/Cell Surface"
"2284","Q9Y6N1","mitochondrial inner membrane","mitochondrion","protein-containing complex","Mitochondria"
"2285","P20851","extracellular region","extracellular space","plasma membrane","Extracellular/Secreted"
"2286","Q9Y5J7","mitochondrial inner membrane","mitochondrial intermembrane space","mitochondrial intermembrane space chaperone complex","Mitochondria"
"2287","Q9H9B4","mitochondrial inner membrane","mitochondrion",NA,"Mitochondria"
"2288","P32455","actin cytoskeleton","cytoplasm","cytoplasmic vesicle","Cytoskeleton/Contractile"
"2289","Q3LXA3","cytosol","extracellular exosome","nucleus","Cytoplasm/Cytosol"
"2290","P62253","cytosol","extracellular exosome",NA,"Cytoplasm/Cytosol"
"2291","P22059","cell junction","cytoplasm","cytosol","Cell Junction/Adhesion"
"2292","Q30154","clathrin-coated endocytic vesicle membrane","endocytic vesicle membrane","ER to Golgi transport vesicle membrane","Membrane/Cell Surface"
"2293","P08648","alphav-beta3 integrin-vitronectin complex","cell surface","cytoplasmic vesicle","Protein Complex"
"2294","Q53H12","cytoplasm","cytosol","membrane","Cytoplasm/Cytosol"
"2295","P49585","cytosol","endoplasmic reticulum","endoplasmic reticulum membrane","Cytoplasm/Cytosol"
"2296","Q9Y3D9","mitochondrial inner membrane","mitochondrial small ribosomal subunit","mitochondrion","Mitochondria"
"2297","Q04941","endoplasmic reticulum","endoplasmic reticulum membrane","membrane","ER/Golgi/Vesicle"
"2298","Q9H1C7","extracellular exosome","plasma membrane","tertiary granule membrane","Extracellular/Secreted"
"2299","Q8IXJ6","centriole","centrosome","chromatin silencing complex","Cilia/Centrosome/Neuron"
"2300","A0FGR8","cytoplasmic side of plasma membrane","cytosol","endoplasmic reticulum membrane","Cytoplasm/Cytosol"
"2301","P53621","COPI vesicle coat","cytoplasm","cytosol","ER/Golgi/Vesicle"
"2302","O95822","cytoplasm","cytosol","mitochondrial matrix","Cytoplasm/Cytosol"
"2303","Q16222","cytosol","nucleoplasm","plasma membrane","Cytoplasm/Cytosol"
"2304","P30533","cell surface","cis-Golgi network","endomembrane system","Membrane/Cell Surface"
"2305","Q02790","axonal growth cone","cytoplasm","cytosol","Cilia/Centrosome/Neuron"
"2306","Q8N3V7","actin cytoskeleton","bicellular tight junction","cytosol","Cytoskeleton/Contractile"
"2307","O95278","cytoplasm","cytoplasmic side of rough endoplasmic reticulum membrane","cytosol","Cytoplasm/Cytosol"
"2308","Q58WW2","Cul4-RING E3 ubiquitin ligase complex","cytoplasm","cytosol","Protein Complex"
"2309","Q9Y6G9","centrosome","cytoplasmic dynein complex","cytosol","Cilia/Centrosome/Neuron"
"2310","P48426","autophagosome","cytosol","lysosome","ER/Golgi/Vesicle"
"2311","O14498","extracellular exosome","extracellular region","platelet alpha granule lumen","Extracellular/Secreted"
"2312","Q15386","proteasome complex",NA,NA,"Protein Complex"
"2313","Q9UIQ6","cytoplasmic vesicle membrane","cytosol","early endosome lumen","Cytoplasm/Cytosol"
"2314","O14828","extracellular exosome","recycling endosome membrane","trans-Golgi network membrane","Extracellular/Secreted"
"2315","Q9Y3A6","cis-Golgi network","COPII-coated ER to Golgi transport vesicle","endoplasmic reticulum","ER/Golgi/Vesicle"
"2316","P35221","acrosomal vesicle","actin cytoskeleton","adherens junction","Granule/Lysosome/Vesicle"
"2317","Q687X5","early endosome membrane","endosome","endosome membrane","Membrane/Cell Surface"
"2318","P50583","mitochondrial matrix",NA,NA,"Mitochondria"
"2319","A5D8V6","cilium","endosome membrane","ESCRT I complex","Cilia/Centrosome/Neuron"
"2320","Q9Y276","mitochondrial inner membrane","mitochondrion","respiratory chain complex III","Mitochondria"
"2321","Q9Y333","catalytic step 2 spliceosome","cytoplasm","cytosol","Protein Complex"
"2322","Q9BQS8","autophagosome","Golgi apparatus","late endosome","ER/Golgi/Vesicle"
"2323","P50453","cytoplasm","cytosol","extracellular exosome","Cytoplasm/Cytosol"
"2324","Q92973","cilium","cytoplasm","cytosol","Cilia/Centrosome/Neuron"
"2325","P23588","cytosol","eukaryotic translation initiation factor 4F complex",NA,"Cytoplasm/Cytosol"
"2326","Q8TC44","centriole","centrosome","ciliary basal body","Cilia/Centrosome/Neuron"
"2327","Q6P5Q4","actin filament","cytoskeleton","M band","Cytoskeleton/Contractile"
"2328","P49137","centrosome","ciliary basal body","cytoplasm","Cilia/Centrosome/Neuron"
"2329","Q9NPQ8","cell cortex","cytoplasm","plasma membrane","Membrane/Cell Surface"
"2330","Q86TC9","axon","cytosol","I band","Cilia/Centrosome/Neuron"
"2331","Q969Q0","cytosol","cytosolic large ribosomal subunit","endoplasmic reticulum","Cytoplasm/Cytosol"
"2332","Q9UNN5","acrosomal vesicle","CD95 death-inducing signaling complex","cytosol","Granule/Lysosome/Vesicle"
"2333","Q9ULZ3","AIM2 inflammasome complex","azurophil granule lumen","canonical inflammasome complex","Protein Complex"
"2334","O00560","adherens junction","azurophil granule lumen","blood microparticle","Cell Junction/Adhesion"
"2335","O95140","cytosol","microtubule cytoskeleton","mitochondrial outer membrane","Cytoplasm/Cytosol"
"2336","Q9BVJ7","cytoplasm","cytosol","nucleoplasm","Cytoplasm/Cytosol"
"2337","O75410","centrosome","cytoplasm","cytosol","Cilia/Centrosome/Neuron"
"2338","P78344","adherens junction","cytosol","eukaryotic translation initiation factor 4F complex","Cell Junction/Adhesion"
"2339","P80723","cell junction","chromatin","cytoplasm","Cell Junction/Adhesion"
"2340","Q96IV0","cytoplasm","cytosol","nucleus","Cytoplasm/Cytosol"
"2341","Q96A35","mitochondrial inner membrane","mitochondrial large ribosomal subunit","mitochondrion","Mitochondria"
"2342","Q9Y266","cytoplasm","cytosol","microtubule","Cytoplasm/Cytosol"
"2343","Q3ZCM7","cytoplasm","extracellular exosome","intercellular bridge","Cytoplasm/Cytosol"
"2344","Q9BRJ2","mitochondrial inner membrane","mitochondrial large ribosomal subunit","mitochondrion","Mitochondria"
"2345","Q15438","adherens junction","bicellular tight junction","cytoplasm","Cell Junction/Adhesion"
"2346","O75569","cytoplasm","cytosol","membrane","Cytoplasm/Cytosol"
"2347","Q9UIC8","cytosol","nucleoplasm",NA,"Cytoplasm/Cytosol"
"2348","P61626","azurophil granule lumen","extracellular exosome","extracellular region","Granule/Lysosome/Vesicle"
"2349","Q9UBG0","focal adhesion","membrane",NA,"Cell Junction/Adhesion"
"2350","Q06190","protein phosphatase type 2A complex",NA,NA,"Protein Complex"
"2351","Q8N5M9","endoplasmic reticulum","endoplasmic reticulum membrane",NA,"ER/Golgi/Vesicle"
"2352","Q8IWL3","cytoplasm","cytosol","mitochondrion","Cytoplasm/Cytosol"
"2353","P12273","extracellular exosome","extracellular region","extracellular space","Extracellular/Secreted"
"2354","Q9UKK9","cytosol","extracellular exosome","nucleus","Cytoplasm/Cytosol"
"2355","Q9Y4L1","endocytic vesicle lumen","endoplasmic reticulum","endoplasmic reticulum chaperone complex","ER/Golgi/Vesicle"
"2356","Q13505","membrane","MIB complex","mitochondrial outer membrane","Membrane/Cell Surface"
"2357","P35556","extracellular matrix","extracellular region","microfibril","Extracellular/Secreted"
"2358","P26368","commitment complex","nuclear speck","nucleoplasm","Protein Complex"
"2359","Q86TX2","cytosol","mitochondrion",NA,"Cytoplasm/Cytosol"
"2360","P55735","COPII vesicle coat","cytosol","endoplasmic reticulum membrane","ER/Golgi/Vesicle"
"2361","O75122","axonal growth cone","basal cortex","cell cortex","Cilia/Centrosome/Neuron"
"2362","P09619","apical plasma membrane","cytoplasm","cytoplasmic vesicle","Membrane/Cell Surface"
"2363","P02724","ankyrin-1 complex","cytosol","membrane","Sarcoplasmic/Myofibrillar"
"2364","P23634","basolateral plasma membrane","caveola","ciliary basal body","Membrane/Cell Surface"
"2365","P01889","cell surface","early endosome membrane","endoplasmic reticulum","Membrane/Cell Surface"
"2366","Q8NDI1","cytosol","endosome","nucleoplasm","Cytoplasm/Cytosol"
"2367","Q13596","cytoplasm","cytosol","early endosome membrane","Cytoplasm/Cytosol"
"2368","P09455","cytosol","lipid droplet","nucleoplasm","Cytoplasm/Cytosol"
"2369","Q99447","cytoplasm","endoplasmic reticulum membrane",NA,"Cytoplasm/Cytosol"
"2370","P48449","endoplasmic reticulum membrane","lipid droplet","membrane","Membrane/Cell Surface"
"2371","Q6H8Q1","actin cytoskeleton","cytoplasm",NA,"Cytoskeleton/Contractile"
"2372","P10253","autolysosome lumen","azurophil granule membrane","extracellular exosome","ER/Golgi/Vesicle"
"2373","Q9NQP4","cytoplasm","cytosol","mitochondrion","Cytoplasm/Cytosol"
"2374","Q96AE4","cytoplasm","nucleoplasm","nucleus","Cytoplasm/Cytosol"
"2375","P48681","cytoplasm","intermediate filament","intermediate filament cytoskeleton","Cytoplasm/Cytosol"
"2376","P50148","cytoplasm","extracellular exosome","Golgi apparatus","Cytoplasm/Cytosol"
"2377","Q9UBE0","cytoplasm","nucleoplasm","nucleus","Cytoplasm/Cytosol"
"2378","O60488","cytoplasm","endoplasmic reticulum","endoplasmic reticulum membrane","Cytoplasm/Cytosol"
"2379","Q9Y3B3","COPI vesicle coat","COPII vesicle coat","COPII-coated ER to Golgi transport vesicle","ER/Golgi/Vesicle"
"2380","Q9HB90","cytoplasm","cytosol","FNIP-folliculin RagC/D GAP","Cytoplasm/Cytosol"
"2381","Q13185","chromatin","chromatin lock complex","chromosome, centromeric region","Nucleus/Chromatin"
"2382","O43617","cis-Golgi network membrane","cytoplasm","cytosol","Membrane/Cell Surface"
"2383","P46060","aggresome","axon cytoplasm","centriole","Granule/Lysosome/Vesicle"
"2384","O43464","CD40 receptor complex","chromatin","cytoplasmic side of plasma membrane","Protein Complex"
"2385","Q92747","actin cytoskeleton","Arp2/3 protein complex","cytosol","Cytoskeleton/Contractile"
"2386","O75880","mitochondrial inner membrane","mitochondrion","myofibril","Mitochondria"
"2387","Q9Y2Z4","cytosol","mitochondrial matrix","mitochondrion","Cytoplasm/Cytosol"
"2388","Q96GX9","cytoplasm","cytosol",NA,"Cytoplasm/Cytosol"
"2389","Q9Y639","axon","cell surface","dendrite","Cilia/Centrosome/Neuron"
"2390","Q9Y265","centrosome","ciliary basal body","cytosol","Cilia/Centrosome/Neuron"
"2391","P62266","cytoplasm","cytosol","cytosolic ribosome","Cytoplasm/Cytosol"
"2392","Q92882","extracellular region","ficolin-1-rich granule lumen","secretory granule lumen","Extracellular/Secreted"
"2393","Q5JPE7","endoplasmic reticulum membrane","multi-pass translocon complex","protein-containing complex","Membrane/Cell Surface"
"2394","Q12849","cytoplasm","mitochondrial matrix","mitochondrial nucleoid","Cytoplasm/Cytosol"
"2395","O60610","actin filament","centrosome","cytoplasm","Cytoskeleton/Contractile"
"2396","Q5TA50","centriole","cytosol","endosome membrane","Cilia/Centrosome/Neuron"
"2397","Q06136","cytoplasmic side of endoplasmic reticulum membrane","endoplasmic reticulum","endoplasmic reticulum membrane","Cytoplasm/Cytosol"
"2398","O43826","endoplasmic reticulum","endoplasmic reticulum membrane","membrane","ER/Golgi/Vesicle"
"2399","P34931","blood microparticle","cell body","cytoplasm","Blood Microparticle"
"2400","Q8NHP8","extracellular exosome","extracellular region","lysosomal lumen","Extracellular/Secreted"
"2401","P52888","cytosol","mitochondrial intermembrane space",NA,"Cytoplasm/Cytosol"
"2402","P84157","endoplasmic reticulum","membrane",NA,"ER/Golgi/Vesicle"
"2403","Q6B0K9","haptoglobin-hemoglobin complex","hemoglobin complex",NA,"Protein Complex"
"2404","Q16740","endopeptidase Clp complex","mitochondrial matrix","mitochondrion","Mitochondria"
"2405","P62316","catalytic step 2 spliceosome","cytosol","extracellular exosome","Protein Complex"
"2406","O94874","cytoplasm","cytosol","endoplasmic reticulum","Cytoplasm/Cytosol"
"2407","Q8N4H5","mitochondrial outer membrane","mitochondrial outer membrane translocase complex","mitochondrion","Mitochondria"
"2408","Q96S96","extracellular exosome",NA,NA,"Extracellular/Secreted"
"2409","Q70IA6","cytoplasm","cytosol","nucleolus","Cytoplasm/Cytosol"
"2410","Q7Z434","mitochondrial membrane","mitochondrial outer membrane","mitochondrion","Mitochondria"
"2411","P55058","extracellular region","extracellular space","high-density lipoprotein particle","Extracellular/Secreted"
"2412","P49023","cell cortex","cell-cell junction","cytosol","Membrane/Cell Surface"
"2413","P00740","endoplasmic reticulum lumen","extracellular exosome","extracellular matrix","ER/Golgi/Vesicle"
"2414","P62072","mitochondrial inner membrane","mitochondrial intermembrane space","mitochondrial intermembrane space chaperone complex","Mitochondria"
"2415","P12004","centrosome","chromatin","chromosome, telomeric region","Cilia/Centrosome/Neuron"
"2416","Q96C11","cytoplasm",NA,NA,"Cytoplasm/Cytosol"
"2417","P35558","cytoplasm","cytosol","endoplasmic reticulum","Cytoplasm/Cytosol"
"2418","Q13451","cytoplasm","cytosol","extracellular exosome","Cytoplasm/Cytosol"
"2419","Q14258","cytoplasm","cytoplasmic stress granule","cytosol","Cytoplasm/Cytosol"
"2420","P60602","mitochondrial inner membrane","mitochondrion","TIM23 mitochondrial import inner membrane translocase complex","Mitochondria"
"2421","P49589","cytoplasm","cytosol",NA,"Cytoplasm/Cytosol"
"2422","P62834","anchoring junction","cell junction","cytoplasm","Cell Junction/Adhesion"
"2423","O94811","cytoplasm","cytosol","microtubule","Cytoplasm/Cytosol"
"2424","O95777","Lsm2-8 complex","nucleoplasm","nucleus","Protein Complex"
"2425","Q9BTZ2","cytosol","endoplasmic reticulum membrane","mitochondrion","Cytoplasm/Cytosol"
"2426","Q96T66","axon","mitochondrial matrix","mitochondrion","Cilia/Centrosome/Neuron"
"2427","Q8NFU3","cytoplasm","cytoplasmic ribonucleoprotein granule","cytosol","Cytoplasm/Cytosol"
"2428","Q9Y678","COPI vesicle coat","cytosol","endoplasmic reticulum","ER/Golgi/Vesicle"
"2429","Q13153","actin filament","axon","cell-cell junction","Cytoskeleton/Contractile"
"2430","Q9NYL9","adherens junction","cytoskeleton","myofibril","Cell Junction/Adhesion"
"2431","Q92696","cytoplasm","cytosol","plasma membrane","Cytoplasm/Cytosol"
"2432","Q4G0W2","",NA,NA,"Unknown"
"2433","P29966","actin cytoskeleton","actin filament bundle","cell cortex","Cytoskeleton/Contractile"
"2434","P30419","cytoplasm","cytosol","plasma membrane","Cytoplasm/Cytosol"
"2435","Q08752","cilium","cytoplasm","cytosol","Cilia/Centrosome/Neuron"
"2436","Q9UP65","cell cortex","cytosol","endoplasmic reticulum membrane","Membrane/Cell Surface"
"2437","Q9Y2B0","endoplasmic reticulum",NA,NA,"ER/Golgi/Vesicle"
"2438","P55899","endosome membrane","external side of plasma membrane","extracellular space","Membrane/Cell Surface"
"2439","Q7Z4V5","cytoplasm","nucleus",NA,"Cytoplasm/Cytosol"
"2440","Q9P2B2","cell surface","endoplasmic reticulum membrane","Golgi apparatus","Membrane/Cell Surface"
"2441","Q8TB37","mitochondrial matrix","mitochondrion","plasma membrane","Mitochondria"
"2442","Q99538","apical part of cell","cytoplasm","endolysosome lumen","Other"
"2443","P15927","chromatin","chromosome, telomeric region","DNA replication factor A complex","Nucleus/Chromatin"
"2444","P24593","endoplasmic reticulum lumen","extracellular region","extracellular space","ER/Golgi/Vesicle"
"2445","Q5ZPR3","external side of plasma membrane","membrane",NA,"Membrane/Cell Surface"
"2446","Q96AG3","mitochondrial outer membrane","mitochondrion",NA,"Mitochondria"
"2447","P08621","lysosomal lumen","nuclear speck","nucleoplasm","ER/Golgi/Vesicle"
"2448","Q9Y646","cytoplasm","endoplasmic reticulum","extracellular exosome","Cytoplasm/Cytosol"
"2449","Q8NCN5","cytoplasm","mitochondrial matrix","mitochondrion","Cytoplasm/Cytosol"
"2450","Q9C0C9","cytoplasm","cytosol","nuclear body","Cytoplasm/Cytosol"
"2451","Q9BRX2","cytoplasm","cytosolic ribosome","Dom34-Hbs1 complex","Cytoplasm/Cytosol"
"2452","Q96FQ6","cytosol","extracellular exosome","extracellular space","Cytoplasm/Cytosol"
"2453","Q9Y383","nuclear speck","U1 snRNP","U2-type prespliceosome","Nucleus/Chromatin"
"2454","Q5U5X0","mitochondrial matrix","mitochondrial membrane","mitochondrion","Mitochondria"
"2455","Q7Z4H3","",NA,NA,"Unknown"
"2456","Q969T9","chromatin","cytoplasm","cytosol","Nucleus/Chromatin"
"2457","Q9H0U3","azurophil granule membrane","endoplasmic reticulum","endoplasmic reticulum membrane","Membrane/Cell Surface"
"2458","Q9BXB4","cytosol","Golgi apparatus","late endosome membrane","Cytoplasm/Cytosol"
"2459","Q9HCC0","cytosol","methylcrotonoyl-CoA carboxylase complex","mitochondrial matrix","Cytoplasm/Cytosol"
"2460","Q9Y4Z0","cytosol","Lsm2-8 complex","membrane","Cytoplasm/Cytosol"
"2461","Q13951","core-binding factor complex","membrane","nucleoplasm","Protein Complex"
"2462","Q7L0Y3","mitochondrial matrix","mitochondrial nucleoid","mitochondrial ribonuclease P complex","Mitochondria"
"2463","P16435","cytosol","endoplasmic reticulum membrane","intracellular membrane-bounded organelle","Cytoplasm/Cytosol"
"2464","Q9UBC2","clathrin coat of coated pit","cytoplasm","cytosol","ER/Golgi/Vesicle"
"2465","Q96H20","cytoplasm","cytosol","endosome membrane","Cytoplasm/Cytosol"
"2466","Q8WTS1","cytosol","lipid droplet","nucleoplasm","Cytoplasm/Cytosol"
"2467","P02795","cytoplasm","cytosol","nucleus","Cytoplasm/Cytosol"
"2468","Q6UXB8","extracellular space",NA,NA,"Extracellular/Secreted"
"2469","Q969Z3","mitochondrial outer membrane","mitochondrion","peroxisome","Mitochondria"
"2470","P39060","basement membrane","collagen trimer","endoplasmic reticulum lumen","Extracellular/Secreted"
"2471","P98179","cytoplasm","dendrite","nucleoplasm","Cytoplasm/Cytosol"
"2472","Q9UK76","cytosol","intercellular bridge","microtubule cytoskeleton","Cytoplasm/Cytosol"
"2473","P28906","apical plasma membrane","basal plasma membrane","cytoplasm","Membrane/Cell Surface"
"2474","Q9NPH2","cytoplasm","cytosol",NA,"Cytoplasm/Cytosol"
"2475","Q13541","cytosol","nucleus",NA,"Cytoplasm/Cytosol"
"2476","O00763","cytosol","mitochondrial fatty acid beta-oxidation multienzyme complex","mitochondrial outer membrane","Cytoplasm/Cytosol"
"2477","Q8WZA9","autophagosome","cytoplasmic vesicle","lysosome","ER/Golgi/Vesicle"
"2478","Q14554","endoplasmic reticulum","endoplasmic reticulum lumen","endoplasmic reticulum membrane","ER/Golgi/Vesicle"
"2479","Q02543","cytoplasm","cytosol","cytosolic large ribosomal subunit","Cytoplasm/Cytosol"
"2480","Q7KZF4","cytosol","dense body","extracellular exosome","Cytoplasm/Cytosol"
"2481","Q9UDY4","cytosol","nucleoplasm","plasma membrane","Cytoplasm/Cytosol"
"2482","P07998","extracellular exosome",NA,NA,"Extracellular/Secreted"
"2483","P01911","autolysosome membrane","cell surface","clathrin-coated endocytic vesicle membrane","Membrane/Cell Surface"
"2484","Q96IJ6","cytoplasm","cytosol","extracellular exosome","Cytoplasm/Cytosol"
"2485","Q13263","euchromatin","heterochromatin","nucleoplasm","Nucleus/Chromatin"
"2486","P10321","cell surface","early endosome membrane","endoplasmic reticulum","Membrane/Cell Surface"
"2487","O95674","endoplasmic reticulum","endoplasmic reticulum membrane","membrane","ER/Golgi/Vesicle"
"2488","Q9BVA1","cytoplasm","intercellular bridge","microtubule","Cytoplasm/Cytosol"
"2489","Q9UKG1","actin cytoskeleton","cytoplasm","cytoplasmic vesicle","Cytoskeleton/Contractile"
"2490","Q8WXH0","cilium","cytoplasm","extracellular exosome","Cilia/Centrosome/Neuron"
"2491","Q14767","extracellular exosome","extracellular matrix","extracellular region","Extracellular/Secreted"
"2492","P43251","extracellular exosome","extracellular region","extracellular space","Extracellular/Secreted"
"2493","Q7Z422","",NA,NA,"Unknown"
"2494","Q9BQI9","cytoplasm","nucleus",NA,"Cytoplasm/Cytosol"
"2495","P27635","cytosol","cytosolic large ribosomal subunit","cytosolic ribosome","Cytoplasm/Cytosol"
"2496","Q6GMV2","cytoplasm",NA,NA,"Cytoplasm/Cytosol"
"2497","A0A0B4J1X8","extracellular region","immunoglobulin complex","plasma membrane","Extracellular/Secreted"
"2498","Q8NFV4","mitochondrial matrix","mitochondrion","oxoglutarate dehydrogenase complex","Mitochondria"
"2499","Q9NRP0","endoplasmic reticulum membrane","oligosaccharyltransferase complex","oligosaccharyltransferase complex A","Membrane/Cell Surface"
"2500","Q9UPY8","cytoplasm","microtubule cytoskeleton","microtubule organizing center","Cytoplasm/Cytosol"
"2501","Q5QJ74","cytoplasm","cytoskeleton",NA,"Cytoplasm/Cytosol"
"2502","Q6PCB7","basal plasma membrane","endoplasmic reticulum","endoplasmic reticulum membrane","Membrane/Cell Surface"
"2503","Q9UQ90","axon cytoplasm","m-AAA complex","mitochondrial inner membrane","Cytoplasm/Cytosol"
"2504","Q12792","actin cytoskeleton","actin filament","cell-cell junction","Cytoskeleton/Contractile"
"2505","Q0VAK6","cytoplasm","cytoskeleton","M band","Cytoplasm/Cytosol"
"2506","Q9NYU2","endoplasmic reticulum","endoplasmic reticulum lumen","endoplasmic reticulum quality control compartment","ER/Golgi/Vesicle"
"2507","P17213","azurophil granule lumen","extracellular exosome","extracellular region","Granule/Lysosome/Vesicle"
"2508","Q9BRK5","bleb","cytoplasm","endoplasmic reticulum","Other"
"2509","Q13347","cytosol","eukaryotic 43S preinitiation complex","eukaryotic 48S preinitiation complex","Cytoplasm/Cytosol"
"2510","P63146","chromatin","cytoplasm","HULC complex","Nucleus/Chromatin"
"2511","Q9NR46","cytoplasm","cytosol","membrane","Cytoplasm/Cytosol"
"2512","Q9NUQ8","membrane",NA,NA,"Membrane/Cell Surface"
"2513","Q9HD15","cilium","cytoplasm","cytosol","Cilia/Centrosome/Neuron"
"2514","Q7Z6Z7","cytoplasm","cytosol","extracellular exosome","Cytoplasm/Cytosol"
"2515","Q13790","extracellular space","high-density lipoprotein particle","low-density lipoprotein particle","Extracellular/Secreted"
"2516","Q92614","actomyosin","cell surface","cytoplasm","Cytoskeleton/Contractile"
"2517","Q92901","cytosolic large ribosomal subunit","membrane","ribosome","Cytoplasm/Cytosol"
"2518","P43897","mitochondrion","nucleoplasm",NA,"Mitochondria"
"2519","P27694","chromosome, telomeric region","DNA replication factor A complex","lateral element","Nucleus/Chromatin"
"2520","P09601","cytosol","endoplasmic reticulum","endoplasmic reticulum membrane","Cytoplasm/Cytosol"
"2521","Q8WX93","actin cytoskeleton","actin filament","axon","Cytoskeleton/Contractile"
"2522","Q8TAE6","cytoplasm","membrane",NA,"Cytoplasm/Cytosol"
"2523","Q8N5K1","endoplasmic reticulum","endoplasmic reticulum membrane","membrane","ER/Golgi/Vesicle"
"2524","O95394","cytosol",NA,NA,"Cytoplasm/Cytosol"
"2525","Q6EMK4","cell surface","extracellular exosome","extracellular space","Membrane/Cell Surface"
"2526","P19256","cell surface","extracellular exosome","ficolin-1-rich granule membrane","Membrane/Cell Surface"
"2527","O95834","microtubule","microtubule associated complex","spindle","Cytoskeleton/Contractile"
"2528","Q9NRN5","extracellular space","extracellular vesicle",NA,"Extracellular/Secreted"
"2529","P61221","cytoplasm","cytosol","cytosolic ribosome","Cytoplasm/Cytosol"
"2530","P36507","cell-cell junction","cytoplasmic side of plasma membrane","cytosol","Cell Junction/Adhesion"
"2531","P31751","cell cortex","cytoplasm","cytosol","Membrane/Cell Surface"
"2532","Q96HN2","cytosol","neuron projection",NA,"Cytoplasm/Cytosol"
"2533","Q3SXM5","intermediate filament cytoskeleton","mitochondrion",NA,"Cytoskeleton/Contractile"
"2534","Q9P0S9","mitochondrial inner membrane","mitochondrial membrane","mitochondrion","Mitochondria"
"2535","Q9UBB4","centriole","ciliary basal body","cilium","Cilia/Centrosome/Neuron"
"2536","A0A0B4J1V2","extracellular region","immunoglobulin complex","plasma membrane","Extracellular/Secreted"
"2537","P11215","cell surface","external side of plasma membrane","extracellular exosome","Membrane/Cell Surface"
"2538","Q96S66","chloride channel complex","endoplasmic reticulum","endoplasmic reticulum membrane","Protein Complex"
"2539","P42224","axon","chromatin","cytoplasm","Cilia/Centrosome/Neuron"
"2540","O00161","adherens junction","azurophil granule","cilium","Cell Junction/Adhesion"
"2541","P25940","collagen type V trimer","endoplasmic reticulum lumen","extracellular matrix","Extracellular/Secreted"
"2542","Q9Y279","membrane","protein-containing complex",NA,"Membrane/Cell Surface"
"2543","Q96JY6","adherens junction","filamentous actin","nucleus","Cell Junction/Adhesion"
"2544","Q9BTT0","cytoplasmic vesicle","glutamatergic synapse","nucleus","Cytoplasm/Cytosol"
"2545","P15502","elastic fiber","extracellular matrix","extracellular region","Extracellular/Secreted"
"2546","Q9UI12","clathrin-coated vesicle membrane","cytosol","endosome membrane","Membrane/Cell Surface"
"2547","Q86UP2","endoplasmic reticulum","endoplasmic reticulum lumen","endoplasmic reticulum membrane","ER/Golgi/Vesicle"
"2548","Q9UHQ4","endoplasmic reticulum membrane","membrane",NA,"Membrane/Cell Surface"
"2549","Q9BPX5","Arp2/3 protein complex","cortical cytoskeleton","extracellular exosome","Protein Complex"
"2550","Q8NBU5","cytosol","glutamatergic synapse","membrane","Cytoplasm/Cytosol"
"2551","P08195","amino acid transport complex","anchoring junction","apical plasma membrane","Protein Complex"
"2552","Q14C86","cytosol","endocytic vesicle","endosome","Cytoplasm/Cytosol"
"2553","Q0ZGT2","actin cytoskeleton","adherens junction","axon","Cytoskeleton/Contractile"
"2554","P78559","axon","axon cytoplasm","axon initial segment","Cilia/Centrosome/Neuron"
"2555","Q8TCS8","cytoplasm","cytosol","endoplasmic reticulum membrane","Cytoplasm/Cytosol"
"2556","Q86UE4","apical plasma membrane","bicellular tight junction","cytoplasm","Membrane/Cell Surface"
"2557","Q12905","cytosol","extracellular region","ficolin-1-rich granule lumen","Cytoplasm/Cytosol"
"2558","A0A0B4J1U3","extracellular region","immunoglobulin complex","plasma membrane","Extracellular/Secreted"
"2559","P31749","cell cortex","cell-cell junction","ciliary basal body","Membrane/Cell Surface"
"2560","Q9NT62","Atg12-Atg5-Atg16 complex","cytoplasm","cytosol","Protein Complex"
"2561","Q9BSD7","membrane","mitochondrion",NA,"Membrane/Cell Surface"
"2562","O43747","AP-1 adaptor complex","clathrin-coated pit","clathrin-coated vesicle","Protein Complex"
"2563","O94979","COPII vesicle coat","COPII-coated ER to Golgi transport vesicle","cytoplasm","ER/Golgi/Vesicle"
"2564","P43243","membrane","nuclear inner membrane","nuclear matrix","Membrane/Cell Surface"
"2565","Q8NE62","mitochondrial inner membrane","mitochondrion",NA,"Mitochondria"
"2566","Q96EY8","mitochondrial matrix","mitochondrion",NA,"Mitochondria"
"2567","P41227","cytoplasm","cytosol","membrane","Cytoplasm/Cytosol"
"2568","Q9UPU5","cytosol","nucleoplasm","nucleus","Cytoplasm/Cytosol"
"2569","P46937","bicellular tight junction","cell junction","cell-cell junction","Cell Junction/Adhesion"
"2570","Q9UBV8","COPII vesicle coat","Cul3-RING ubiquitin ligase complex","cytoplasm","ER/Golgi/Vesicle"
"2571","P08754","centriolar satellite","centrosome","ciliary basal body","Other"
"2572","Q14738","cytosol","nucleoplasm","nucleus","Cytoplasm/Cytosol"
"2573","Q86W34","",NA,NA,"Unknown"
"2574","Q9NQ50","mitochondrial inner membrane","mitochondrial large ribosomal subunit","mitochondrial ribosome","Mitochondria"
"2575","Q9NVT9","cytosol","mitochondrial outer membrane","mitochondrion","Cytoplasm/Cytosol"
"2576","P13164","Golgi apparatus","lysosomal membrane","membrane","ER/Golgi/Vesicle"
"2577","Q6NUK1","membrane","mitochondrial inner membrane","mitochondrion","Membrane/Cell Surface"
"2578","O00625","cytoplasm","cytosol","nuclear body","Cytoplasm/Cytosol"
"2579","P07948","adherens junction","cytoplasm","cytoplasmic side of plasma membrane","Cell Junction/Adhesion"
"2580","P82650","mitochondrial inner membrane","mitochondrial ribosome","mitochondrial small ribosomal subunit","Mitochondria"
"2581","P40616","cytoplasm","cytosol","Golgi apparatus","Cytoplasm/Cytosol"
"2582","Q9H7C4","cytosol","intermediate filament","neuromuscular junction","Cytoplasm/Cytosol"
"2583","Q9GZS3","Cdc73/Paf1 complex","cytoplasm","cytosol","Protein Complex"
"2584","P35244","DNA replication factor A complex","nucleoplasm","site of double-strand break","Protein Complex"
"2585","Q9BXJ9","cytoplasm","cytosol","membrane","Cytoplasm/Cytosol"
"2586","Q07812","BAK complex","BAX complex","Bcl-2 family protein complex","Protein Complex"
"2587","O95302","endoplasmic reticulum",NA,NA,"ER/Golgi/Vesicle"
"2588","Q8IUZ5","mitochondrial matrix",NA,NA,"Mitochondria"
"2589","P26639","cytoplasm","cytosol","extracellular exosome","Cytoplasm/Cytosol"
"2590","Q9Y3C4","cytoplasm","cytosol","EKC/KEOPS complex","Cytoplasm/Cytosol"
"2591","Q9BQE3","cilium","cytoplasm","cytoplasmic microtubule","Cilia/Centrosome/Neuron"
"2592","Q96C00","nucleus",NA,NA,"Nucleus/Chromatin"
"2593","P05089","azurophil granule lumen","cytoplasm","cytosol","Granule/Lysosome/Vesicle"
"2594","O95359","centrosome","cytoplasm","cytosol","Cilia/Centrosome/Neuron"
"2595","Q969H8","endoplasmic reticulum","endoplasmic reticulum lumen","endoplasmic reticulum-Golgi intermediate compartment","ER/Golgi/Vesicle"
"2596","P46063","chromosome","cytoplasm","membrane","Nucleus/Chromatin"
"2597","Q6NYC8","cytoskeleton",NA,NA,"Cytoskeleton/Contractile"
"2598","Q9Y3D7","mitochondrial inner membrane","mitochondrial matrix","mitochondrion","Mitochondria"
"2599","Q15772","nucleus",NA,NA,"Nucleus/Chromatin"
"2600","Q12981","COPI-coated vesicle","cytoplasm","endoplasmic reticulum","ER/Golgi/Vesicle"
"2601","Q13203","M band","myosin filament",NA,"Sarcoplasmic/Myofibrillar"
"2602","Q9UBT2","cytoplasm","nucleolus","nucleoplasm","Cytoplasm/Cytosol"
"2603","Q9H078","cytoplasm","mitochondrial intermembrane space","mitochondrion","Cytoplasm/Cytosol"
"2604","Q96AY3","endoplasmic reticulum","endoplasmic reticulum lumen","membrane","ER/Golgi/Vesicle"
"2605","Q8IVD9","cytoplasm","cytoplasmic dynein complex",NA,"Cytoplasm/Cytosol"
"2606","Q92598","cytoplasm","cytosol","endocytic vesicle lumen","Cytoplasm/Cytosol"
"2607","Q00796","cytosol","extracellular exosome","extracellular space","Cytoplasm/Cytosol"
"2608","Q8WZ82","cytoplasm","mitochondrion","nucleus","Cytoplasm/Cytosol"
"2609","O15335","plasma membrane",NA,NA,"Membrane/Cell Surface"
"2610","Q4G176","mitochondrial matrix","mitochondrion",NA,"Mitochondria"
"2611","O14907","actin cytoskeleton","cytoplasm","cytosol","Cytoskeleton/Contractile"
"2612","P67870","chromatin","cytoplasm","cytosol","Nucleus/Chromatin"
"2613","P11717","cell surface","clathrin coat","clathrin-coated endocytic vesicle membrane","Membrane/Cell Surface"
"2614","Q9BU61","mitochondrial inner membrane","mitochondrion","nucleus","Mitochondria"
"2615","Q99797","mitochondrial matrix","mitochondrion",NA,"Mitochondria"
"2616","Q9H8M7","nuclear membrane","nucleoplasm",NA,"Membrane/Cell Surface"
"2617","O14745","actin cytoskeleton","apical plasma membrane","brush border membrane","Cytoskeleton/Contractile"
"2618","Q15717","cytoplasm","cytoplasmic stress granule","cytoplasmic vesicle","Cytoplasm/Cytosol"
"2619","Q9P2J5","aminoacyl-tRNA synthetase multienzyme complex","cytoplasm","cytosol","Protein Complex"
"2620","P49841","axon","beta-catenin destruction complex","centrosome","Cilia/Centrosome/Neuron"
"2621","Q9BX97","caveola","cell surface","extracellular exosome","Membrane/Cell Surface"
"2622","Q8TDQ7","cytoplasm","cytosol","nucleus","Cytoplasm/Cytosol"
"2623","O60343","cytosol","Golgi apparatus","vesicle","Cytoplasm/Cytosol"
"2624","L0R6Q1","mitochondrial inner membrane","mitochondrion",NA,"Mitochondria"
"2625","Q8N4Q1","mitochondrial intermembrane space","mitochondrion",NA,"Mitochondria"
"2626","O96007","cytosol","molybdopterin synthase complex","nuclear speck","Cytoplasm/Cytosol"
"2627","P80108","cytoplasm","extracellular exosome","extracellular matrix","Cytoplasm/Cytosol"
"2628","P60983","cortical actin cytoskeleton",NA,NA,"Cytoskeleton/Contractile"
"2629","Q9P0U1","mitochondrial outer membrane","mitochondrial outer membrane translocase complex","mitochondrion","Mitochondria"
"2630","P14678","catalytic step 2 spliceosome","cytoplasm","cytosol","Protein Complex"
"2631","Q7Z4H8","endomembrane system","endoplasmic reticulum lumen",NA,"Membrane/Cell Surface"
"2632","Q99653","cytoplasm","endoplasmic reticulum","endoplasmic reticulum-Golgi intermediate compartment","Cytoplasm/Cytosol"
"2633","Q8IXM3","mitochondrial inner membrane","mitochondrial large ribosomal subunit","mitochondrion","Mitochondria"
"2634","Q68EM7","bicellular tight junction","cytosol","plasma membrane","Cell Junction/Adhesion"
"2635","P0CW19","cytoplasm",NA,NA,"Cytoplasm/Cytosol"
"2636","A0A0A0MT36","extracellular region","immunoglobulin complex","plasma membrane","Extracellular/Secreted"
"2637","Q9NRR5","autophagosome","cytoplasm","cytoplasmic vesicle","ER/Golgi/Vesicle"
"2638","Q93009","chromosome","cytosol","nuclear body","Nucleus/Chromatin"
"2639","Q5GLZ8","cytoplasm","cytosol","fibrillar center","Cytoplasm/Cytosol"
"2640","Q8IUI8","cytoplasm","cytosol","nucleus","Cytoplasm/Cytosol"
"2641","Q9NR50","cytoplasm","cytosol","eukaryotic translation initiation factor 2B complex","Cytoplasm/Cytosol"
"2642","O95870","membrane",NA,NA,"Membrane/Cell Surface"
"2643","Q9H773","cytosol","mitochondrion","nucleoplasm","Cytoplasm/Cytosol"
"2644","Q9H6R3","mitochondrial matrix","mitochondrion",NA,"Mitochondria"
"2645","Q5T013","",NA,NA,"Unknown"
"2646","Q16576","ATPase complex","chromosome, telomeric region","cytosol","Protein Complex"
"2647","Q5JVF3","cytoplasm","nuclear pore nuclear basket","nucleus","Cytoplasm/Cytosol"
"2648","P01718","extracellular region","immunoglobulin complex","plasma membrane","Extracellular/Secreted"
"2649","Q06432","L-type voltage-gated calcium channel complex","plasma membrane","sarcolemma","Protein Complex"
"2650","Q16774","cytosol","mitochondrion","photoreceptor inner segment","Cytoplasm/Cytosol"
"2651","Q92552","cytoplasm","mitochondrial inner membrane","mitochondrial small ribosomal subunit","Cytoplasm/Cytosol"
"2652","Q9Y316","cytosol","nucleus",NA,"Cytoplasm/Cytosol"
"2653","Q9HC35","cilium","cytoplasm","cytosol","Cilia/Centrosome/Neuron"
"2654","O15372","cytosol","eukaryotic 43S preinitiation complex","eukaryotic 48S preinitiation complex","Cytoplasm/Cytosol"
"2655","Q96EY1","cytoplasm","cytoplasmic side of plasma membrane","cytosol","Cytoplasm/Cytosol"
"2656","P22087","box C/D methylation guide snoRNP complex","Cajal body","extracellular exosome","Protein Complex"
"2657","Q9Y2Q5","endosome membrane","FNIP-folliculin RagC/D GAP","late endosome","Membrane/Cell Surface"
"2658","P08779","cornified envelope","cytoskeleton","cytosol","Other"
"2659","P63172","cytoplasm","cytoplasmic dynein complex","cytoplasmic microtubule","Cytoplasm/Cytosol"
"2660","Q9Y315","cytosol","extracellular region","ficolin-1-rich granule lumen","Cytoplasm/Cytosol"
"2661","Q9H9J2","mitochondrial inner membrane","mitochondrial large ribosomal subunit","mitochondrion","Mitochondria"
"2662","P32456","cytoplasm","cytoplasmic vesicle","cytoplasmic vesicle membrane","Cytoplasm/Cytosol"
"2663","P47929","cytoplasm","extracellular exosome","extracellular space","Cytoplasm/Cytosol"
"2664","Q8N183","mitochondrial inner membrane","mitochondrion","respiratory chain complex I","Mitochondria"
"2665","O75391","nucleus",NA,NA,"Nucleus/Chromatin"
"2666","P50895","external side of plasma membrane","extracellular exosome","extracellular matrix","Membrane/Cell Surface"
"2667","Q9Y5K5","cytoplasm","cytosol","Ino80 complex","Cytoplasm/Cytosol"
"2668","P55769","box C/D methylation guide snoRNP complex","dense fibrillar component","nucleolus","Protein Complex"
"2669","P36954","nucleolus","nucleoplasm","nucleus","Other"
"2670","P0DMM9","cytoplasm","cytosol",NA,"Cytoplasm/Cytosol"
"2671","P45877","cytoplasm","extracellular exosome",NA,"Cytoplasm/Cytosol"
"2672","Q9Y295","cytoplasm","cytosol","membrane","Cytoplasm/Cytosol"
"2673","O75153","cytoplasm","mitochondrion",NA,"Cytoplasm/Cytosol"
"2674","P04233","cell surface","clathrin-coated endocytic vesicle membrane","cytoplasm","Membrane/Cell Surface"
"2675","Q9Y6E0","cytoplasm","cytosol","extracellular exosome","Cytoplasm/Cytosol"
"2676","Q96DE0","cytoplasm","nucleolus","nucleoplasm","Cytoplasm/Cytosol"
"2677","O75439","mitochondrial matrix","mitochondrial processing peptidase complex","mitochondrion","Mitochondria"
"2678","Q9Y5X1","clathrin-coated pit","clathrin-coated vesicle","cuticular plate","ER/Golgi/Vesicle"
"2679","Q9BVG4","",NA,NA,"Unknown"
"2680","Q9NPY3","cell surface","ficolin-1-rich granule membrane","plasma membrane","Membrane/Cell Surface"
"2681","Q9BU02","cytosol",NA,NA,"Cytoplasm/Cytosol"
"2682","Q96LJ7","endoplasmic reticulum",NA,NA,"ER/Golgi/Vesicle"
"2683","Q6UX53","cytosol","endoplasmic reticulum membrane","lipid droplet","Cytoplasm/Cytosol"
"2684","Q4G0F5","cytosol","early endosome","endosome","Cytoplasm/Cytosol"
"2685","O14964","cytosol","early endosome","early endosome membrane","Cytoplasm/Cytosol"
"2686","Q86WA6","mitochondrial outer membrane","mitochondrion",NA,"Mitochondria"
"2687","Q9UMX5","endomembrane system","endoplasmic reticulum","extracellular space","Membrane/Cell Surface"
"2688","Q7L576","cytosol","extracellular exosome","extracellular region","Cytoplasm/Cytosol"
"2689","Q96HE7","dendrite","endoplasmic reticulum","endoplasmic reticulum lumen","Cilia/Centrosome/Neuron"
"2690","Q969M7","cytosol","nucleus",NA,"Cytoplasm/Cytosol"
"2691","P0C870","cytoplasm","cytosol","nucleus","Cytoplasm/Cytosol"
"2692","Q15276","cytosol","early endosome","early endosome membrane","Cytoplasm/Cytosol"
"2693","Q6PI48","mitochondrial matrix","mitochondrial membrane","mitochondrion","Mitochondria"
"2694","P51114","axon","costamere","cytoplasm","Cilia/Centrosome/Neuron"
"2695","P49840","apical dendrite","axon","beta-catenin destruction complex","Cilia/Centrosome/Neuron"
"2696","Q9H4I9","mitochondrial inner membrane","mitochondrial matrix","mitochondrion","Mitochondria"
"2697","O75937","cytosol","intercellular bridge","nucleoplasm","Cytoplasm/Cytosol"
"2698","O75363","cytoplasm","extracellular exosome",NA,"Cytoplasm/Cytosol"
"2699","Q9NSK0","cytoplasm","kinesin complex","microtubule","Cytoplasm/Cytosol"
"2700","Q96BW5","cytosol","extracellular exosome",NA,"Cytoplasm/Cytosol"
"2701","Q9BVV7","mitochondrial inner membrane","mitochondrial intermembrane space","mitochondrion","Mitochondria"
"2702","P01766","blood microparticle","extracellular region","extracellular space","Blood Microparticle"
"2703","Q15036","cytoplasmic vesicle","cytosol","early endosome","Cytoplasm/Cytosol"
"2704","Q9NZZ3","amphisome membrane","autophagosome membrane","cytosol","Membrane/Cell Surface"
"2705","Q9H446","cytosol",NA,NA,"Cytoplasm/Cytosol"
"2706","Q96DA6","inner mitochondrial membrane protein complex","matrix side of mitochondrial inner membrane","membrane","Mitochondria"
"2707","O43684","bub1-bub3 complex","cytosol","kinetochore","Protein Complex"
"2708","Q14166","centrosome","cytoplasm","cytosol","Cilia/Centrosome/Neuron"
"2709","P49902","cytoplasm","cytosol",NA,"Cytoplasm/Cytosol"
"2710","Q9UNF0","adherens junction","caveola","centriolar satellite","Cell Junction/Adhesion"
"2711","Q9NQX3","cytoplasm","cytoplasmic side of plasma membrane","cytoskeleton","Cytoplasm/Cytosol"
"2712","Q9BZE9","cytoplasm","cytoplasmic side of plasma membrane","cytosol","Cytoplasm/Cytosol"
"2713","Q8TB22","extracellular region","mitochondrion",NA,"Extracellular/Secreted"
"2714","P08567","cytoplasm","cytosol","extracellular region","Cytoplasm/Cytosol"
"2715","Q96CT7","centrosome","cytosol","midbody","Cilia/Centrosome/Neuron"
"2716","Q9H3K2","endoplasmic reticulum membrane","extracellular exosome","mitochondrial inner membrane","Membrane/Cell Surface"
"2717","Q92667","cytosol","membrane","mitochondrial outer membrane","Cytoplasm/Cytosol"
"2718","P53384","axoneme","centriole","centrosome","Cilia/Centrosome/Neuron"
"2719","Q8TD55","extracellular region","ficolin-1-rich granule lumen",NA,"Extracellular/Secreted"
"2720","Q6PI78","intercalated disc","mitochondrial inner membrane","mitochondrion","Other"
"2721","Q8IWE2","cytosol","Golgi apparatus","nucleoplasm","Cytoplasm/Cytosol"
"2722","Q8TD30","mitochondrial matrix","mitochondrion",NA,"Mitochondria"
"2723","Q86UT6","cytosol","mitochondrial outer membrane","mitochondrion","Cytoplasm/Cytosol"
"2724","Q15493","cytoplasm","nucleus",NA,"Cytoplasm/Cytosol"
"2725","Q8IVP5","mitochondrial outer membrane","mitochondrion",NA,"Mitochondria"
"2726","Q9UDT6","cell cortex","microtubule associated complex","microtubule plus-end","Membrane/Cell Surface"
"2727","Q9Y2Q9","mitochondrial inner membrane","mitochondrial small ribosomal subunit","mitochondrion","Mitochondria"
"2728","P36873","cleavage furrow","cytoplasm","cytosol","Cilia/Centrosome/Neuron"
"2729","P05771","calyx of Held","cytoplasm","cytosol","Other"
"2730","Q08J23","chromatoid body","cytoplasm","extracellular exosome","Nucleus/Chromatin"
"2731","Q32MZ4","cytoplasm","cytoskeleton","cytosol","Cytoplasm/Cytosol"
"2732","P42167","cytoplasm","membrane","nuclear envelope","Cytoplasm/Cytosol"
"2733","Q8WUX9","amphisome membrane","autophagosome membrane","chromatin","Membrane/Cell Surface"
"2734","P49354","CAAX-protein geranylgeranyltransferase complex","cytoplasm","cytosol","Protein Complex"
"2735","Q6ICL3","cytoplasm","cytosol","Golgi apparatus","Cytoplasm/Cytosol"
"2736","Q9UNH7","cytoplasm","cytosol","early endosome membrane","Cytoplasm/Cytosol"
"2737","P04430","extracellular region","immunoglobulin complex","plasma membrane","Extracellular/Secreted"
"2738","Q9Y2H1","actin cytoskeleton","cytoplasm","cytosol","Cytoskeleton/Contractile"
"2739","Q02413","apical plasma membrane","cornified envelope","cytoplasm","Membrane/Cell Surface"
"2740","Q9BXS5","AP-1 adaptor complex","clathrin-coated vesicle","cytoplasmic vesicle membrane","Protein Complex"
"2741","Q86YB7","mitochondrion",NA,NA,"Mitochondria"
"2742","P00326","ciliary basal body","ciliary transition zone","cilium","Cilia/Centrosome/Neuron"
"2743","Q7LG56","cytosol","mitochondrion","nucleoplasm","Cytoplasm/Cytosol"
"2744","Q53EU6","endoplasmic reticulum","endoplasmic reticulum membrane",NA,"ER/Golgi/Vesicle"
"2745","P50552","actin cytoskeleton","bicellular tight junction","cytosol","Cytoskeleton/Contractile"
"2746","Q13636","cytosol","early endosome","early endosome membrane","Cytoplasm/Cytosol"
"2747","P54577","cytoplasm","cytosol","extracellular space","Cytoplasm/Cytosol"
"2748","Q92688","cytoplasm","extracellular exosome","nucleoplasm","Cytoplasm/Cytosol"
"2749","P82663","mitochondrial inner membrane","mitochondrial small ribosomal subunit","mitochondrion","Mitochondria"
"2750","P42566","aggresome","AP-2 adaptor complex","apical plasma membrane","Granule/Lysosome/Vesicle"
"2751","Q92616","cytoplasm","cytosol","cytosolic ribosome","Cytoplasm/Cytosol"
"2752","O00193","",NA,NA,"Unknown"
"2753","Q712K3","cytosol",NA,NA,"Cytoplasm/Cytosol"
"2754","Q9GZZ9","cytoplasm","cytosol","endoplasmic reticulum membrane","Cytoplasm/Cytosol"
"2755","Q15813","cytoplasm","microtubule",NA,"Cytoplasm/Cytosol"
"2756","O15427","apical plasma membrane","basolateral plasma membrane","lateral plasma membrane","Membrane/Cell Surface"
"2757","Q01085","cytolytic granule","cytoplasm","cytoplasmic stress granule","Granule/Lysosome/Vesicle"
"2758","Q96S99","early endosome","endosome membrane","lysosomal membrane","ER/Golgi/Vesicle"
"2759","P53701","cytosol","membrane","mitochondrial inner membrane","Cytoplasm/Cytosol"
"2760","Q86TI2","cell leading edge","cytosol","microtubule","Membrane/Cell Surface"
"2761","P26196","adherens junction","chromatoid body","concave side of sperm head","Cell Junction/Adhesion"
"2762","Q8TCJ2","endoplasmic reticulum","endoplasmic reticulum membrane","membrane","ER/Golgi/Vesicle"
"2763","Q9P0P0","cytoplasm",NA,NA,"Cytoplasm/Cytosol"
"2764","P19075","cell surface","extracellular exosome","plasma membrane","Membrane/Cell Surface"
"2765","Q16821","membrane","protein phosphatase type 1 complex",NA,"Membrane/Cell Surface"
"2766","Q10713","extracellular space","mitochondrial inner membrane","mitochondrial matrix","Extracellular/Secreted"
"2767","Q9HAB8","cytoplasm","cytosol","nucleus","Cytoplasm/Cytosol"
"2768","Q13574","cytoplasm","cytosol","glutamatergic synapse","Cytoplasm/Cytosol"
"2769","Q05193","chromaffin granule","clathrin-coated pit","cytoplasm","Granule/Lysosome/Vesicle"
"2770","P08253","extracellular matrix","extracellular region","extracellular space","Extracellular/Secreted"
"2771","Q9BY44","blood microparticle","cytoplasm","eukaryotic translation initiation factor 2 complex","Blood Microparticle"
"2772","Q567U6","early endosome",NA,NA,"ER/Golgi/Vesicle"
"2773","Q12955","axon initial segment","basal plasma membrane","basolateral plasma membrane","Cilia/Centrosome/Neuron"
"2774","Q13405","mitochondrial inner membrane","mitochondrial large ribosomal subunit","mitochondrial ribosome","Mitochondria"
"2775","Q4G0N4","mitochondrial matrix","mitochondrion",NA,"Mitochondria"
"2776","Q9NXR7","BRCA1-A complex","BRISC complex","cytoplasm","Protein Complex"
"2777","Q96HY6","cytoplasm","endoplasmic reticulum","endoplasmic reticulum membrane","Cytoplasm/Cytosol"
"2778","Q9UK41","cytoplasm","cytosol","early endosome","Cytoplasm/Cytosol"
"2779","Q7L5D6","BAT3 complex","chromosome","cytoplasm","Protein Complex"
"2780","O00142","cytoplasm","mitochondrial matrix","mitochondrion","Cytoplasm/Cytosol"
"2781","P22570","mitochondrial inner membrane","mitochondrial matrix","mitochondrion","Mitochondria"
"2782","Q01814","apical plasma membrane","basolateral plasma membrane","cytoplasm","Membrane/Cell Surface"
"2783","Q8WVM8","cis-Golgi network","cytosol","endoplasmic reticulum membrane","ER/Golgi/Vesicle"
"2784","Q9P2T1","cytosol","GMP reductase complex",NA,"Cytoplasm/Cytosol"
"2785","Q9BXW6","cytosol","endosome","extracellular exosome","Cytoplasm/Cytosol"
"2786","Q9H2J4","cytoplasm","cytosol","endoplasmic reticulum","Cytoplasm/Cytosol"
"2787","Q9P0V9","cell division site","microtubule cytoskeleton","motile cilium","Other"
"2788","Q16666","cytoplasm","cytosol","membrane","Cytoplasm/Cytosol"
"2789","Q15629","endoplasmic reticulum","endoplasmic reticulum membrane","membrane","ER/Golgi/Vesicle"
"2790","Q9BZZ5","cytoplasm","membrane","nuclear speck","Cytoplasm/Cytosol"
"2791","O95721","autophagosome","autophagosome membrane","azurophil granule membrane","ER/Golgi/Vesicle"
"2792","Q9Y5P6","cytoplasm","cytosol","GDP-mannose pyrophosphorylase complex","Cytoplasm/Cytosol"
"2793","Q14157","chromosome","cytoplasm","cytoplasmic stress granule","Nucleus/Chromatin"
"2794","Q96MM6","",NA,NA,"Unknown"
"2795","Q14232","cytoplasm","cytosol","eukaryotic translation initiation factor 2B complex","Cytoplasm/Cytosol"
"2796","Q6UVK1","apical plasma membrane","cell surface","extracellular exosome","Membrane/Cell Surface"
"2797","P49914","cytoplasm","cytosol","mitochondrial matrix","Cytoplasm/Cytosol"
"2798","Q9H2W6","cell junction","cytosol","mitochondrial inner membrane","Cell Junction/Adhesion"
"2799","Q16629","cytoplasm","extracellular exosome","nuclear speck","Cytoplasm/Cytosol"
"2800","Q9Y3A3","cytoplasm","FAR/SIN/STRIPAK complex","glutamatergic synapse","Cytoplasm/Cytosol"
"2801","Q86VU5","membrane","mitochondrion",NA,"Membrane/Cell Surface"
"2802","P62256","cytosol","nucleus",NA,"Cytoplasm/Cytosol"
"2803","Q9H8Y8","cis-Golgi network","endoplasmic reticulum membrane","Golgi apparatus","ER/Golgi/Vesicle"
"2804","P41222","endoplasmic reticulum membrane","extracellular exosome","extracellular region","Membrane/Cell Surface"
"2805","Q96EP5","cytosol","male germ cell nucleus","nucleoplasm","Cytoplasm/Cytosol"
"2806","Q6P1X6","mitochondrion",NA,NA,"Mitochondria"
"2807","P23276","cytosol","Golgi apparatus","membrane","Cytoplasm/Cytosol"
"2808","P14317","cytoplasm","cytosol","endocytic vesicle","Cytoplasm/Cytosol"
"2809","Q8TD19","cytosol","nucleus",NA,"Cytoplasm/Cytosol"
"2810","Q9UGI8","cell junction","cytosol","focal adhesion","Cell Junction/Adhesion"
"2811","Q8WWM9","cytoplasm","cytosol","neuron projection","Cytoplasm/Cytosol"
"2812","O75477","endoplasmic reticulum","endoplasmic reticulum membrane","membrane raft","ER/Golgi/Vesicle"
"2813","Q92783","cytosol","early endosome membrane","ESCRT-0 complex","Cytoplasm/Cytosol"
"2814","Q9BVL4","chromosome","mitochondrion",NA,"Nucleus/Chromatin"
"2815","Q9ULT8","",NA,NA,"Unknown"
"2816","Q9NZJ7","membrane","mitochondrial outer membrane","mitochondrion","Membrane/Cell Surface"
"2817","Q02127","cytosol","mitochondrial inner membrane","mitochondrion","Cytoplasm/Cytosol"
"2818","Q9ULC3","autophagosome","cell junction","centrosome","ER/Golgi/Vesicle"
"2819","Q92575","cytosol","endoplasmic reticulum","endoplasmic reticulum membrane","Cytoplasm/Cytosol"
"2820","P05106","alpha9-beta1 integrin-ADAM8 complex","alphav-beta3 integrin-HMGB1 complex","alphav-beta3 integrin-IGF-1-IGF1R complex","Protein Complex"
"2821","P36404","centriole","centrosome","ciliary basal body","Cilia/Centrosome/Neuron"
"2822","Q96GD0","cell-cell junction","cytoplasm","cytoskeleton","Cell Junction/Adhesion"
"2823","Q9NTJ4","cytosol","nucleoplasm",NA,"Cytoplasm/Cytosol"
"2824","P62714","chromosome, centromeric region","cytosol","FAR/SIN/STRIPAK complex","Nucleus/Chromatin"
"2825","Q9BV86","cytoplasm","cytosol","nucleoplasm","Cytoplasm/Cytosol"
"2826","Q8NC56","chromatin","membrane","nuclear envelope","Nucleus/Chromatin"
"2827","Q9BU89","cytosol",NA,NA,"Cytoplasm/Cytosol"
"2828","Q9H074","cytoplasm","cytosol","mCRD-mediated mRNA stability complex","Cytoplasm/Cytosol"
"2829","Q8NCA5","cytoplasm","nucleus","tRNA-splicing ligase complex","Cytoplasm/Cytosol"
"2830","P02786","basolateral plasma membrane","blood microparticle","cell surface","Membrane/Cell Surface"
"2831","Q9GZN8","extracellular space",NA,NA,"Extracellular/Secreted"
"2832","Q9NP81","mitochondrial matrix","mitochondrion",NA,"Mitochondria"
"2833","Q16890","cytoplasm","perinuclear region of cytoplasm",NA,"Cytoplasm/Cytosol"
"2834","Q9BZE1","mitochondrial inner membrane","mitochondrial large ribosomal subunit","mitochondrial ribosome","Mitochondria"
"2835","P33316","extracellular exosome","mitochondrion","nucleoplasm","Extracellular/Secreted"
"2836","Q96FZ7","amphisome membrane","autophagosome membrane","cytosol","Membrane/Cell Surface"
"2837","P53992","COPII vesicle coat","cytosol","endoplasmic reticulum exit site","ER/Golgi/Vesicle"
"2838","Q9BW91","cell junction","cytoplasm","cytosol","Cell Junction/Adhesion"
"2839","A3KMH1","cytoplasm","mitochondrion","peroxisome","Cytoplasm/Cytosol"
"2840","Q8N6M3","endoplasmic reticulum membrane",NA,NA,"Membrane/Cell Surface"
"2841","P35052","cell surface","cytosol","endosome","Membrane/Cell Surface"
"2842","A0A0C4DH24","extracellular region","immunoglobulin complex","plasma membrane","Extracellular/Secreted"
"2843","P50897","axon","cytosol","dendrite","Cilia/Centrosome/Neuron"
"2844","Q15111","cytoplasm",NA,NA,"Cytoplasm/Cytosol"
"2845","Q96B96","endoplasmic reticulum membrane","lipid droplet",NA,"Membrane/Cell Surface"
"2846","P61513","cytoplasm","cytosol","cytosolic large ribosomal subunit","Cytoplasm/Cytosol"
"2847","Q8IYS1","nucleoplasm",NA,NA,"Nucleus/Chromatin"
"2848","Q9Y224","centrosome","cytoplasm","cytosol","Cilia/Centrosome/Neuron"
"2849","P46108","actin cytoskeleton","cytoplasm","cytosol","Cytoskeleton/Contractile"
"2850","P42574","cytoplasm","cytosol","death-inducing signaling complex","Cytoplasm/Cytosol"
"2851","P50440","extracellular exosome","mitochondrial inner membrane","mitochondrial intermembrane space","Extracellular/Secreted"
"2852","Q9UGM6","mitochondrial matrix","mitochondrion","nucleoplasm","Mitochondria"
"2853","Q9Y6I3","clathrin vesicle coat","clathrin-coated pit","cytosol","ER/Golgi/Vesicle"
"2854","P52294","cytoplasm","cytosol","dendrite","Cytoplasm/Cytosol"
"2855","Q9BZV2","membrane","plasma membrane",NA,"Membrane/Cell Surface"
"2856","Q9BTY7","",NA,NA,"Unknown"
"2857","Q9UHL4","azurophil granule lumen","extracellular exosome","extracellular region","Granule/Lysosome/Vesicle"
"2858","Q9Y2B9","cytoplasm","nucleus",NA,"Cytoplasm/Cytosol"
"2859","P57737","cytoplasmic vesicle","cytosol","Golgi apparatus","Cytoplasm/Cytosol"
"2860","Q16644","cytoplasm","cytosol","nucleoplasm","Cytoplasm/Cytosol"
"2861","Q9HA77","cytoplasm","mitochondrion",NA,"Cytoplasm/Cytosol"
"2862","Q96A57","autophagosome","axon","early endosome","ER/Golgi/Vesicle"
"2863","Q8WVI0","mitochondrial inner membrane","mitochondrion",NA,"Mitochondria"
"2864","P36980","extracellular region","extracellular space","protein-containing complex","Extracellular/Secreted"
"2865","Q9UQ13","cytoplasm","cytosol","nucleoplasm","Cytoplasm/Cytosol"
"2866","Q9HCB6","endoplasmic reticulum lumen","extracellular matrix","extracellular space","ER/Golgi/Vesicle"
"2867","Q9H2G2","cell leading edge","cytoplasm","cytosol","Membrane/Cell Surface"
"2868","Q9BYD6","mitochondrial inner membrane","mitochondrial large ribosomal subunit","mitochondrion","Mitochondria"
"2869","Q6YP21","cytoplasm","mitochondrion",NA,"Cytoplasm/Cytosol"
"2870","Q5SRE7","",NA,NA,"Unknown"
"2871","Q9BYD1","mitochondrial inner membrane","mitochondrial large ribosomal subunit","mitochondrial ribosome","Mitochondria"
"2872","Q8N9N7","extracellular exosome","membrane",NA,"Extracellular/Secreted"
"2873","P01721","extracellular region","immunoglobulin complex","plasma membrane","Extracellular/Secreted"
"2874","Q9Y2S2","cytosol","extracellular exosome",NA,"Cytoplasm/Cytosol"
"2875","A8MXV4","cytosol","mitochondrion","peroxisomal matrix","Cytoplasm/Cytosol"
"2876","Q7Z7F7","mitochondrial inner membrane","mitochondrial large ribosomal subunit","mitochondrion","Mitochondria"
"2877","Q96MW1","cytosol",NA,NA,"Cytoplasm/Cytosol"
"2878","P61803","endoplasmic reticulum membrane","membrane","oligosaccharyltransferase complex","Membrane/Cell Surface"
"2879","P55145","cytosol","endoplasmic reticulum","endoplasmic reticulum lumen","Cytoplasm/Cytosol"
"2880","Q9UQN3","amphisome membrane","autophagosome membrane","cytoplasm","Membrane/Cell Surface"
"2881","Q9Y5R8","azurophil granule lumen","cytoplasm","cytosol","Granule/Lysosome/Vesicle"
"2882","P10109","mitochondrial matrix","mitochondrion",NA,"Mitochondria"
"2883","Q15165","extracellular region","plasma membrane",NA,"Extracellular/Secreted"
"2884","P20338","cytoplasmic vesicle membrane","early endosome membrane","extracellular exosome","Cytoplasm/Cytosol"
"2885","P49356","cytosol","microtubule associated complex","protein farnesyltransferase complex","Cytoplasm/Cytosol"
"2886","Q96EM0","",NA,NA,"Unknown"
"2887","O00203","AP-3 adaptor complex","axon cytoplasm","clathrin adaptor complex","Protein Complex"
"2888","O95630","cleavage furrow","cytosol","early endosome","Cilia/Centrosome/Neuron"
"2889","Q7Z4G1","cytoplasm","nucleus",NA,"Cytoplasm/Cytosol"
"2890","Q9Y3D3","cytosol","mitochondrial inner membrane","mitochondrial small ribosomal subunit","Cytoplasm/Cytosol"
"2891","Q15018","BRISC complex","ciliary basal body","ciliary transition zone","Protein Complex"
"2892","Q86U42","cytoplasm","nuclear inclusion body","nuclear speck","Cytoplasm/Cytosol"
"2893","Q14693","cytoplasm","cytosol","endoplasmic reticulum","Cytoplasm/Cytosol"
"2894","P62995","nuclear inner membrane","nucleoplasm","nucleus","Membrane/Cell Surface"
"2895","Q9UJW0","cell cortex","centrosome","cytoplasm","Membrane/Cell Surface"
"2896","Q96K76","cytoplasm","cytosol","nucleoplasm","Cytoplasm/Cytosol"
"2897","Q9NZJ9","cytoplasm","cytosol","nucleus","Cytoplasm/Cytosol"
"2898","P34741","cell surface","endoplasmic reticulum lumen","extracellular matrix","Membrane/Cell Surface"
"2899","Q96AP7","adherens junction","bicellular tight junction","cell-cell junction","Cell Junction/Adhesion"
"2900","P00813","anchoring junction","cell surface","cytoplasmic vesicle lumen","Cell Junction/Adhesion"
"2901","P49746","extracellular matrix","extracellular region","perinuclear region of cytoplasm","Extracellular/Secreted"
"2902","Q13033","cytoplasm","dendrite","FAR/SIN/STRIPAK complex","Cytoplasm/Cytosol"
"2903","P46977","endoplasmic reticulum membrane","membrane","oligosaccharyltransferase complex","Membrane/Cell Surface"
"2904","Q7L592","extracellular space","mitochondrial matrix","mitochondrion","Extracellular/Secreted"
"2905","Q9H9A6","membrane",NA,NA,"Membrane/Cell Surface"
"2906","Q9BT73","cytosol","protein-containing complex",NA,"Cytoplasm/Cytosol"
"2907","P50402","cytoplasm","cytosol","endoplasmic reticulum","Cytoplasm/Cytosol"
"2908","P01601","extracellular region","immunoglobulin complex","plasma membrane","Extracellular/Secreted"
"2909","Q5JSH3","cytosol","endosome membrane","Golgi apparatus","Cytoplasm/Cytosol"
"2910","P78318","cytoplasm","cytosol",NA,"Cytoplasm/Cytosol"
"2911","Q9Y6A9","endoplasmic reticulum membrane","signal peptidase complex",NA,"Membrane/Cell Surface"
"2912","P17252","alphav-beta3 integrin-PKCalpha complex","ciliary basal body","cytoplasm","Protein Complex"
"2913","Q9NVA1","cytoplasmic vesicle","mitochondrial inner membrane","mitochondrion","Cytoplasm/Cytosol"
"2914","O96033","cytosol","molybdopterin synthase complex",NA,"Cytoplasm/Cytosol"
"2915","P51398","mitochondrial inner membrane","mitochondrial small ribosomal subunit","mitochondrion","Mitochondria"
"2916","Q9Y3B7","mitochondrial inner membrane","mitochondrial large ribosomal subunit","mitochondrial ribosome","Mitochondria"
"2917","Q5R3I4","extracellular exosome",NA,NA,"Extracellular/Secreted"
"2918","P78527","chromatin","chromosome, telomeric region","cytosol","Nucleus/Chromatin"
"2919","Q9Y5K8","centrosome","cilium","clathrin-coated vesicle membrane","Cilia/Centrosome/Neuron"
"2920","Q13724","endoplasmic reticulum","endoplasmic reticulum membrane","extracellular exosome","ER/Golgi/Vesicle"
"2921","O43251","cytoplasm","nucleoplasm","nucleus","Cytoplasm/Cytosol"
"2922","Q7L775","cytoplasmic side of endoplasmic reticulum membrane","nucleus",NA,"Cytoplasm/Cytosol"
"2923","Q9NUQ7","cytoplasm","endoplasmic reticulum","nucleus","Cytoplasm/Cytosol"
"2924","Q68CZ2","cytosol","focal adhesion","podosome","Cytoplasm/Cytosol"
"2925","P25686","cytoplasm","cytoplasmic side of endoplasmic reticulum membrane","cytosol","Cytoplasm/Cytosol"
"2926","A6NHX0","cytosol",NA,NA,"Cytoplasm/Cytosol"
"2927","O94832","actin cytoskeleton","apical dendrite","axolemma","Cytoskeleton/Contractile"
"2928","Q9Y2R9","mitochondrial inner membrane","mitochondrial small ribosomal subunit","mitochondrion","Mitochondria"
"2929","P31146","actin filament","axon","cell-cell junction","Cytoskeleton/Contractile"
"2930","Q9Y2S7","cell-cell junction","midbody","mitochondrial matrix","Cell Junction/Adhesion"
"2931","P10398","cytoplasm","cytosol","mitochondrion","Cytoplasm/Cytosol"
"2932","P82933","mitochondrial inner membrane","mitochondrial small ribosomal subunit","mitochondrion","Mitochondria"
"2933","O75935","centrosome","cleavage furrow","cytosol","Cilia/Centrosome/Neuron"
"2934","Q5T4S7","cytoplasm","cytoskeleton","cytosol","Cytoplasm/Cytosol"
"2935","Q13445","COPII-coated ER to Golgi transport vesicle","endoplasmic reticulum","endoplasmic reticulum membrane","ER/Golgi/Vesicle"
"2936","Q9HD33","mitochondrial inner membrane","mitochondrial large ribosomal subunit","mitochondrion","Mitochondria"
"2937","P47895","cytoplasm","cytosol","extracellular exosome","Cytoplasm/Cytosol"
"2938","Q01813","6-phosphofructokinase complex","cytoplasm","cytosol","Protein Complex"
"2939","P41252","aminoacyl-tRNA synthetase multienzyme complex","cytoplasm","cytosol","Protein Complex"
"2940","Q99417","cytoplasm","mitochondrion","nucleoplasm","Cytoplasm/Cytosol"
"2941","P48454","calcineurin complex","cytoplasm","cytosol","Protein Complex"
"2942","Q93062","cytoplasm","cytoplasmic stress granule","cytosol","Cytoplasm/Cytosol"
"2943","Q9Y4X5","Cajal body","cytoplasm","cytosol","Nucleus/Chromatin"
"2944","Q14444","cell leading edge","cytoplasm","cytoplasmic stress granule","Membrane/Cell Surface"
"2945","Q14CX7","cytoplasm","cytosol","Golgi apparatus","Cytoplasm/Cytosol"
"2946","Q8N126","cell-cell junction","plasma membrane","presynaptic membrane","Cell Junction/Adhesion"
"2947","Q9Y3S2","chromosome, centromeric region","ciliary basal body","cilium","Nucleus/Chromatin"
"2948","Q8NB37","cytoplasm","early endosome","extracellular exosome","Cytoplasm/Cytosol"
"2949","O15533","endoplasmic reticulum","endoplasmic reticulum membrane","endoplasmic reticulum-Golgi intermediate compartment membrane","ER/Golgi/Vesicle"
"2950","Q9BV68","cytoplasm","cytosol","nucleoplasm","Cytoplasm/Cytosol"
"2951","O15230","basement membrane","extracellular exosome","extracellular matrix","Extracellular/Secreted"
"2952","P10746","cytosol","mitochondrion",NA,"Cytoplasm/Cytosol"
"2953","Q9P0I2","EMC complex","endoplasmic reticulum membrane","membrane","Protein Complex"
"2954","Q8N163","chromatin","cytoplasm","DBIRD complex","Nucleus/Chromatin"
"2955","Q9UPR0","cytoplasm",NA,NA,"Cytoplasm/Cytosol"
"2956","P34096","extracellular region","extracellular space",NA,"Extracellular/Secreted"
"2957","Q96CD2","cytosol","phosphopantothenoylcysteine decarboxylase complex",NA,"Cytoplasm/Cytosol"
"2958","Q13283","cytoplasm","cytoplasmic stress granule","cytosol","Cytoplasm/Cytosol"
"2959","Q13435","catalytic step 2 spliceosome","nuclear speck","nucleoplasm","Protein Complex"
"2960","Q9Y676","cell junction","mitochondrial inner membrane","mitochondrial small ribosomal subunit","Cell Junction/Adhesion"
"2961","Q8IYB8","mitochondrial degradosome","mitochondrial matrix","mitochondrial nucleoid","Mitochondria"
"2962","Q86VS8","centriolar satellite","centrosome","cis-Golgi network","Other"
"2963","P46379","BAT3 complex","cytoplasm","cytosol","Protein Complex"
"2964","Q9UIA9","cytoplasm","nuclear pore","nucleus","Cytoplasm/Cytosol"
"2965","Q8IWB7","cell junction","cytosol","early endosome","Cell Junction/Adhesion"
"2966","Q96C86","cytoplasm","cytosol","mitochondrion","Cytoplasm/Cytosol"
"2967","P13674","endoplasmic reticulum","endoplasmic reticulum lumen","membrane","ER/Golgi/Vesicle"
"2968","Q6ZMJ2","cell surface","plasma membrane",NA,"Membrane/Cell Surface"
"2969","Q8WU76","",NA,NA,"Unknown"
"2970","Q5TAQ9","Cul4-RING E3 ubiquitin ligase complex","cytoplasm","cytosol","Protein Complex"
"2971","P82979","cytoplasmic ribonucleoprotein granule","nuclear speck","nucleoplasm","Cytoplasm/Cytosol"
"2972","Q9H3P7","Golgi apparatus","Golgi membrane","membrane","ER/Golgi/Vesicle"
"2973","Q9BUP0","mitochondrial inner membrane","mitochondrion",NA,"Mitochondria"
"2974","Q9Y5A7","cytosol","Lewy body","nucleolus","Cytoplasm/Cytosol"
"2975","Q9H910","cytoplasm","cytosol","nucleus","Cytoplasm/Cytosol"
"2976","Q5TEU4","matrix side of mitochondrial inner membrane","mitochondrial inner membrane","mitochondrion","Mitochondria"
"2977","Q14318","cytosol","endomembrane system","endoplasmic reticulum","Cytoplasm/Cytosol"
"2978","Q04756","cytosol","extracellular region","extracellular space","Cytoplasm/Cytosol"
"2979","P22413","basolateral plasma membrane","cell surface","extracellular space","Membrane/Cell Surface"
"2980","P16333","cell-cell junction","cytoplasm","cytosol","Cell Junction/Adhesion"
"2981","P04278","extracellular exosome","extracellular region",NA,"Extracellular/Secreted"
"2982","P84085","cytoplasm","extracellular exosome","Golgi apparatus","Cytoplasm/Cytosol"
"2983","Q9BV20","cell projection","cytosol","fibrillar center","Other"
"2984","P07711","apical plasma membrane","chromaffin granule","endocytic vesicle lumen","Membrane/Cell Surface"
"2985","Q53HC9","trans-Golgi network",NA,NA,"ER/Golgi/Vesicle"
"2986","Q9Y3E1","cytosol","extracellular region","nucleoplasm","Cytoplasm/Cytosol"
"2987","O60669","basolateral plasma membrane","cytosol","glutamatergic synapse","Membrane/Cell Surface"
"2988","A0A0A0MS14","extracellular region","immunoglobulin complex","plasma membrane","Extracellular/Secreted"
"2989","Q96GC5","mitochondrial inner membrane","mitochondrial large ribosomal subunit","mitochondrial ribosome","Mitochondria"
"2990","O75884","nucleoplasm",NA,NA,"Nucleus/Chromatin"
"2991","Q13685","cell surface","cytosol","intercellular bridge","Membrane/Cell Surface"
"2992","Q9H488","endoplasmic reticulum","membrane",NA,"ER/Golgi/Vesicle"
"2993","P78356","autophagosome","cytosol","endoplasmic reticulum membrane","ER/Golgi/Vesicle"
"2994","Q7Z2W9","mitochondrial inner membrane","mitochondrial large ribosomal subunit","mitochondrion","Mitochondria"
"2995","A0A075B6S6","extracellular region","immunoglobulin complex","plasma membrane","Extracellular/Secreted"
"2996","P15289","azurophil granule lumen","endoplasmic reticulum lumen","extracellular exosome","Granule/Lysosome/Vesicle"
"2997","Q5VVQ6","cytoplasm","cytosol",NA,"Cytoplasm/Cytosol"
"2998","Q6NW29","",NA,NA,"Unknown"
"2999","Q5MNZ9","autophagosome membrane","clathrin-coated vesicle","cytoplasm","Membrane/Cell Surface"
"3000","P48740","cytosol","extracellular region","extracellular space","Cytoplasm/Cytosol"
"3001","O76076","extracellular matrix","extracellular space","nucleus","Extracellular/Secreted"
"3002","Q96EY7","cytosol","mitochondrial inner membrane","mitochondrial matrix","Cytoplasm/Cytosol"
"3003","Q07699","extracellular region","intercalated disc","node of Ranvier","Extracellular/Secreted"
"3004","O14562","",NA,NA,"Unknown"
"3005","P49406","mitochondrial inner membrane","mitochondrial large ribosomal subunit","mitochondrion","Mitochondria"
"3006","Q13620","Cul4-RING E3 ubiquitin ligase complex","Cul4A-RING E3 ubiquitin ligase complex","Cul4B-RING E3 ubiquitin ligase complex","Protein Complex"
"3007","O94788","cytoplasm","cytosol","perinuclear region of cytoplasm","Cytoplasm/Cytosol"
"3008","Q9NS69","membrane","mitochondrial outer membrane","mitochondrial outer membrane translocase complex","Membrane/Cell Surface"
"3009","O14657","endoplasmic reticulum","endoplasmic reticulum lumen","extracellular exosome","ER/Golgi/Vesicle"
"3010","O14579","COPI vesicle coat","cytosol","endoplasmic reticulum membrane","ER/Golgi/Vesicle"
"3011","A8MSI8","mitochondrion",NA,NA,"Mitochondria"
"3012","P52594","cell projection","cytoplasm","cytoplasmic vesicle","Other"
"3013","Q6P1L8","mitochondrial inner membrane","mitochondrial large ribosomal subunit","mitochondrion","Mitochondria"
"3014","P50336","mitochondrial inner membrane","mitochondrial intermembrane space","mitochondrial membrane","Mitochondria"
"3015","Q15382","cytosol","endomembrane system","endoplasmic reticulum membrane","Cytoplasm/Cytosol"
"3016","Q66K74","cell projection","centrosome","cytosol","Other"
"3017","Q9GZT4","apical part of cell","cytoplasm","cytosol","Other"
"3018","O94966","cytosol","endoplasmic reticulum membrane",NA,"Cytoplasm/Cytosol"
"3019","P57772","cytoplasm","nucleus","ribonucleoprotein complex","Cytoplasm/Cytosol"
"3020","Q9Y5Y2","axoneme","centriole","cytosol","Cilia/Centrosome/Neuron"
"3021","P30047","cytoplasm","cytosol","dendrite","Cytoplasm/Cytosol"
"3022","P24311","mitochondrial inner membrane","mitochondrial membrane","mitochondrion","Mitochondria"
"3023","P62312","cytoplasm","cytosol","Lsm2-8 complex","Cytoplasm/Cytosol"
"3024","Q9BSH5","mitochondrion","nucleolus","nucleus","Mitochondria"
"3025","Q15637","nucleoplasm","nucleus","ribosome","Nucleus/Chromatin"
"3026","Q9NVS2","mitochondrial inner membrane","mitochondrial large ribosomal subunit","mitochondrial small ribosomal subunit","Mitochondria"
"3027","Q16822","mitochondrial matrix","mitochondrion",NA,"Mitochondria"
"3028","O60841","cytoplasm","cytosol","synapse","Cytoplasm/Cytosol"
"3029","O75190","cytoplasm","cytosol","membrane","Cytoplasm/Cytosol"
"3030","Q969Z0","mitochondrial matrix","mitochondrion","ribonucleoprotein granule","Mitochondria"
"3031","Q96DV4","cytosol","mitochondrial inner membrane","mitochondrial large ribosomal subunit","Cytoplasm/Cytosol"
"3032","Q15599","apical plasma membrane","endomembrane system","extracellular exosome","Membrane/Cell Surface"
"3033","Q9Y5S9","catalytic step 2 spliceosome","cytoplasm","cytosol","Protein Complex"
"3034","O95749","cytoplasm","cytosol","nucleoplasm","Cytoplasm/Cytosol"
"3035","O14672","adherens junction","axon","cell surface","Cell Junction/Adhesion"
"3036","Q8WXX5","cytoplasm","cytosol","extracellular space","Cytoplasm/Cytosol"
"3037","O00418","cytoplasm","cytosol","dendritic spine","Cytoplasm/Cytosol"
"3038","P28330","cytoplasm","mitochondrial matrix","mitochondrial membrane","Cytoplasm/Cytosol"
"3039","Q04695","cornified envelope","cytoskeleton","cytosol","Other"
"3040","O95487","COPII vesicle coat","cytosol","endoplasmic reticulum exit site","ER/Golgi/Vesicle"
"3041","P20020","basolateral plasma membrane","extracellular exosome","glutamatergic synapse","Membrane/Cell Surface"
"3042","P10415","BAD-BCL-2 complex","BCL-2 complex","cytoplasm","Protein Complex"
"3043","Q05519","nuclear speck","nucleoplasm","nucleus","Nucleus/Chromatin"
"3044","P22748","apical plasma membrane","brush border membrane","cell surface","Membrane/Cell Surface"
"3045","Q15714","cytoplasm","cytosol","mitochondrion","Cytoplasm/Cytosol"
"3046","Q9Y6X5","extracellular exosome","ficolin-1-rich granule membrane","membrane","Extracellular/Secreted"
"3047","O95352","axoneme","cytoplasm","cytosol","Cilia/Centrosome/Neuron"
"3048","Q13370","cytosol","endoplasmic reticulum","Golgi apparatus","Cytoplasm/Cytosol"
"3049","P49903","cytoplasm","nuclear membrane","plasma membrane","Cytoplasm/Cytosol"
"3050","P25774","endolysosome lumen","extracellular matrix","extracellular region","ER/Golgi/Vesicle"
"3051","Q86WR0","endomembrane system","plasma membrane",NA,"Membrane/Cell Surface"
"3052","P01112","ciliary basal body","cytoplasm","cytosol","Cilia/Centrosome/Neuron"
"3053","P56192","aminoacyl-tRNA synthetase multienzyme complex","cytoplasm","cytosol","Protein Complex"
"3054","Q9Y365","cytosol","intercellular canaliculus","membrane","Cytoplasm/Cytosol"
"3055","P61966","AP-1 adaptor complex","clathrin-coated pit","cytoplasmic vesicle membrane","Protein Complex"
"3056","Q6PGP7","cytoplasm","cytosol","euchromatin","Cytoplasm/Cytosol"
"3057","Q9UQ49","caveola","cytoplasm","early endosome membrane","Membrane/Cell Surface"
"3058","Q8WUR7","cytoplasm","mitochondrion",NA,"Cytoplasm/Cytosol"
"3059","Q8N1F7","centrosome","cytosol","membrane","Cilia/Centrosome/Neuron"
"3060","O14786","axon","cytoplasmic vesicle","cytosol","Cilia/Centrosome/Neuron"
"3061","P27708","cell projection","cytoplasm","cytosol","Other"
"3062","Q9NQG5","nucleoplasm","nucleus","transcription preinitiation complex","Nucleus/Chromatin"
"3063","P35442","basement membrane","extracellular matrix","extracellular region","Extracellular/Secreted"
"3064","Q9UHD1","",NA,NA,"Unknown"
"3065","Q9HAV0","cytoplasm","cytosol","extracellular exosome","Cytoplasm/Cytosol"
"3066","Q15286","cell projection membrane","clathrin-coated endocytic vesicle","clathrin-coated endocytic vesicle membrane","Membrane/Cell Surface"
"3067","Q9Y4P1","autophagosome membrane","cytoplasm","cytoplasmic vesicle","Membrane/Cell Surface"
"3068","Q4U2R6","mitochondrial inner membrane","mitochondrial large ribosomal subunit","mitochondrial ribosome","Mitochondria"
"3069","Q9GZY8","mitochondrial membrane","mitochondrial outer membrane","mitochondrion","Mitochondria"
"3070","Q8N0U4","mitochondrion",NA,NA,"Mitochondria"
"3071","Q9NZB2","cytosol","membrane","nucleus","Cytoplasm/Cytosol"
"3072","O75027","mitochondrial inner membrane","mitochondrion",NA,"Mitochondria"
"3073","P07947","actin filament","centrosome","cytosol","Cytoskeleton/Contractile"
"3074","Q7L523","cytoplasm","cytosol","FNIP-folliculin RagC/D GAP","Cytoplasm/Cytosol"
"3075","O95671","cytosol",NA,NA,"Cytoplasm/Cytosol"
"3076","Q32MK0","actin cytoskeleton","cytoplasm","cytosol","Cytoskeleton/Contractile"
"3077","Q9Y399","mitochondrial inner membrane","mitochondrial matrix","mitochondrial small ribosomal subunit","Mitochondria"
"3078","Q8TCZ2","adherens junction","cell surface","extracellular region","Cell Junction/Adhesion"
"3079","O14548","mitochondrial inner membrane","mitochondrial membrane","mitochondrion","Mitochondria"
"3080","P35222","adherens junction","apical part of cell","apicolateral plasma membrane","Cell Junction/Adhesion"
"3081","Q8N2F6","endoplasmic reticulum","endoplasmic reticulum membrane","mitochondrial outer membrane","ER/Golgi/Vesicle"
"3082","Q8WXF1","cytoplasm","fibrillar center","nuclear matrix","Cytoplasm/Cytosol"
"3083","Q7Z460","basal cortex","cell cortex","centrosomal corona","Other"
"3084","P00414","mitochondrial inner membrane","mitochondrial membrane","mitochondrion","Mitochondria"
"3085","P15153","cell projection","cytoplasmic vesicle","cytoskeleton","Other"
"3086","Q06210","cytosol","extracellular exosome",NA,"Cytoplasm/Cytosol"
"3087","P51608","centrosome","cytosol","extracellular space","Cilia/Centrosome/Neuron"
"3088","Q13232","ciliary basal body","cytoplasm","cytosol","Cilia/Centrosome/Neuron"
"3089","Q86Y56","cytoplasm","cytosol","dynein axonemal particle","Cytoplasm/Cytosol"
"3090","P51808","cytoplasm","cytoplasmic dynein complex","kinetochore","Cytoplasm/Cytosol"
"3091","P49590","mitochondrial matrix","mitochondrion",NA,"Mitochondria"
"3092","Q92995","cytosol","nucleoplasm","nucleus","Cytoplasm/Cytosol"
"3093","Q9BV57","cytoplasm","cytosol","nucleus","Cytoplasm/Cytosol"
"3094","A0A0U1RRL7","",NA,NA,"Unknown"
"3095","O75764","nucleus",NA,NA,"Nucleus/Chromatin"
"3096","Q63HQ2","basement membrane","interstitial matrix","photoreceptor ribbon synapse","Extracellular/Secreted"
"3097","Q8TC12","endoplasmic reticulum membrane","photoreceptor inner segment",NA,"Membrane/Cell Surface"
"3098","P07311","",NA,NA,"Unknown"
"3099","O95425","actin cytoskeleton","cell projection","cleavage furrow","Cytoskeleton/Contractile"
"3100","P53367","cytosol","Golgi membrane","trans-Golgi network membrane","Cytoplasm/Cytosol"
"3101","P17812","chromatin","cytoophidium","cytoplasm","Nucleus/Chromatin"
"3102","P84022","chromatin","ciliary basal body","ciliary transition zone","Nucleus/Chromatin"
"3103","P54108","extracellular matrix","extracellular region","extracellular space","Extracellular/Secreted"
"3104","P36551","cytoplasm","cytosol","mitochondrial inner membrane","Cytoplasm/Cytosol"
"3105","P04156","cell surface","cytoplasm","cytosol","Membrane/Cell Surface"
"3106","O43847","cell surface","cytosol","dendrite","Membrane/Cell Surface"
"3107","Q8N766","EMC complex","endoplasmic reticulum membrane","membrane","Protein Complex"
"3108","Q9NX55","cytoplasm","microtubule cytoskeleton","nucleoplasm","Cytoplasm/Cytosol"
"3109","Q9P015","mitochondrial inner membrane","mitochondrial large ribosomal subunit","mitochondrion","Mitochondria"
"3110","Q15006","cytoplasm","EMC complex","endoplasmic reticulum","Cytoplasm/Cytosol"
"3111","Q9ULP9","cell junction","cytoplasm","cytoplasmic vesicle membrane","Cell Junction/Adhesion"
"3112","Q96RL7","cytosol","endoplasmic reticulum membrane","endosome membrane","Cytoplasm/Cytosol"
"3113","Q9BQE5","endoplasmic reticulum membrane","extracellular region","membrane","Membrane/Cell Surface"
"3114","O75170","cytoplasmic ribonucleoprotein granule","cytosol","nucleus","Cytoplasm/Cytosol"
"3115","Q9UH62","axon cytoplasm","cytosol","mitochondrial outer membrane","Cytoplasm/Cytosol"
"3116","P52306","cytosol","endoplasmic reticulum","extracellular exosome","Cytoplasm/Cytosol"
"3117","O75116","centrosome","cytoplasm","cytoplasmic ribonucleoprotein granule","Cilia/Centrosome/Neuron"
"3118","P80188","extracellular exosome","extracellular region","extracellular space","Extracellular/Secreted"
"3119","O60716","adherens junction","catenin complex","cell-cell junction","Cell Junction/Adhesion"
"3120","P20290","cytoplasm","cytosol","nascent polypeptide-associated complex","Cytoplasm/Cytosol"
"3121","A2RTX5","cytoplasm","nucleus",NA,"Cytoplasm/Cytosol"
"3122","Q9Y2E4","",NA,NA,"Unknown"
"3123","P22694","cAMP-dependent protein kinase complex","centrosome","ciliary base","Protein Complex"
"3124","P52789","centrosome","cytosol","membrane","Cilia/Centrosome/Neuron"
"3125","Q9NYK5","mitochondrial inner membrane","mitochondrial large ribosomal subunit","mitochondrial ribosome","Mitochondria"
"3126","Q9NX47","endoplasmic reticulum","endoplasmic reticulum membrane","membrane","ER/Golgi/Vesicle"
"3127","Q9Y5J9","extracellular space","mitochondrial inner membrane","mitochondrial intermembrane space","Extracellular/Secreted"
"3128","Q9BUE6","cytoplasm","mitochondrial [4Fe-4S] assembly complex","mitochondrial matrix","Cytoplasm/Cytosol"
"3129","Q15126","cytosol","extracellular exosome","membrane","Cytoplasm/Cytosol"
"3130","P29762","cytosol","nucleus",NA,"Cytoplasm/Cytosol"
"3131","Q04206","chromatin","cytoplasm","cytosol","Nucleus/Chromatin"
"3132","Q969Q5","autophagosome","autophagosome membrane","cytosol","ER/Golgi/Vesicle"
"3133","Q96ND0","cytoplasm","membrane","mitochondrion","Cytoplasm/Cytosol"
"3134","Q92896","extracellular exosome","extracellular matrix","Golgi apparatus","Extracellular/Secreted"
"3135","Q13501","aggresome","amphisome","autolysosome","Granule/Lysosome/Vesicle"
"3136","Q9Y6G3","mitochondrial inner membrane","mitochondrial large ribosomal subunit","mitochondrial small ribosomal subunit","Mitochondria"
"3137","O60271","acrosomal vesicle","centriolar satellite","cytoplasm","Granule/Lysosome/Vesicle"
"3138","Q8TEB1","Cul4-RING E3 ubiquitin ligase complex","nucleoplasm",NA,"Protein Complex"
"3139","Q7Z3Z0","cytoskeleton","cytosol","extracellular exosome","Cytoskeleton/Contractile"
"3140","Q9BUH6","cytoplasm","nonhomologous end joining complex","nucleoplasm","Cytoplasm/Cytosol"
"3141","P56945","actin cytoskeleton","axon","cytoplasm","Cytoskeleton/Contractile"
"3142","O95295","acrosomal vesicle","axon cytoplasm","BLOC-1 complex","Granule/Lysosome/Vesicle"
"3143","Q9NPF4","cytoplasm","cytosol","EKC/KEOPS complex","Cytoplasm/Cytosol"
"3144","O96005","endomembrane system","external side of plasma membrane","membrane","Membrane/Cell Surface"
"3145","Q8TCC3","mitochondrial inner membrane","mitochondrial large ribosomal subunit","mitochondrion","Mitochondria"
"3146","Q99622","cytoplasm","nuclear speck",NA,"Cytoplasm/Cytosol"
"3147","Q86TU7","chromatin","cytoplasm","nucleoplasm","Nucleus/Chromatin"
"3148","Q8IYQ7","cytoplasm","mitochondrion",NA,"Cytoplasm/Cytosol"
"3149","Q8WUK0","mitochondrial inner membrane","mitochondrion","nucleus","Mitochondria"
"3150","O15126","clathrin-coated vesicle","membrane","plasma membrane","ER/Golgi/Vesicle"
"3151","P41219","axon","extracellular exosome","intermediate filament","Cilia/Centrosome/Neuron"
"3152","P14209","cytoplasm","focal adhesion","plasma membrane","Cytoplasm/Cytosol"
"3153","P53609","CAAX-protein geranylgeranyltransferase complex",NA,NA,"Protein Complex"
"3154","O15247","chloride channel complex","cytoplasm","cytosol","Protein Complex"
"3155","Q9NQ88","cytoplasm","cytosol","mitochondrial outer membrane","Cytoplasm/Cytosol"
"3156","Q16186","cytosol","nucleoplasm","plasma membrane","Cytoplasm/Cytosol"
"3157","P52434","cytosol","nucleoplasm","nucleus","Cytoplasm/Cytosol"
"3158","Q5EBM0","cytoplasm","mitochondrion","nucleoplasm","Cytoplasm/Cytosol"
"3159","Q96LW7","cytosol","endoplasmic reticulum membrane","mitochondrial membrane","Cytoplasm/Cytosol"
"3160","P40855","brush border membrane","cytoplasm","cytosol","Membrane/Cell Surface"
"3161","Q7Z2W4","cytoplasm","cytosol","late endosome","Cytoplasm/Cytosol"
"3162","O95396","cytoplasm","cytosol",NA,"Cytoplasm/Cytosol"
"3163","Q96B36","cytoplasm","cytosol","nucleoplasm","Cytoplasm/Cytosol"
"3164","Q9UHD9","autophagosome","cytoplasm","cytoplasmic vesicle","ER/Golgi/Vesicle"
"3165","Q9UI10","cytoplasm","cytosol","eukaryotic translation initiation factor 2B complex","Cytoplasm/Cytosol"
"3166","Q15796","activin responsive factor complex","chromatin","ciliary transition zone","Protein Complex"
"3167","Q15477","cytosol","nucleus","Ski complex","Cytoplasm/Cytosol"
"3168","Q16537","cytoplasm","cytosol","nucleus","Cytoplasm/Cytosol"
"3169","Q9UL15","cytoplasm","cytosol","inclusion body","Cytoplasm/Cytosol"
"3170","Q6PJW8","membrane","plasma membrane","protein-containing complex","Membrane/Cell Surface"
"3171","P38919","catalytic step 2 spliceosome","cytoplasm","cytosol","Protein Complex"
"3172","O96011","cytosol","membrane","mitochondrion","Cytoplasm/Cytosol"
