Gene,ENSG ID,Conc [pg/L]
A1BG,ENSG00000121410,8.80E+10
A2M,ENSG00000175899,4.20E+11
A2ML1,ENSG00000166535,1.20E+07
A4GALT,ENSG00000128274,1.60E+04
AARS1,ENSG00000090861,9.30E+05
AASS,ENSG00000008311,2.00E+04
ABAT,ENSG00000183044,2.60E+06
ABCD3,ENSG00000117528,1.20E+04
ABCE1,ENSG00000164163,1.40E+05
ABCF1,ENSG00000204574,2.10E+05
ABCF2,ENSG00000033050,3.80E+03
ABHD10,ENSG00000144827,6.30E+04
ABHD11,ENSG00000106077,7.90E+03
ABHD14A,ENSG00000248487,1.00E+05
ABHD14B,ENSG00000114779,2.30E+06
ABHD16A,ENSG00000204427,1.60E+04
ABI1,ENSG00000136754,3.30E+05
ABI3BP,ENSG00000154175,8.40E+07
ABLIM3,ENSG00000173210,5.50E+03
ABRACL,ENSG00000146386,7.30E+06
ACAA1,ENSG00000060971,2.30E+06
ACAA2,ENSG00000167315,5.10E+06
ACACA,ENSG00000278540,3.10E+05
ACAD9,ENSG00000177646,8.90E+03
ACADM,ENSG00000117054,4.80E+05
ACADS,ENSG00000122971,1.40E+04
ACADSB,ENSG00000196177,5.00E+04
ACADVL,ENSG00000072778,6.90E+04
ACAN,ENSG00000157766,4.80E+07
ACAT1,ENSG00000075239,7.30E+05
ACAT2,ENSG00000120437,2.50E+06
ACBD3,ENSG00000182827,1.20E+04
ACE,ENSG00000159640,5.90E+07
ACE2,ENSG00000130234,2.20E+05
ACHE,ENSG00000087085,1.10E+06
ACIN1,ENSG00000100813,8.00E+04
ACLY,ENSG00000131473,4.00E+06
ACO1,ENSG00000122729,9.70E+06
ACO2,ENSG00000100412,2.50E+06
ACOT13,ENSG00000112304,8.20E+03
ACOT7,ENSG00000097021,6.20E+04
ACOT9,ENSG00000123130,9.50E+03
ACOX1,ENSG00000161533,7.90E+04
ACOX2,ENSG00000168306,1.70E+04
ACP1,ENSG00000143727,1.10E+06
ACP2,ENSG00000134575,1.70E+04
ACP3,ENSG00000014257,5.60E+05
ACP5,ENSG00000102575,9.90E+05
ACP6,ENSG00000162836,4.20E+04
ACSL1,ENSG00000151726,6.30E+04
ACSL3,ENSG00000123983,2.20E+04
ACSL4,ENSG00000068366,1.30E+04
ACSM2A,ENSG00000183747,8.70E+04
ACSS2,ENSG00000131069,5.80E+04
ACTA1,ENSG00000143632,3.50E+09
ACTA2,ENSG00000107796,3.10E+09
ACTB,ENSG00000075624,7.90E+09
ACTBL2,ENSG00000169067,1.10E+09
ACTG1,ENSG00000184009,7.60E+09
ACTL6A,ENSG00000136518,1.10E+04
ACTN1,ENSG00000072110,3.20E+08
ACTN2,ENSG00000077522,3.20E+07
ACTN3,ENSG00000248746,1.80E+07
ACTN4,ENSG00000130402,9.90E+07
ACTR1A,ENSG00000138107,6.50E+05
ACTR1B,ENSG00000115073,2.40E+05
ACTR2,ENSG00000138071,1.60E+07
ACTR3,ENSG00000115091,1.80E+07
ACY1,ENSG00000243989,1.90E+07
ACY3,ENSG00000132744,3.20E+04
ACYP1,ENSG00000119640,1.00E+05
ACYP2,ENSG00000170634,9.80E+03
ADA,ENSG00000196839,2.10E+05
ADA2,ENSG00000093072,3.90E+07
ADAM10,ENSG00000137845,9.50E+05
ADAM11,ENSG00000073670,2.30E+04
ADAM12,ENSG00000148848,1.40E+07
ADAM15,ENSG00000143537,3.60E+05
ADAM17,ENSG00000151694,4.70E+05
ADAM19,ENSG00000135074,1.40E+04
ADAM22,ENSG00000008277,8.50E+04
ADAM23,ENSG00000114948,2.50E+04
ADAM9,ENSG00000168615,3.90E+05
ADAMDEC1,ENSG00000134028,1.40E+07
ADAMTS1,ENSG00000154734,2.30E+06
ADAMTS13,ENSG00000160323,1.60E+08
ADAMTS2,ENSG00000087116,6.60E+06
ADAMTS4,ENSG00000158859,6.00E+04
ADAMTS5,ENSG00000154736,9.20E+03
ADAMTS8,ENSG00000134917,1.30E+07
ADAMTSL1,ENSG00000178031,6.00E+06
ADAMTSL2,ENSG00000197859,4.30E+07
ADAMTSL3,ENSG00000156218,2.50E+05
ADAMTSL4,ENSG00000143382,2.60E+07
ADAR,ENSG00000160710,2.40E+06
ADARB2,ENSG00000185736,7.30E+07
ADD1,ENSG00000087274,7.20E+05
ADD2,ENSG00000075340,4.70E+04
ADD3,ENSG00000148700,1.20E+05
ADGRA2,ENSG00000020181,7.30E+04
ADGRA3,ENSG00000152990,3.90E+05
ADGRB2,ENSG00000121753,1.30E+04
ADGRD1,ENSG00000111452,1.70E+05
ADGRE5,ENSG00000123146,3.30E+06
ADGRF5,ENSG00000069122,3.70E+07
ADGRG1,ENSG00000205336,8.30E+03
ADGRG2,ENSG00000173698,2.20E+06
ADGRG3,ENSG00000182885,3.50E+06
ADGRG6,ENSG00000112414,2.00E+07
ADGRL1,ENSG00000072071,1.90E+05
ADGRL2,ENSG00000117114,6.20E+05
ADGRL3,ENSG00000150471,1.40E+04
ADGRL4,ENSG00000162618,5.70E+06
ADH1A,ENSG00000187758,3.20E+07
ADH1B,ENSG00000196616,4.10E+07
ADH1C,ENSG00000248144,1.90E+07
ADH4,ENSG00000198099,1.40E+07
ADH5,ENSG00000197894,5.80E+06
ADH6,ENSG00000172955,1.30E+06
ADI1,ENSG00000182551,9.60E+04
ADIPOQ,ENSG00000181092,8.90E+08
ADIRF,ENSG00000148671,3.60E+05
ADK,ENSG00000156110,5.10E+05
ADM,ENSG00000148926,4.40E+05
ADPGK,ENSG00000159322,5.60E+04
ADPRS,ENSG00000116863,7.80E+04
ADRM1,ENSG00000130706,2.30E+05
ADSL,ENSG00000239900,3.20E+05
ADSS1,ENSG00000185100,1.50E+05
ADSS2,ENSG00000035687,5.00E+05
AEBP1,ENSG00000106624,5.40E+07
AFM,ENSG00000079557,1.90E+10
AFP,ENSG00000081051,3.00E+09
AGA,ENSG00000038002,7.80E+06
AGER,ENSG00000204305,7.20E+04
AGFG1,ENSG00000173744,4.50E+04
AGL,ENSG00000162688,8.40E+05
AGMAT,ENSG00000116771,1.20E+05
AGO2,ENSG00000123908,6.30E+04
AGPS,ENSG00000018510,3.90E+04
AGR3,ENSG00000173467,1.10E+05
AGRN,ENSG00000188157,1.60E+07
AGT,ENSG00000135744,4.00E+10
AGXT,ENSG00000172482,3.30E+06
AGXT2,ENSG00000113492,6.60E+03
AHCY,ENSG00000101444,7.20E+06
AHCYL1,ENSG00000168710,5.70E+04
AHCYL2,ENSG00000158467,9.10E+04
AHNAK,ENSG00000124942,4.80E+07
AHNAK2,ENSG00000185567,4.00E+05
AHSA1,ENSG00000100591,1.10E+05
AHSG,ENSG00000145192,1.10E+11
AHSP,ENSG00000169877,3.30E+06
AIF1,ENSG00000204472,5.60E+04
AIFM1,ENSG00000156709,2.40E+05
AIMP1,ENSG00000164022,3.10E+04
AIMP2,ENSG00000106305,3.90E+04
AIP,ENSG00000110711,1.00E+04
AK1,ENSG00000106992,1.00E+07
AK2,ENSG00000004455,1.50E+06
AK3,ENSG00000147853,1.30E+05
AKAP12,ENSG00000131016,3.70E+06
AKAP13,ENSG00000170776,5.10E+03
AKR1A1,ENSG00000117448,5.80E+06
AKR1B1,ENSG00000085662,1.60E+06
AKR1B10,ENSG00000198074,2.50E+05
AKR1C1,ENSG00000187134,3.40E+06
AKR1C2,ENSG00000151632,3.30E+06
AKR1C3,ENSG00000196139,2.70E+06
AKR1C4,ENSG00000198610,2.50E+06
AKR1D1,ENSG00000122787,1.30E+05
AKR7A2,ENSG00000053371,1.50E+06
AKR7A3,ENSG00000162482,1.60E+06
AKT1,ENSG00000142208,7.60E+03
ALAD,ENSG00000148218,1.70E+07
ALCAM,ENSG00000170017,1.10E+08
ALDH16A1,ENSG00000161618,7.20E+05
ALDH18A1,ENSG00000059573,7.00E+04
ALDH1A1,ENSG00000165092,5.00E+07
ALDH1A2,ENSG00000128918,3.50E+05
ALDH1B1,ENSG00000137124,3.20E+05
ALDH1L1,ENSG00000144908,4.50E+06
ALDH2,ENSG00000111275,3.20E+06
ALDH3A1,ENSG00000108602,7.00E+04
ALDH3A2,ENSG00000072210,6.70E+04
ALDH4A1,ENSG00000159423,8.20E+04
ALDH5A1,ENSG00000112294,8.70E+04
ALDH6A1,ENSG00000119711,4.40E+04
ALDH7A1,ENSG00000164904,7.50E+05
ALDH8A1,ENSG00000118514,5.60E+04
ALDH9A1,ENSG00000143149,3.20E+06
ALDOA,ENSG00000149925,3.10E+08
ALDOB,ENSG00000136872,2.90E+08
ALDOC,ENSG00000109107,5.60E+07
ALG13,ENSG00000101901,2.60E+07
ALOX12,ENSG00000108839,2.80E+05
ALOX12B,ENSG00000179477,1.40E+05
ALOXE3,ENSG00000179148,4.90E+04
ALPI,ENSG00000163295,3.50E+05
ALPL,ENSG00000162551,9.40E+06
ALPP,ENSG00000163283,3.30E+06
AMACR,ENSG00000242110,3.50E+04
AMBN,ENSG00000178522,1.70E+04
AMBP,ENSG00000106927,2.90E+10
AMDHD1,ENSG00000139344,1.80E+06
AMDHD2,ENSG00000162066,6.50E+04
AMH,ENSG00000104899,7.10E+05
AMIGO2,ENSG00000139211,2.40E+05
AMOTL1,ENSG00000166025,9.40E+03
AMPD1,ENSG00000116748,1.20E+04
AMPD2,ENSG00000116337,1.60E+05
AMPD3,ENSG00000133805,5.10E+04
AMPH,ENSG00000078053,4.50E+05
AMY1B,ENSG00000174876,7.80E+07
AMY2A,ENSG00000243480,8.20E+07
AMY2B,ENSG00000240038,7.80E+07
ANG,ENSG00000214274,2.90E+08
ANGPT1,ENSG00000154188,1.20E+05
ANGPT2,ENSG00000091879,3.40E+05
ANGPTL1,ENSG00000116194,1.10E+05
ANGPTL2,ENSG00000136859,1.60E+06
ANGPTL3,ENSG00000132855,6.40E+07
ANGPTL4,ENSG00000167772,9.10E+05
ANGPTL6,ENSG00000130812,3.30E+07
ANGPTL7,ENSG00000171819,1.10E+05
ANGPTL8,ENSG00000130173,8.60E+05
ANK1,ENSG00000029534,1.90E+07
ANKRD2,ENSG00000165887,7.10E+03
ANKRD28,ENSG00000206560,1.60E+04
ANKS1A,ENSG00000064999,6.00E+03
ANO6,ENSG00000177119,4.10E+04
ANP32A,ENSG00000140350,2.30E+06
ANP32B,ENSG00000136938,1.80E+06
ANP32E,ENSG00000143401,2.70E+05
ANPEP,ENSG00000166825,4.20E+08
ANTXR1,ENSG00000169604,5.40E+06
ANTXR2,ENSG00000163297,5.60E+06
ANXA1,ENSG00000135046,2.40E+07
ANXA11,ENSG00000122359,2.10E+05
ANXA2,ENSG00000182718,2.50E+07
ANXA3,ENSG00000138772,5.00E+06
ANXA4,ENSG00000196975,8.20E+05
ANXA5,ENSG00000164111,5.40E+06
ANXA6,ENSG00000197043,1.60E+06
ANXA7,ENSG00000138279,7.00E+05
AOC1,ENSG00000002726,2.70E+07
AOC2,ENSG00000131480,8.80E+06
AOC3,ENSG00000131471,1.20E+08
AOX1,ENSG00000138356,5.50E+06
AP1B1,ENSG00000100280,5.80E+05
AP1G1,ENSG00000166747,1.30E+05
AP1M1,ENSG00000072958,2.90E+04
AP2A1,ENSG00000196961,7.90E+04
AP2A2,ENSG00000183020,2.60E+04
AP2B1,ENSG00000006125,3.60E+05
AP2M1,ENSG00000161203,6.50E+03
AP3B1,ENSG00000132842,3.20E+03
AP3D1,ENSG00000065000,1.90E+04
AP3M1,ENSG00000185009,4.60E+03
APCS,ENSG00000132703,7.60E+09
APEH,ENSG00000164062,7.90E+06
APEX1,ENSG00000100823,2.20E+05
API5,ENSG00000166181,1.20E+05
APIP,ENSG00000149089,5.40E+04
APLP1,ENSG00000105290,1.20E+07
APLP2,ENSG00000084234,3.20E+06
APMAP,ENSG00000101474,1.10E+08
APOA1,ENSG00000118137,1.60E+11
APOA2,ENSG00000158874,3.50E+10
APOA4,ENSG00000110244,5.30E+10
APOA5,ENSG00000110243,1.60E+07
APOB,ENSG00000084674,2.50E+11
APOBEC2,ENSG00000124701,9.10E+03
APOBR,ENSG00000184730,2.70E+05
APOC1,ENSG00000130208,9.90E+09
APOC2,ENSG00000234906,8.80E+09
APOC3,ENSG00000110245,1.60E+10
APOC4,ENSG00000267467,6.00E+08
APOD,ENSG00000189058,6.30E+09
APOE,ENSG00000130203,1.70E+10
APOF,ENSG00000175336,6.10E+08
APOH,ENSG00000091583,5.80E+10
APOL1,ENSG00000100342,4.10E+09
APOL2,ENSG00000128335,3.20E+06
APOL3,ENSG00000128284,4.00E+06
APOM,ENSG00000204444,2.40E+09
APP,ENSG00000142192,8.60E+07
APPL1,ENSG00000157500,1.10E+04
APPL2,ENSG00000136044,4.50E+04
APRT,ENSG00000198931,1.20E+06
AQP1,ENSG00000240583,1.60E+06
ARAP1,ENSG00000186635,5.70E+04
ARCN1,ENSG00000095139,2.20E+05
ARF1,ENSG00000143761,2.00E+07
ARF4,ENSG00000168374,4.20E+06
ARF5,ENSG00000004059,5.10E+06
ARF6,ENSG00000165527,2.80E+05
ARG1,ENSG00000118520,1.10E+07
ARHGAP1,ENSG00000175220,3.90E+06
ARHGAP17,ENSG00000140750,5.10E+03
ARHGAP18,ENSG00000146376,1.30E+06
ARHGAP45,ENSG00000180448,6.10E+05
ARHGAP6,ENSG00000047648,1.90E+05
ARHGDIA,ENSG00000141522,1.70E+07
ARHGDIB,ENSG00000111348,4.10E+07
ARL3,ENSG00000138175,1.40E+04
ARL6IP1,ENSG00000170540,3.90E+04
ARL6IP5,ENSG00000144746,7.80E+05
ARMH4,ENSG00000139971,1.30E+06
ARMT1,ENSG00000146476,3.10E+05
ARPC1A,ENSG00000241685,2.00E+05
ARPC1B,ENSG00000130429,1.10E+07
ARPC2,ENSG00000163466,7.60E+06
ARPC3,ENSG00000111229,3.10E+06
ARPC4,ENSG00000241553,5.10E+06
ARPC5,ENSG00000162704,1.70E+06
ARPC5L,ENSG00000136950,1.30E+04
ARPP19,ENSG00000128989,3.80E+05
ARRB1,ENSG00000137486,1.90E+06
ARSA,ENSG00000100299,2.40E+06
ARSG,ENSG00000141337,2.30E+05
ART3,ENSG00000156219,1.60E+07
ART4,ENSG00000111339,2.50E+06
ASAH1,ENSG00000104763,8.00E+05
ASAH2,ENSG00000188611,1.10E+06
ASAP1,ENSG00000153317,2.50E+04
ASAP2,ENSG00000151693,1.00E+05
ASGR1,ENSG00000141505,3.60E+05
ASGR2,ENSG00000161944,2.30E+07
ASL,ENSG00000126522,1.50E+07
ASMTL,ENSG00000169093,8.30E+03
ASNS,ENSG00000070669,1.10E+05
ASPDH,ENSG00000204653,1.50E+05
ASPH,ENSG00000198363,8.50E+05
ASPN,ENSG00000106819,1.10E+06
ASPRV1,ENSG00000244617,7.20E+05
ASS1,ENSG00000130707,5.50E+06
ATAD1,ENSG00000138138,6.40E+03
ATAD3A,ENSG00000197785,2.30E+04
ATE1,ENSG00000107669,2.00E+04
ATF6,ENSG00000118217,4.80E+06
ATF6B,ENSG00000213676,7.30E+06
ATG3,ENSG00000144848,9.00E+04
ATG7,ENSG00000197548,4.20E+04
ATIC,ENSG00000138363,4.90E+06
ATL1,ENSG00000198513,1.90E+04
ATL3,ENSG00000184743,6.10E+04
ATOX1,ENSG00000177556,3.90E+05
ATP1A1,ENSG00000163399,7.80E+05
ATP1A2,ENSG00000018625,4.50E+05
ATP1A3,ENSG00000105409,5.80E+05
ATP1B1,ENSG00000143153,7.10E+05
ATP1B2,ENSG00000129244,9.50E+04
ATP1B3,ENSG00000069849,5.20E+04
ATP2A1,ENSG00000196296,2.50E+06
ATP2A2,ENSG00000174437,2.90E+06
ATP2A3,ENSG00000074370,6.30E+06
ATP2B4,ENSG00000058668,5.80E+04
ATP5F1A,ENSG00000152234,1.00E+07
ATP5F1B,ENSG00000110955,2.20E+07
ATP5F1C,ENSG00000165629,2.70E+05
ATP5F1D,ENSG00000099624,2.60E+05
ATP5IF1,ENSG00000130770,7.40E+04
ATP5ME,ENSG00000169020,1.40E+05
ATP5MF,ENSG00000241468,4.70E+04
ATP5MG,ENSG00000167283,1.30E+05
ATP5MK,ENSG00000173915,1.40E+04
ATP5PB,ENSG00000116459,9.10E+04
ATP5PD,ENSG00000167863,8.60E+04
ATP5PF,ENSG00000154723,2.40E+05
ATP5PO,ENSG00000241837,1.10E+05
ATP6AP1,ENSG00000071553,5.20E+05
ATP6AP2,ENSG00000182220,1.60E+05
ATP6V0A1,ENSG00000033627,6.50E+03
ATP6V0C,ENSG00000185883,1.70E+05
ATP6V1A,ENSG00000114573,1.00E+06
ATP6V1B2,ENSG00000147416,2.20E+05
ATP6V1C1,ENSG00000155097,1.30E+04
ATP6V1D,ENSG00000100554,1.10E+04
ATP6V1E1,ENSG00000131100,2.90E+04
ATP6V1F,ENSG00000128524,1.90E+04
ATP6V1G1,ENSG00000136888,1.00E+05
ATRN,ENSG00000088812,6.00E+09
ATRNL1,ENSG00000107518,1.30E+07
ATXN10,ENSG00000130638,2.30E+04
ATXN2L,ENSG00000168488,7.20E+04
AVP,ENSG00000101200,1.40E+05
AXL,ENSG00000167601,6.70E+06
AZGP1,ENSG00000160862,1.70E+10
AZU1,ENSG00000172232,7.00E+06
B2M,ENSG00000166710,1.30E+09
B3GALNT1,ENSG00000169255,2.70E+05
B3GALT6,ENSG00000176022,1.20E+04
B3GAT3,ENSG00000149541,7.50E+04
B3GNT2,ENSG00000170340,2.30E+07
B3GNT5,ENSG00000176597,1.30E+04
B3GNT7,ENSG00000156966,9.40E+05
B3GNT8,ENSG00000177191,9.10E+06
B4GALNT1,ENSG00000135454,3.70E+04
B4GALT1,ENSG00000086062,2.20E+07
B4GALT3,ENSG00000158850,1.40E+04
B4GAT1,ENSG00000174684,2.50E+07
BAAT,ENSG00000136881,3.20E+05
BAG3,ENSG00000151929,2.00E+05
BAG5,ENSG00000166170,9.00E+03
BAG6,ENSG00000204463,2.60E+05
BAIAP2,ENSG00000175866,7.90E+03
BANF1,ENSG00000175334,2.70E+05
BASP1,ENSG00000176788,4.90E+07
BAX,ENSG00000087088,8.90E+04
BAZ1B,ENSG00000009954,4.00E+03
BBOX1,ENSG00000129151,2.30E+04
BCAM,ENSG00000187244,7.80E+06
BCAN,ENSG00000132692,1.20E+05
BCAP31,ENSG00000185825,7.50E+04
BCAT1,ENSG00000060982,1.50E+05
BCAT2,ENSG00000105552,2.00E+04
BCHE,ENSG00000114200,1.80E+09
BCKDHA,ENSG00000248098,9.70E+03
BCL2L13,ENSG00000099968,3.70E+04
BCLAF1,ENSG00000029363,1.30E+04
BDH2,ENSG00000164039,1.60E+04
BDNF,ENSG00000176697,1.20E+04
BGLAP,ENSG00000242252,1.50E+06
BGN,ENSG00000182492,2.20E+07
BHMT,ENSG00000145692,1.50E+07
BHMT2,ENSG00000132840,4.10E+06
BID,ENSG00000015475,8.40E+05
BIN1,ENSG00000136717,8.10E+05
BIN2,ENSG00000110934,2.00E+07
BLMH,ENSG00000108578,2.20E+07
BLVRA,ENSG00000106605,2.60E+06
BLVRB,ENSG00000090013,2.10E+08
BMP1,ENSG00000168487,8.80E+06
BMP10,ENSG00000163217,3.80E+05
BMP2,ENSG00000125845,1.00E+04
BMP4,ENSG00000125378,5.80E+03
BMP6,ENSG00000153162,5.70E+04
BMPER,ENSG00000164619,6.50E+03
BOC,ENSG00000144857,1.50E+06
BOLA2,ENSG00000183336,4.80E+05
BOLA2B,ENSG00000169627,4.80E+05
BOP1,ENSG00000261236,7.10E+03
BORCS6,ENSG00000196544,5.50E+03
BPGM,ENSG00000172331,2.80E+07
BPHL,ENSG00000137274,7.00E+03
BPI,ENSG00000101425,4.50E+04
BPIFA1,ENSG00000198183,6.50E+05
BPIFB1,ENSG00000125999,5.20E+06
BPIFB2,ENSG00000078898,5.10E+04
BPNT1,ENSG00000162813,3.00E+05
BPNT2,ENSG00000104331,4.50E+05
BRIX1,ENSG00000113460,1.10E+04
BRK1,ENSG00000254999,8.80E+04
BROX,ENSG00000162819,1.50E+05
BSG,ENSG00000172270,3.60E+05
BST1,ENSG00000109743,5.20E+07
BST2,ENSG00000130303,1.40E+05
BTD,ENSG00000169814,2.30E+09
BTF3,ENSG00000145741,1.30E+05
BTF3L4,ENSG00000134717,2.30E+04
BTK,ENSG00000010671,1.40E+06
BUB3,ENSG00000154473,1.60E+04
BZW1,ENSG00000082153,1.70E+05
BZW2,ENSG00000136261,1.90E+04
C11orf54,ENSG00000182919,5.70E+05
C11orf58,ENSG00000110696,3.10E+04
C12orf57,ENSG00000111678,6.10E+03
C16orf89,ENSG00000153446,3.80E+06
C19orf33,ENSG00000167644,1.70E+05
C1GALT1,ENSG00000106392,2.80E+04
C1GALT1C1,ENSG00000171155,1.20E+04
C1orf116,ENSG00000182795,6.20E+04
C1orf198,ENSG00000119280,3.90E+04
C1orf56,ENSG00000143443,8.10E+06
C1orf68,ENSG00000198854,1.90E+05
C1QA,ENSG00000173372,4.40E+09
C1QBP,ENSG00000108561,1.50E+06
C1QC,ENSG00000159189,5.90E+09
C1QTNF1,ENSG00000173918,3.50E+04
C1QTNF3,ENSG00000082196,1.30E+07
C1QTNF5,ENSG00000223953,5.80E+05
C1QTNF9,ENSG00000240654,4.50E+04
C1RL,ENSG00000139178,3.60E+09
C1S,ENSG00000182326,2.70E+10
C2,ENSG00000166278,1.40E+10
C20orf27,ENSG00000101220,7.80E+04
C2orf88,ENSG00000187699,6.20E+04
C3,ENSG00000125730,3.70E+11
C3orf85,ENSG00000241224,2.70E+06
C4A,ENSG00000244731,2.30E+11
C4B,ENSG00000224389,2.30E+11
C4BPA,ENSG00000123838,4.00E+10
C4BPB,ENSG00000123843,1.90E+09
C4orf48,ENSG00000243449,1.10E+05
C5,ENSG00000106804,4.30E+10
C5orf46,ENSG00000178776,1.80E+05
C6,ENSG00000039537,1.70E+10
C6orf120,ENSG00000185127,9.60E+05
C6orf58,ENSG00000184530,3.30E+04
C7,ENSG00000112936,1.80E+10
C8A,ENSG00000157131,1.50E+10
C8B,ENSG00000021852,1.50E+10
C8G,ENSG00000176919,5.50E+09
C9,ENSG00000113600,2.80E+10
C9orf40,ENSG00000135045,6.90E+04
C9orf64,ENSG00000165118,7.30E+03
CA1,ENSG00000133742,1.60E+09
CA11,ENSG00000063180,7.50E+04
CA12,ENSG00000074410,2.40E+04
CA13,ENSG00000185015,1.70E+05
CA2,ENSG00000104267,2.70E+08
CA3,ENSG00000164879,3.00E+07
CA4,ENSG00000167434,2.10E+05
CA6,ENSG00000131686,8.00E+05
CAB39,ENSG00000135932,8.50E+04
CACHD1,ENSG00000158966,2.40E+05
CACNA2D1,ENSG00000153956,9.40E+07
CACNA2D2,ENSG00000007402,1.40E+06
CACNA2D3,ENSG00000157445,4.60E+04
CACYBP,ENSG00000116161,1.40E+05
CAD,ENSG00000084774,3.00E+05
CADM1,ENSG00000182985,3.50E+07
CADM2,ENSG00000175161,7.40E+04
CADM3,ENSG00000162706,4.00E+06
CADM4,ENSG00000105767,3.90E+05
CALB1,ENSG00000104327,4.10E+05
CALB2,ENSG00000172137,1.00E+04
CALCA,ENSG00000110680,4.70E+05
CALD1,ENSG00000122786,4.60E+07
CALM1,ENSG00000198668,6.70E+07
CALML3,ENSG00000178363,2.40E+06
CALML5,ENSG00000178372,4.20E+07
CALR,ENSG00000179218,1.20E+08
CALU,ENSG00000128595,1.60E+07
CAMK1,ENSG00000134072,1.80E+05
CAMK2A,ENSG00000070808,1.10E+05
CAMK2B,ENSG00000058404,1.40E+05
CAMK2D,ENSG00000145349,1.10E+05
CAMK2G,ENSG00000148660,1.70E+05
CAMP,ENSG00000164047,3.60E+07
CAND1,ENSG00000111530,5.20E+06
CANT1,ENSG00000171302,1.20E+06
CANX,ENSG00000127022,1.20E+07
CAP1,ENSG00000131236,7.70E+07
CAPG,ENSG00000042493,3.40E+06
CAPN1,ENSG00000014216,1.40E+07
CAPN2,ENSG00000162909,2.50E+06
CAPNS1,ENSG00000126247,5.80E+06
CAPNS2,ENSG00000256812,6.60E+04
CAPRIN1,ENSG00000135387,1.70E+05
CAPS,ENSG00000105519,2.70E+04
CAPZA1,ENSG00000116489,1.20E+07
CAPZA2,ENSG00000198898,5.70E+06
CAPZB,ENSG00000077549,8.50E+06
CARHSP1,ENSG00000153048,1.50E+05
CARM1,ENSG00000142453,2.90E+04
CARS1,ENSG00000110619,1.40E+05
CASP14,ENSG00000105141,1.80E+07
CASP3,ENSG00000164305,3.00E+05
CASP6,ENSG00000138794,4.50E+03
CASQ1,ENSG00000143318,7.80E+03
CASS4,ENSG00000087589,2.90E+05
CAST,ENSG00000153113,7.90E+06
CAT,ENSG00000121691,3.20E+08
CAV1,ENSG00000105974,4.80E+03
CAVIN1,ENSG00000177469,3.00E+05
CAVIN2,ENSG00000168497,1.10E+08
CBL,ENSG00000110395,1.60E+05
CBLN1,ENSG00000102924,2.10E+06
CBLN2,ENSG00000141668,1.20E+06
CBLN4,ENSG00000054803,9.20E+06
CBR1,ENSG00000159228,4.70E+06
CBR3,ENSG00000159231,1.20E+06
CBR4,ENSG00000145439,2.00E+05
CBS,ENSG00000160200,8.10E+05
CBX1,ENSG00000108468,4.50E+04
CBX3,ENSG00000122565,2.20E+05
CBX5,ENSG00000094916,2.10E+04
CCAR2,ENSG00000158941,1.70E+04
CCDC126,ENSG00000169193,1.00E+07
CCDC6,ENSG00000108091,6.20E+03
CCDC80,ENSG00000091986,5.90E+05
CCER2,ENSG00000262484,9.10E+03
CCK,ENSG00000187094,1.10E+04
CCL14,ENSG00000276409,2.60E+07
CCL15,ENSG00000275718,2.70E+06
CCL16,ENSG00000275152,2.00E+06
CCL18,ENSG00000275385,2.00E+06
CCL2,ENSG00000108691,4.60E+04
CCL21,ENSG00000137077,8.50E+06
CCL28,ENSG00000151882,1.00E+07
CCL5,ENSG00000271503,1.20E+07
CCN1,ENSG00000142871,5.00E+05
CCN2,ENSG00000118523,8.30E+06
CCN3,ENSG00000136999,1.70E+06
CCN5,ENSG00000064205,6.30E+05
CCS,ENSG00000173992,6.60E+05
CCT2,ENSG00000166226,3.40E+06
CCT3,ENSG00000163468,2.10E+06
CCT4,ENSG00000115484,2.10E+06
CCT5,ENSG00000150753,1.60E+06
CCT6A,ENSG00000146731,4.20E+06
CCT7,ENSG00000135624,4.10E+06
CCT8,ENSG00000156261,3.50E+06
CD101,ENSG00000134256,5.00E+06
CD109,ENSG00000156535,1.30E+08
CD14,ENSG00000170458,2.30E+09
CD151,ENSG00000177697,1.80E+04
CD163,ENSG00000177575,3.40E+08
CD163L1,ENSG00000177675,1.70E+05
CD1A,ENSG00000158477,2.10E+04
CD1B,ENSG00000158485,3.00E+04
CD1C,ENSG00000158481,7.30E+04
CD1D,ENSG00000158473,2.40E+05
CD200R1,ENSG00000163606,1.10E+05
CD209,ENSG00000090659,4.40E+06
CD226,ENSG00000150637,8.30E+05
CD248,ENSG00000174807,1.20E+07
CD27,ENSG00000139193,1.90E+05
CD276,ENSG00000103855,3.70E+06
CD2AP,ENSG00000198087,2.10E+04
CD300A,ENSG00000167851,3.20E+05
CD300LF,ENSG00000186074,3.80E+04
CD300LG,ENSG00000161649,1.70E+06
CD302,ENSG00000241399,9.50E+04
CD320,ENSG00000167775,9.50E+04
CD33,ENSG00000105383,7.30E+05
CD34,ENSG00000174059,1.30E+06
CD36,ENSG00000135218,7.20E+06
CD40LG,ENSG00000102245,1.40E+04
CD44,ENSG00000026508,2.00E+08
CD46,ENSG00000117335,1.90E+06
CD47,ENSG00000196776,2.10E+05
CD48,ENSG00000117091,1.00E+06
CD55,ENSG00000196352,1.60E+07
CD58,ENSG00000116815,3.30E+06
CD59,ENSG00000085063,3.30E+07
CD5L,ENSG00000073754,3.80E+09
CD6,ENSG00000013725,2.10E+04
CD68,ENSG00000129226,2.30E+04
CD74,ENSG00000019582,1.20E+05
CD81,ENSG00000110651,1.30E+06
CD84,ENSG00000066294,3.40E+06
CD86,ENSG00000114013,1.30E+05
CD8A,ENSG00000153563,7.20E+04
CD9,ENSG00000010278,4.20E+06
CD93,ENSG00000125810,1.00E+08
CD96,ENSG00000153283,5.50E+04
CD99,ENSG00000002586,6.40E+07
CD99L2,ENSG00000102181,1.00E+06
CDA,ENSG00000158825,1.40E+06
CDC16,ENSG00000130177,6.40E+03
CDC37,ENSG00000105401,1.60E+06
CDC42,ENSG00000070831,2.90E+06
CDC42BPB,ENSG00000198752,2.10E+04
CDC5L,ENSG00000096401,4.50E+03
CDH1,ENSG00000039068,1.30E+08
CDH10,ENSG00000040731,5.10E+05
CDH11,ENSG00000140937,6.80E+06
CDH13,ENSG00000140945,1.60E+08
CDH15,ENSG00000129910,3.70E+05
CDH16,ENSG00000166589,1.70E+05
CDH17,ENSG00000079112,4.70E+06
CDH19,ENSG00000071991,4.70E+05
CDH2,ENSG00000170558,7.10E+07
CDH20,ENSG00000101542,2.10E+04
CDH23,ENSG00000107736,1.20E+06
CDH3,ENSG00000062038,1.80E+06
CDH4,ENSG00000179242,5.90E+04
CDH5,ENSG00000179776,9.60E+08
CDH6,ENSG00000113361,1.60E+07
CDH8,ENSG00000150394,1.10E+05
CDH9,ENSG00000113100,5.60E+05
CDHR1,ENSG00000148600,1.90E+05
CDHR2,ENSG00000074276,2.40E+07
CDHR5,ENSG00000099834,1.60E+07
CDK1,ENSG00000170312,4.40E+04
CDK6,ENSG00000105810,8.90E+03
CDON,ENSG00000064309,3.20E+06
CDV3,ENSG00000091527,8.70E+05
CEACAM1,ENSG00000079385,7.20E+06
CEACAM5,ENSG00000105388,4.00E+05
CEACAM6,ENSG00000086548,1.70E+06
CEACAM8,ENSG00000124469,5.40E+05
CEL,ENSG00000170835,1.80E+05
CELA2A,ENSG00000142615,7.90E+06
CELA2B,ENSG00000215704,9.30E+06
CELA3A,ENSG00000142789,7.70E+05
CELA3B,ENSG00000219073,7.20E+05
CELSR1,ENSG00000075275,2.60E+05
CELSR2,ENSG00000143126,8.20E+06
CEMIP,ENSG00000103888,1.90E+06
CEMIP2,ENSG00000135048,1.30E+05
CENPF,ENSG00000117724,5.00E+03
CEP170,ENSG00000143702,1.20E+04
CERS2,ENSG00000143418,2.70E+04
CERT1,ENSG00000113163,3.70E+04
CES1,ENSG00000198848,3.50E+07
CES2,ENSG00000172831,3.80E+06
CES3,ENSG00000172828,7.20E+05
CETP,ENSG00000087237,1.40E+08
CFB,ENSG00000243649,8.90E+10
CFD,ENSG00000197766,1.50E+09
CFH,ENSG00000000971,1.30E+11
CFHR1,ENSG00000244414,1.60E+10
CFHR2,ENSG00000080910,4.30E+09
CFHR3,ENSG00000116785,2.60E+09
CFHR4,ENSG00000134365,3.20E+08
CFHR5,ENSG00000134389,1.10E+09
CFI,ENSG00000205403,1.90E+10
CFL1,ENSG00000172757,2.80E+08
CFL2,ENSG00000165410,3.90E+07
CFP,ENSG00000126759,2.40E+09
CGREF1,ENSG00000138028,1.90E+06
CHAD,ENSG00000136457,8.40E+06
CHCHD2,ENSG00000106153,1.10E+04
CHCHD3,ENSG00000106554,1.00E+04
CHD1,ENSG00000153922,3.10E+03
CHD2,ENSG00000173575,2.40E+04
CHD4,ENSG00000111642,3.20E+04
CHGA,ENSG00000100604,6.40E+07
CHGB,ENSG00000089199,9.60E+06
CHI3L1,ENSG00000133048,4.80E+07
CHI3L2,ENSG00000064886,5.40E+05
CHID1,ENSG00000177830,6.60E+05
CHIT1,ENSG00000133063,1.00E+07
CHL1,ENSG00000134121,5.30E+08
CHMP2A,ENSG00000130724,6.80E+04
CHMP4A,ENSG00000254505,3.60E+05
CHMP4B,ENSG00000101421,6.00E+04
CHMP6,ENSG00000176108,1.00E+04
CHORDC1,ENSG00000110172,7.70E+04
CHPF,ENSG00000123989,1.30E+04
CHRD,ENSG00000090539,2.70E+05
CHRDL1,ENSG00000101938,2.80E+05
CHRDL2,ENSG00000054938,1.20E+06
CHST1,ENSG00000175264,1.70E+04
CHST10,ENSG00000115526,6.00E+05
CHST11,ENSG00000171310,1.50E+04
CHST12,ENSG00000136213,7.50E+05
CHST13,ENSG00000180767,9.30E+03
CHST14,ENSG00000169105,1.30E+04
CHST15,ENSG00000182022,4.00E+05
CHST3,ENSG00000122863,9.50E+05
CHSY3,ENSG00000198108,3.60E+03
CIAPIN1,ENSG00000005194,2.00E+04
CILP,ENSG00000138615,5.50E+06
CILP2,ENSG00000160161,1.20E+07
CIRBP,ENSG00000099622,9.50E+04
CISD1,ENSG00000122873,1.30E+04
CISD2,ENSG00000145354,6.30E+03
CKAP4,ENSG00000136026,1.20E+05
CKAP5,ENSG00000175216,1.60E+05
CKB,ENSG00000166165,2.20E+07
CKM,ENSG00000104879,8.70E+07
CKMT1A,ENSG00000223572,1.10E+06
CKMT1B,ENSG00000237289,1.10E+06
CKMT2,ENSG00000131730,1.10E+06
CLC,ENSG00000105205,4.90E+05
CLCA1,ENSG00000016490,7.60E+03
CLCA2,ENSG00000137975,5.40E+04
CLCA4,ENSG00000016602,1.50E+05
CLDN5,ENSG00000184113,2.30E+05
CLEC11A,ENSG00000105472,1.10E+06
CLEC14A,ENSG00000176435,5.10E+05
CLEC1B,ENSG00000165682,4.10E+03
CLEC3B,ENSG00000163815,6.60E+09
CLEC4M,ENSG00000104938,4.10E+06
CLIC1,ENSG00000213719,4.00E+07
CLIC2,ENSG00000155962,4.90E+04
CLIC4,ENSG00000169504,3.80E+06
CLIC5,ENSG00000112782,7.50E+05
CLINT1,ENSG00000113282,3.50E+05
CLIP1,ENSG00000130779,5.00E+03
CLIP2,ENSG00000106665,8.80E+03
CLMP,ENSG00000166250,2.80E+06
CLN5,ENSG00000102805,6.60E+05
CLNS1A,ENSG00000074201,1.70E+04
CLPP,ENSG00000125656,5.70E+03
CLPS,ENSG00000137392,4.80E+05
CLPTM1L,ENSG00000049656,5.00E+03
CLSTN1,ENSG00000171603,2.70E+07
CLSTN2,ENSG00000158258,3.50E+04
CLSTN3,ENSG00000139182,3.40E+05
CLTA,ENSG00000122705,6.30E+05
CLTB,ENSG00000175416,1.20E+04
CLTC,ENSG00000141367,1.50E+07
CLU,ENSG00000120885,4.80E+10
CLUH,ENSG00000132361,7.40E+03
CLYBL,ENSG00000125246,1.20E+05
CMA1,ENSG00000092009,4.30E+05
CMBL,ENSG00000164237,6.30E+05
CMIP,ENSG00000153815,2.80E+04
CMPK1,ENSG00000162368,1.90E+06
CMTM5,ENSG00000166091,4.70E+05
CNBP,ENSG00000169714,1.00E+05
CNDP1,ENSG00000150656,2.50E+09
CNDP2,ENSG00000133313,2.20E+06
CNN1,ENSG00000130176,5.10E+04
CNN2,ENSG00000064666,7.30E+06
CNN3,ENSG00000117519,6.40E+05
CNOT1,ENSG00000125107,3.40E+03
CNOT3,ENSG00000088038,9.00E+04
CNP,ENSG00000173786,3.80E+04
CNPY2,ENSG00000257727,4.10E+05
CNPY3,ENSG00000137161,1.50E+07
CNRIP1,ENSG00000119865,4.30E+04
CNST,ENSG00000162852,1.30E+05
CNTFR,ENSG00000122756,1.10E+07
CNTN1,ENSG00000018236,1.30E+08
CNTN2,ENSG00000184144,7.10E+04
CNTN3,ENSG00000113805,2.30E+07
CNTN4,ENSG00000144619,2.30E+07
CNTN5,ENSG00000149972,6.10E+05
CNTN6,ENSG00000134115,1.30E+06
CNTNAP4,ENSG00000152910,7.60E+06
COA4,ENSG00000181924,5.10E+03
COA6,ENSG00000168275,1.00E+04
COASY,ENSG00000068120,3.50E+04
COCH,ENSG00000100473,4.80E+05
COL10A1,ENSG00000123500,6.20E+04
COL11A1,ENSG00000060718,5.40E+05
COL11A2,ENSG00000204248,5.20E+06
COL12A1,ENSG00000111799,1.40E+07
COL14A1,ENSG00000187955,6.10E+06
COL15A1,ENSG00000204291,6.70E+06
COL16A1,ENSG00000084636,3.90E+05
COL17A1,ENSG00000065618,2.40E+04
COL18A1,ENSG00000182871,1.60E+08
COL1A1,ENSG00000108821,1.50E+08
COL1A2,ENSG00000164692,2.80E+07
COL21A1,ENSG00000124749,2.20E+05
COL24A1,ENSG00000171502,1.50E+04
COL2A1,ENSG00000139219,1.30E+07
COL3A1,ENSG00000168542,3.00E+07
COL4A1,ENSG00000187498,3.20E+05
COL4A2,ENSG00000134871,2.40E+06
COL5A1,ENSG00000130635,1.20E+07
COL5A2,ENSG00000204262,8.70E+05
COL5A3,ENSG00000080573,2.20E+05
COL6A1,ENSG00000142156,6.80E+07
COL6A2,ENSG00000142173,8.70E+06
COL6A3,ENSG00000163359,3.70E+08
COL6A6,ENSG00000206384,4.50E+05
COL9A1,ENSG00000112280,5.50E+04
COL9A2,ENSG00000049089,6.50E+03
COLEC10,ENSG00000184374,7.10E+07
COLEC11,ENSG00000118004,2.50E+08
COLEC12,ENSG00000158270,1.70E+06
COLGALT1,ENSG00000130309,6.30E+03
COMP,ENSG00000105664,1.40E+09
COMT,ENSG00000093010,8.20E+03
COPA,ENSG00000122218,1.70E+05
COPB1,ENSG00000129083,3.40E+05
COPB2,ENSG00000184432,1.10E+05
COPE,ENSG00000105669,8.20E+04
COPG1,ENSG00000181789,1.50E+05
COPG2,ENSG00000158623,2.60E+04
COPS2,ENSG00000166200,2.50E+05
COPS3,ENSG00000141030,9.50E+04
COPS4,ENSG00000138663,2.60E+05
COPS5,ENSG00000121022,3.50E+04
COPS6,ENSG00000168090,7.20E+04
COPS7A,ENSG00000111652,6.90E+04
COPS7B,ENSG00000144524,4.70E+04
COPS8,ENSG00000198612,1.90E+05
COPZ1,ENSG00000111481,3.30E+05
CORO1A,ENSG00000102879,4.20E+07
CORO1B,ENSG00000172725,1.00E+06
CORO1C,ENSG00000110880,1.70E+07
CORO7,ENSG00000262246,2.40E+04
COTL1,ENSG00000103187,1.60E+07
COX17,ENSG00000138495,1.40E+05
COX4I1,ENSG00000131143,4.60E+04
COX5A,ENSG00000178741,2.00E+05
COX5B,ENSG00000135940,3.70E+05
COX6A1,ENSG00000111775,1.10E+05
COX6B1,ENSG00000126267,7.50E+04
COX6C,ENSG00000164919,6.70E+04
COX7A2,ENSG00000112695,3.80E+05
CP,ENSG00000047457,2.40E+11
CPA1,ENSG00000091704,7.90E+06
CPA2,ENSG00000158516,8.10E+05
CPA3,ENSG00000163751,1.40E+06
CPA4,ENSG00000128510,3.60E+05
CPAMD8,ENSG00000160111,2.00E+05
CPB1,ENSG00000153002,5.00E+06
CPB2,ENSG00000080618,4.30E+09
CPD,ENSG00000108582,1.20E+06
CPE,ENSG00000109472,3.90E+05
CPM,ENSG00000135678,3.20E+06
CPN1,ENSG00000120054,5.60E+09
CPN2,ENSG00000178772,9.30E+09
CPNE1,ENSG00000214078,5.20E+05
CPNE3,ENSG00000085719,1.50E+05
CPOX,ENSG00000080819,1.60E+05
CPPED1,ENSG00000103381,5.80E+05
CPQ,ENSG00000104324,1.70E+07
CPS1,ENSG00000021826,1.20E+07
CPSF6,ENSG00000111605,2.30E+05
CPSF7,ENSG00000149532,1.50E+05
CPT1A,ENSG00000110090,1.90E+04
CPVL,ENSG00000106066,8.40E+05
CPXM1,ENSG00000088882,1.20E+06
CPXM2,ENSG00000121898,1.10E+06
CR1,ENSG00000203710,1.90E+07
CR2,ENSG00000117322,3.90E+07
CRABP2,ENSG00000143320,9.80E+04
CRACD,ENSG00000109265,2.40E+04
CRAT,ENSG00000095321,4.30E+03
CRB2,ENSG00000148204,8.70E+04
CREB3L3,ENSG00000060566,3.70E+04
CREG1,ENSG00000143162,6.80E+05
CRELD1,ENSG00000163703,8.70E+06
CRELD2,ENSG00000184164,5.90E+05
CRH,ENSG00000147571,1.30E+04
CRHBP,ENSG00000145708,1.60E+07
CRIM1,ENSG00000150938,5.40E+04
CRIP1,ENSG00000213145,6.50E+04
CRIP2,ENSG00000182809,5.20E+05
CRISP1,ENSG00000124812,1.60E+04
CRISP2,ENSG00000124490,1.70E+06
CRISP3,ENSG00000096006,5.10E+08
CRISPLD2,ENSG00000103196,1.40E+06
CRK,ENSG00000167193,1.30E+05
CRKL,ENSG00000099942,2.10E+06
CRLF3,ENSG00000176390,6.20E+05
CRMP1,ENSG00000072832,6.30E+05
CRNN,ENSG00000143536,7.90E+05
CRP,ENSG00000132693,3.40E+09
CRTAC1,ENSG00000095713,5.70E+08
CRTAM,ENSG00000109943,1.90E+04
CRTC2,ENSG00000160741,6.80E+03
CRYAB,ENSG00000109846,5.10E+05
CRYL1,ENSG00000165475,9.90E+05
CRYM,ENSG00000103316,7.60E+04
CRYZ,ENSG00000116791,3.80E+06
CS,ENSG00000062485,8.50E+05
CSAD,ENSG00000139631,5.80E+03
CSDE1,ENSG00000009307,6.10E+04
CSE1L,ENSG00000124207,5.30E+05
CSF1,ENSG00000184371,8.80E+06
CSF1R,ENSG00000182578,2.20E+08
CSF2RA,ENSG00000198223,7.10E+05
CSK,ENSG00000103653,5.80E+05
CSN2,ENSG00000135222,1.20E+05
CSN3,ENSG00000171209,9.80E+03
CSNK2A1,ENSG00000101266,5.10E+05
CSNK2A2,ENSG00000070770,1.10E+05
CSNK2B,ENSG00000204435,7.10E+04
CSPG4,ENSG00000173546,2.90E+07
CSRP1,ENSG00000159176,1.10E+07
CSRP3,ENSG00000129170,1.30E+05
CST1,ENSG00000170373,3.30E+06
CST2,ENSG00000170369,4.50E+05
CST3,ENSG00000101439,1.30E+09
CST4,ENSG00000101441,2.20E+06
CST6,ENSG00000175315,1.80E+07
CST7,ENSG00000077984,8.20E+04
CSTA,ENSG00000121552,1.20E+07
CSTB,ENSG00000160213,6.00E+06
CTBP1,ENSG00000159692,6.50E+03
CTBS,ENSG00000117151,1.60E+08
CTCF,ENSG00000102974,5.10E+03
CTH,ENSG00000116761,2.90E+05
CTHRC1,ENSG00000164932,4.60E+06
CTNNA1,ENSG00000044115,4.10E+04
CTNNB1,ENSG00000168036,3.20E+06
CTNNBIP1,ENSG00000178585,1.20E+04
CTNND1,ENSG00000198561,2.00E+04
CTPS1,ENSG00000171793,1.00E+05
CTPS2,ENSG00000047230,3.00E+04
CTRB2,ENSG00000168928,3.30E+06
CTRC,ENSG00000162438,8.60E+04
CTSA,ENSG00000064601,3.10E+07
CTSB,ENSG00000164733,4.20E+07
CTSC,ENSG00000109861,1.20E+07
CTSD,ENSG00000117984,1.40E+08
CTSF,ENSG00000174080,8.20E+06
CTSG,ENSG00000100448,3.20E+06
CTSH,ENSG00000103811,6.40E+06
CTSK,ENSG00000143387,1.30E+05
CTSL,ENSG00000135047,1.00E+07
CTSO,ENSG00000256043,3.70E+04
CTSS,ENSG00000163131,1.40E+07
CTSV,ENSG00000136943,3.00E+05
CTSW,ENSG00000172543,3.00E+05
CTSZ,ENSG00000101160,2.20E+07
CTTN,ENSG00000085733,1.90E+07
CUBN,ENSG00000107611,2.60E+05
CUL1,ENSG00000055130,1.70E+05
CUL2,ENSG00000108094,1.40E+04
CUL3,ENSG00000036257,6.90E+04
CUL4A,ENSG00000139842,1.80E+04
CUL4B,ENSG00000158290,5.90E+03
CUL5,ENSG00000166266,6.80E+03
CUTA,ENSG00000112514,6.70E+06
CXADR,ENSG00000154639,1.20E+04
CXCL12,ENSG00000107562,1.70E+06
CXCL16,ENSG00000161921,2.10E+07
CXCL17,ENSG00000189377,5.30E+04
CXCL5,ENSG00000163735,9.30E+04
CYB5A,ENSG00000166347,1.20E+06
CYB5B,ENSG00000103018,8.50E+04
CYB5R3,ENSG00000100243,2.00E+06
CYC1,ENSG00000179091,7.60E+04
CYCS,ENSG00000172115,2.10E+07
CYFIP1,ENSG00000273749,7.80E+05
CYFIP2,ENSG00000055163,3.30E+05
CYRIB,ENSG00000153310,1.40E+06
CYTL1,ENSG00000170891,2.20E+05
CZIB,ENSG00000162384,6.90E+05
DAAM1,ENSG00000100592,5.20E+03
DAB2,ENSG00000153071,5.30E+04
DAD1,ENSG00000129562,1.10E+04
DAG1,ENSG00000173402,4.20E+07
DAP,ENSG00000112977,3.60E+04
DAPP1,ENSG00000070190,7.60E+04
DARS1,ENSG00000115866,2.50E+05
DAZAP1,ENSG00000071626,8.30E+04
DBH,ENSG00000123454,5.20E+08
DBI,ENSG00000155368,1.10E+07
DBN1,ENSG00000113758,1.50E+06
DBNL,ENSG00000136279,6.40E+06
DCAF13,ENSG00000164934,4.80E+05
DCBLD1,ENSG00000164465,2.50E+06
DCBLD2,ENSG00000057019,1.00E+06
DCC,ENSG00000187323,3.50E+04
DCD,ENSG00000161634,2.00E+08
DCHS1,ENSG00000166341,1.20E+07
DCN,ENSG00000011465,2.80E+07
DCPS,ENSG00000110063,4.90E+05
DCTN1,ENSG00000204843,1.70E+05
DCTN2,ENSG00000175203,6.60E+05
DCTN3,ENSG00000137100,2.70E+04
DCTPP1,ENSG00000179958,2.30E+05
DCUN1D1,ENSG00000043093,2.80E+05
DCXR,ENSG00000169738,4.70E+06
DDAH1,ENSG00000153904,7.50E+05
DDAH2,ENSG00000213722,1.80E+06
DDB1,ENSG00000167986,8.60E+05
DDC,ENSG00000132437,1.30E+05
DDI2,ENSG00000197312,7.20E+05
DDOST,ENSG00000244038,1.40E+05
DDR1,ENSG00000204580,1.50E+07
DDR2,ENSG00000162733,4.90E+05
DDRGK1,ENSG00000198171,9.10E+03
DDX1,ENSG00000079785,3.50E+04
DDX17,ENSG00000100201,1.10E+05
DDX18,ENSG00000088205,4.20E+03
DDX21,ENSG00000165732,3.70E+05
DDX23,ENSG00000174243,1.10E+04
DDX39A,ENSG00000123136,2.70E+05
DDX39B,ENSG00000198563,5.40E+05
DDX3X,ENSG00000215301,1.20E+05
DDX46,ENSG00000145833,4.40E+04
DDX5,ENSG00000108654,1.80E+05
DDX50,ENSG00000107625,6.60E+04
DDX56,ENSG00000136271,1.00E+05
DDX6,ENSG00000110367,2.50E+04
DECR1,ENSG00000104325,2.60E+05
DEFA4,ENSG00000164821,2.30E+04
DEFA5,ENSG00000164816,2.40E+05
DEFA6,ENSG00000164822,4.10E+04
DEFB1,ENSG00000164825,6.20E+05
DENR,ENSG00000139726,2.10E+05
DERA,ENSG00000023697,2.90E+05
DES,ENSG00000175084,2.30E+06
DGCR2,ENSG00000070413,7.40E+04
DGKZ,ENSG00000149091,1.50E+04
DHRS11,ENSG00000278535,5.10E+04
DHRS2,ENSG00000100867,4.60E+03
DHX15,ENSG00000109606,6.10E+05
DHX30,ENSG00000132153,3.80E+04
DHX36,ENSG00000174953,5.00E+03
DHX9,ENSG00000135829,6.70E+05
DIAPH1,ENSG00000131504,1.80E+06
DIPK2A,ENSG00000181744,2.00E+04
DIPK2B,ENSG00000147113,6.80E+05
DKC1,ENSG00000130826,4.00E+03
DKK3,ENSG00000050165,2.00E+07
DLAT,ENSG00000150768,1.60E+04
DLD,ENSG00000091140,8.90E+06
DLG1,ENSG00000075711,9.50E+03
DLK1,ENSG00000185559,1.50E+06
DLK2,ENSG00000171462,2.30E+04
DLL1,ENSG00000198719,4.10E+05
DLST,ENSG00000119689,1.10E+05
DMBT1,ENSG00000187908,1.70E+07
DMD,ENSG00000198947,1.20E+05
DMGDH,ENSG00000132837,1.30E+06
DMKN,ENSG00000161249,1.20E+07
DMP1,ENSG00000152592,4.80E+04
DMTN,ENSG00000158856,3.00E+06
DNAAF5,ENSG00000164818,4.60E+03
DNAJA1,ENSG00000086061,9.30E+04
DNAJA2,ENSG00000069345,1.10E+05
DNAJA3,ENSG00000103423,3.30E+04
DNAJB1,ENSG00000132002,3.20E+04
DNAJB11,ENSG00000090520,2.70E+05
DNAJB2,ENSG00000135924,5.00E+03
DNAJB4,ENSG00000162616,8.10E+03
DNAJB6,ENSG00000105993,8.60E+03
DNAJC3,ENSG00000102580,1.60E+06
DNAJC5,ENSG00000101152,8.00E+03
DNAJC7,ENSG00000168259,1.10E+04
DNAJC9,ENSG00000213551,8.90E+04
DNASE1,ENSG00000213918,7.10E+05
DNASE1L1,ENSG00000013563,3.30E+04
DNASE1L3,ENSG00000163687,5.70E+06
DNASE2,ENSG00000105612,1.30E+05
DNER,ENSG00000187957,1.30E+06
DNM1,ENSG00000106976,7.90E+04
DNM1L,ENSG00000087470,2.50E+06
DNM2,ENSG00000079805,1.50E+05
DNM3,ENSG00000197959,4.30E+04
DNPEP,ENSG00000123992,3.60E+05
DNPH1,ENSG00000112667,2.90E+05
DOK1,ENSG00000115325,3.70E+04
DOK2,ENSG00000147443,1.30E+05
DOK3,ENSG00000146094,1.30E+05
DPEP1,ENSG00000015413,2.40E+05
DPEP2,ENSG00000167261,4.90E+07
DPEP3,ENSG00000141096,2.90E+07
DPM3,ENSG00000179085,1.30E+06
DPP3,ENSG00000254986,4.90E+06
DPP4,ENSG00000197635,8.40E+07
DPP7,ENSG00000176978,2.00E+06
DPP9,ENSG00000142002,4.40E+04
DPT,ENSG00000143196,3.50E+06
DPY30,ENSG00000162961,1.30E+04
DPYD,ENSG00000188641,1.50E+06
DPYS,ENSG00000147647,7.50E+05
DPYSL2,ENSG00000092964,2.50E+06
DPYSL3,ENSG00000113657,6.80E+05
DRG1,ENSG00000185721,1.70E+04
DSC1,ENSG00000134765,2.90E+07
DSC2,ENSG00000134755,1.80E+07
DSC3,ENSG00000134762,8.90E+06
DSG1,ENSG00000134760,8.60E+07
DSG2,ENSG00000046604,9.40E+07
DSG3,ENSG00000134757,1.60E+05
DSG4,ENSG00000175065,7.30E+04
DSP,ENSG00000096696,1.30E+08
DSPP,ENSG00000152591,3.40E+04
DSTN,ENSG00000125868,5.80E+06
DTD1,ENSG00000125821,3.10E+05
DUSP23,ENSG00000158716,1.50E+04
DUSP3,ENSG00000108861,1.50E+06
DUT,ENSG00000128951,1.50E+04
DYNC1H1,ENSG00000197102,5.40E+05
DYNC1I2,ENSG00000077380,5.70E+04
DYNC1LI2,ENSG00000135720,1.90E+04
DYNLL1,ENSG00000088986,9.10E+05
DYNLL2,ENSG00000264364,7.60E+05
EBI3,ENSG00000105246,4.90E+05
EBNA1BP2,ENSG00000117395,9.30E+03
ECE1,ENSG00000117298,4.70E+05
ECH1,ENSG00000104823,1.30E+06
ECHDC1,ENSG00000093144,3.30E+04
ECHDC2,ENSG00000121310,2.10E+05
ECHDC3,ENSG00000134463,1.70E+05
ECHS1,ENSG00000127884,1.00E+06
ECI1,ENSG00000167969,3.10E+06
ECM1,ENSG00000143369,3.90E+09
ECM2,ENSG00000106823,6.30E+06
ECPAS,ENSG00000136813,1.50E+04
ECRG4,ENSG00000119147,1.80E+05
EDC4,ENSG00000038358,8.60E+04
EDF1,ENSG00000107223,9.30E+03
EEA1,ENSG00000102189,4.70E+04
EEF1A1,ENSG00000156508,7.60E+07
EEF1A2,ENSG00000101210,4.40E+07
EEF1B2,ENSG00000114942,9.40E+05
EEF1D,ENSG00000104529,1.20E+06
EEF1E1,ENSG00000124802,2.90E+04
EEF1G,ENSG00000254772,7.00E+06
EEF2,ENSG00000167658,2.50E+07
EEFSEC,ENSG00000132394,4.20E+03
EFCAB14,ENSG00000159658,7.00E+04
EFEMP1,ENSG00000115380,1.50E+09
EFEMP2,ENSG00000172638,3.80E+06
EFHD2,ENSG00000142634,2.50E+05
EFL1,ENSG00000140598,1.40E+04
EFNA1,ENSG00000169242,1.00E+06
EFNA5,ENSG00000184349,8.30E+03
EFNB1,ENSG00000090776,9.90E+05
EFNB2,ENSG00000125266,6.70E+05
EFNB3,ENSG00000108947,5.60E+03
EFTUD2,ENSG00000108883,1.90E+05
EGF,ENSG00000138798,9.80E+05
EGFR,ENSG00000146648,1.90E+07
EHBP1L1,ENSG00000173442,9.10E+04
EHD1,ENSG00000110047,6.10E+06
EHD2,ENSG00000024422,7.40E+05
EHD3,ENSG00000013016,8.80E+06
EHD4,ENSG00000103966,5.10E+05
EHHADH,ENSG00000113790,4.50E+03
EIF2A,ENSG00000144895,6.40E+03
EIF2B1,ENSG00000111361,9.60E+03
EIF2B3,ENSG00000070785,5.90E+03
EIF2S1,ENSG00000134001,1.60E+05
EIF2S2,ENSG00000125977,1.90E+05
EIF2S3,ENSG00000130741,6.00E+05
EIF3A,ENSG00000107581,1.40E+05
EIF3B,ENSG00000106263,2.30E+05
EIF3D,ENSG00000100353,3.50E+04
EIF3E,ENSG00000104408,1.50E+05
EIF3F,ENSG00000175390,1.20E+05
EIF3G,ENSG00000130811,4.20E+04
EIF3H,ENSG00000147677,7.20E+04
EIF3I,ENSG00000084623,2.60E+04
EIF3J,ENSG00000104131,1.40E+05
EIF3K,ENSG00000178982,8.80E+03
EIF3L,ENSG00000100129,1.80E+04
EIF3M,ENSG00000149100,2.10E+05
EIF4A1,ENSG00000161960,6.50E+06
EIF4A2,ENSG00000156976,3.80E+06
EIF4A3,ENSG00000141543,4.00E+05
EIF4B,ENSG00000063046,1.20E+06
EIF4E,ENSG00000151247,1.60E+05
EIF4EBP1,ENSG00000187840,3.30E+04
EIF4G1,ENSG00000114867,4.80E+05
EIF4G2,ENSG00000110321,3.60E+04
EIF4G3,ENSG00000075151,6.00E+04
EIF4H,ENSG00000106682,6.40E+05
EIF5,ENSG00000100664,9.30E+04
EIF5B,ENSG00000158417,1.30E+05
EIF6,ENSG00000242372,6.50E+05
ELAC2,ENSG00000006744,3.70E+03
ELANE,ENSG00000197561,3.00E+06
ELAVL1,ENSG00000066044,1.50E+04
ELFN1,ENSG00000225968,2.90E+04
ELN,ENSG00000049540,5.70E+05
ELOB,ENSG00000103363,1.60E+05
ELOC,ENSG00000154582,5.10E+04
ELOVL1,ENSG00000066322,1.10E+05
EMC1,ENSG00000127463,1.30E+04
EMC2,ENSG00000104412,7.10E+03
EMD,ENSG00000102119,8.60E+04
EMILIN1,ENSG00000138080,4.70E+06
EMILIN2,ENSG00000132205,1.10E+06
EMILIN3,ENSG00000183798,6.20E+05
EML2,ENSG00000125746,1.20E+06
EML4,ENSG00000143924,2.50E+04
ENAM,ENSG00000132464,1.60E+04
ENDOD1,ENSG00000149218,4.80E+06
ENDOU,ENSG00000111405,1.30E+04
ENG,ENSG00000106991,4.30E+07
ENO1,ENSG00000074800,2.80E+08
ENO2,ENSG00000111674,4.70E+07
ENO3,ENSG00000108515,6.50E+07
ENOPH1,ENSG00000145293,3.00E+05
ENOSF1,ENSG00000132199,3.70E+03
ENPEP,ENSG00000138792,2.50E+07
ENPP1,ENSG00000197594,1.60E+06
ENPP2,ENSG00000136960,2.90E+08
ENPP3,ENSG00000154269,3.40E+05
ENPP4,ENSG00000001561,2.20E+04
ENPP5,ENSG00000112796,3.40E+05
ENPP6,ENSG00000164303,5.10E+04
ENPP7,ENSG00000182156,2.60E+05
ENSA,ENSG00000143420,1.10E+06
ENTPD4,ENSG00000197217,7.80E+04
ENTPD5,ENSG00000187097,5.80E+06
ENTPD6,ENSG00000197586,3.80E+04
ENTPD7,ENSG00000198018,1.80E+04
EPB41,ENSG00000159023,7.00E+06
EPB41L2,ENSG00000079819,1.60E+05
EPB41L3,ENSG00000082397,3.80E+05
EPB42,ENSG00000166947,8.40E+05
EPCAM,ENSG00000119888,8.80E+03
EPHA1,ENSG00000146904,5.70E+06
EPHA4,ENSG00000116106,8.60E+06
EPHA5,ENSG00000145242,9.80E+04
EPHA6,ENSG00000080224,3.60E+04
EPHA7,ENSG00000135333,9.30E+05
EPHB2,ENSG00000133216,5.20E+05
EPHB3,ENSG00000182580,1.80E+05
EPHB4,ENSG00000196411,1.70E+06
EPHX1,ENSG00000143819,3.00E+05
EPHX2,ENSG00000120915,1.20E+06
EPPK1,ENSG00000261150,1.10E+07
EPRS1,ENSG00000136628,6.10E+05
EPS15,ENSG00000085832,3.20E+04
EPS15L1,ENSG00000127527,6.70E+04
EPS8,ENSG00000151491,1.60E+04
EPS8L2,ENSG00000177106,3.90E+03
EPX,ENSG00000121053,4.00E+06
ERAP1,ENSG00000164307,3.40E+07
ERAP2,ENSG00000164308,1.30E+07
ERBB2,ENSG00000141736,3.60E+05
ERBB3,ENSG00000065361,2.40E+05
ERBB4,ENSG00000178568,1.70E+05
ERBIN,ENSG00000112851,1.60E+04
ERH,ENSG00000100632,3.10E+05
ERO1A,ENSG00000197930,3.00E+04
ERP29,ENSG00000089248,1.40E+06
ERP44,ENSG00000023318,6.70E+06
ERVH48-1,ENSG00000233056,2.40E+04
ERVMER34-1,ENSG00000226887,5.20E+05
ERVW-1,ENSG00000242950,4.70E+04
ESAM,ENSG00000149564,4.30E+06
ESD,ENSG00000139684,8.10E+06
ESM1,ENSG00000164283,6.10E+05
ESYT1,ENSG00000139641,1.00E+06
ESYT2,ENSG00000117868,6.30E+03
ETF1,ENSG00000120705,6.10E+05
ETFA,ENSG00000140374,4.50E+05
ETFB,ENSG00000105379,1.00E+05
ETFDH,ENSG00000171503,3.70E+03
EVPL,ENSG00000167880,9.30E+04
EWSR1,ENSG00000182944,2.10E+04
EXOSC7,ENSG00000075914,3.30E+04
EXT1,ENSG00000182197,1.20E+07
EXT2,ENSG00000151348,2.10E+07
EXTL1,ENSG00000158008,5.70E+04
EXTL2,ENSG00000162694,2.10E+07
EZR,ENSG00000092820,3.30E+07
F10,ENSG00000126218,3.40E+09
F11,ENSG00000088926,1.50E+09
F11R,ENSG00000158769,1.80E+06
F12,ENSG00000131187,1.00E+10
F13A1,ENSG00000124491,2.50E+09
F13B,ENSG00000143278,7.40E+09
F2,ENSG00000180210,6.90E+10
F5,ENSG00000198734,5.50E+09
F7,ENSG00000057593,2.00E+08
F8,ENSG00000185010,3.20E+07
F9,ENSG00000101981,3.10E+09
FABP1,ENSG00000163586,3.50E+07
FABP2,ENSG00000145384,7.10E+05
FABP3,ENSG00000121769,5.60E+06
FABP4,ENSG00000170323,1.90E+07
FABP5,ENSG00000164687,1.20E+07
FABP6,ENSG00000170231,2.80E+06
FAF1,ENSG00000185104,2.20E+04
FAH,ENSG00000103876,5.40E+07
FAHD1,ENSG00000180185,9.00E+03
FAHD2A,ENSG00000115042,1.00E+05
FAM107B,ENSG00000065809,7.10E+04
FAM114A1,ENSG00000197712,1.30E+04
FAM120A,ENSG00000048828,4.90E+03
FAM151A,ENSG00000162391,6.90E+03
FAM162A,ENSG00000114023,1.70E+04
FAM171A1,ENSG00000148468,6.70E+04
FAM177A1,ENSG00000151327,1.10E+05
FAM20A,ENSG00000108950,4.10E+06
FAM20B,ENSG00000116199,3.40E+05
FAM20C,ENSG00000177706,4.90E+07
FAM234A,ENSG00000167930,1.60E+06
FAM3B,ENSG00000183844,8.50E+04
FAM3C,ENSG00000196937,1.30E+07
FAM3D,ENSG00000198643,1.60E+04
FAM50A,ENSG00000071859,9.50E+03
FAM91A1,ENSG00000176853,3.90E+03
FAM98B,ENSG00000171262,8.00E+03
FAP,ENSG00000078098,5.80E+07
FARSA,ENSG00000179115,1.70E+04
FARSB,ENSG00000116120,3.70E+04
FAS,ENSG00000026103,5.60E+05
FASN,ENSG00000169710,3.30E+06
FAT1,ENSG00000083857,1.20E+07
FAT2,ENSG00000086570,2.50E+05
FAT3,ENSG00000165323,2.10E+05
FAT4,ENSG00000196159,2.50E+06
FBL,ENSG00000105202,4.20E+04
FBLN1,ENSG00000077942,5.60E+09
FBLN2,ENSG00000163520,1.10E+07
FBLN5,ENSG00000140092,1.00E+07
FBLN7,ENSG00000144152,3.10E+05
FBN1,ENSG00000166147,1.10E+08
FBN2,ENSG00000138829,4.70E+06
FBN3,ENSG00000142449,1.70E+05
FBP1,ENSG00000165140,1.80E+07
FBP2,ENSG00000130957,1.90E+06
FBXO7,ENSG00000100225,3.10E+05
FCAMR,ENSG00000162897,1.50E+06
FCER1G,ENSG00000158869,7.70E+04
FCER2,ENSG00000104921,8.10E+04
FCGR2A,ENSG00000143226,3.40E+07
FCGR3A,ENSG00000203747,2.60E+08
FCGR3B,ENSG00000162747,2.60E+08
FCGRT,ENSG00000104870,2.80E+06
FCMR,ENSG00000162894,2.50E+06
FCN1,ENSG00000085265,2.90E+07
FCN2,ENSG00000160339,4.30E+08
FCN3,ENSG00000142748,4.60E+09
FCRL1,ENSG00000163534,8.70E+04
FCRL5,ENSG00000143297,1.20E+07
FDPS,ENSG00000160752,3.90E+06
FDX1,ENSG00000137714,6.10E+03
FEN1,ENSG00000168496,1.10E+05
FERMT2,ENSG00000073712,8.10E+04
FERMT3,ENSG00000149781,2.00E+08
FETUB,ENSG00000090512,2.50E+09
FGA,ENSG00000171560,2.10E+11
FGB,ENSG00000171564,1.70E+11
FGD3,ENSG00000127084,4.40E+03
FGF21,ENSG00000105550,5.90E+05
FGF23,ENSG00000118972,3.00E+04
FGFBP1,ENSG00000137440,1.70E+04
FGFBP2,ENSG00000137441,3.50E+06
FGFR1,ENSG00000077782,1.30E+07
FGFR2,ENSG00000066468,3.60E+05
FGFR3,ENSG00000068078,5.00E+05
FGFR4,ENSG00000160867,1.90E+06
FGG,ENSG00000171557,1.30E+11
FGGY,ENSG00000172456,9.50E+04
FGL1,ENSG00000104760,2.50E+08
FGL2,ENSG00000127951,1.70E+07
FH,ENSG00000091483,2.30E+06
FHIT,ENSG00000189283,9.20E+03
FHL1,ENSG00000022267,1.10E+07
FHL2,ENSG00000115641,4.00E+03
FHOD1,ENSG00000135723,6.40E+05
FIP1L1,ENSG00000145216,1.40E+04
FIS1,ENSG00000214253,5.50E+04
FKBP10,ENSG00000141756,8.40E+04
FKBP11,ENSG00000134285,4.00E+06
FKBP15,ENSG00000119321,3.90E+03
FKBP1A,ENSG00000088832,1.90E+07
FKBP2,ENSG00000173486,5.70E+05
FKBP3,ENSG00000100442,4.60E+05
FKBP4,ENSG00000004478,6.00E+05
FKBP5,ENSG00000096060,1.40E+04
FKBP8,ENSG00000105701,6.80E+03
FKBP9,ENSG00000122642,1.40E+05
FLG,ENSG00000143631,2.20E+07
FLG2,ENSG00000143520,4.00E+07
FLII,ENSG00000177731,1.70E+05
FLNA,ENSG00000196924,1.00E+09
FLNB,ENSG00000136068,1.90E+07
FLNC,ENSG00000128591,2.60E+07
FLOT1,ENSG00000137312,5.80E+04
FLOT2,ENSG00000132589,1.40E+05
FLRT2,ENSG00000185070,1.90E+04
FLRT3,ENSG00000125848,2.10E+05
FLT1,ENSG00000102755,3.00E+05
FLT3,ENSG00000122025,1.60E+05
FLT4,ENSG00000037280,4.30E+07
FMNL2,ENSG00000157827,6.50E+06
FMOD,ENSG00000122176,1.20E+06
FN1,ENSG00000115414,8.40E+10
FN3K,ENSG00000167363,3.00E+05
FN3KRP,ENSG00000141560,5.00E+04
FNDC1,ENSG00000164694,1.50E+04
FNTA,ENSG00000168522,8.90E+04
FOLH1,ENSG00000086205,6.10E+03
FOLR1,ENSG00000110195,2.50E+04
FOLR2,ENSG00000165457,3.40E+06
FOLR3,ENSG00000110203,1.20E+06
FREM1,ENSG00000164946,7.10E+03
FREM2,ENSG00000150893,8.30E+06
FRMD4B,ENSG00000114541,4.70E+03
FRZB,ENSG00000162998,1.70E+07
FSCN1,ENSG00000075618,3.50E+06
FSHB,ENSG00000131808,2.30E+04
FST,ENSG00000134363,8.00E+06
FSTL1,ENSG00000163430,2.40E+07
FSTL3,ENSG00000070404,5.70E+06
FTCD,ENSG00000160282,7.60E+05
FTH1,ENSG00000167996,2.80E+06
FTL,ENSG00000087086,3.80E+07
FTO,ENSG00000140718,1.20E+06
FUBP1,ENSG00000162613,2.70E+04
FUBP3,ENSG00000107164,6.90E+06
FUCA1,ENSG00000179163,4.00E+07
FUCA2,ENSG00000001036,5.90E+07
FUOM,ENSG00000148803,3.10E+05
FURIN,ENSG00000140564,8.70E+04
FUS,ENSG00000089280,2.50E+05
FUT11,ENSG00000196968,5.60E+05
FUT8,ENSG00000033170,3.50E+04
FXR1,ENSG00000114416,1.60E+04
FXYD1,ENSG00000266964,5.40E+04
FXYD2,ENSG00000137731,1.40E+05
FYB1,ENSG00000082074,4.40E+06
FYN,ENSG00000010810,2.90E+05
G3BP1,ENSG00000145907,2.20E+05
G3BP2,ENSG00000138757,1.90E+04
G6PD,ENSG00000160211,4.90E+06
GAA,ENSG00000171298,5.20E+06
GABARAPL2,ENSG00000034713,2.20E+04
GAL,ENSG00000069482,1.40E+05
GAL3ST1,ENSG00000128242,6.60E+03
GAL3ST4,ENSG00000197093,3.60E+04
GALC,ENSG00000054983,4.60E+04
GALE,ENSG00000117308,3.90E+04
GALK1,ENSG00000108479,1.80E+04
GALK2,ENSG00000156958,8.00E+03
GALM,ENSG00000143891,5.30E+05
GALNS,ENSG00000141012,1.30E+06
GALNT1,ENSG00000141429,2.40E+06
GALNT10,ENSG00000164574,1.00E+06
GALNT12,ENSG00000119514,4.70E+04
GALNT14,ENSG00000158089,9.20E+03
GALNT15,ENSG00000131386,4.00E+04
GALNT16,ENSG00000100626,2.70E+04
GALNT18,ENSG00000110328,1.30E+05
GALNT2,ENSG00000143641,1.10E+07
GALNT3,ENSG00000115339,3.40E+04
GALNT4,ENSG00000257594,6.40E+05
GALNT5,ENSG00000136542,1.10E+06
GALNT6,ENSG00000139629,2.70E+06
GALNT7,ENSG00000109586,5.10E+06
GALT,ENSG00000213930,2.40E+05
GAMT,ENSG00000130005,2.00E+05
GANAB,ENSG00000089597,2.40E+07
GAP43,ENSG00000172020,2.90E+04
GAPDH,ENSG00000111640,8.10E+08
GAPVD1,ENSG00000165219,4.00E+04
GAR1,ENSG00000109534,4.40E+04
GARS1,ENSG00000106105,8.30E+05
GART,ENSG00000159131,3.50E+05
GAS1,ENSG00000180447,3.90E+04
GAS6,ENSG00000183087,5.00E+06
GASK1A,ENSG00000144649,4.00E+05
GASK1B,ENSG00000164125,4.90E+04
GAST,ENSG00000184502,1.20E+05
GATD3,ENSG00000160221,8.60E+05
GATM,ENSG00000171766,9.30E+05
GBA1,ENSG00000177628,5.30E+05
GBE1,ENSG00000114480,7.70E+06
GBP1,ENSG00000117228,1.30E+05
GC,ENSG00000145321,1.10E+11
GCA,ENSG00000115271,1.00E+05
GCG,ENSG00000115263,1.30E+05
GCHFR,ENSG00000137880,1.80E+05
GCLC,ENSG00000001084,6.40E+06
GCLM,ENSG00000023909,1.50E+06
GCN1,ENSG00000089154,1.80E+05
GCNT1,ENSG00000187210,9.20E+04
GCNT2,ENSG00000111846,5.70E+05
GCSH,ENSG00000140905,4.50E+04
GDA,ENSG00000119125,2.10E+06
GDF11,ENSG00000135414,3.30E+05
GDF15,ENSG00000130513,3.60E+05
GDF2,ENSG00000263761,8.60E+05
GDI1,ENSG00000203879,3.20E+07
GDI2,ENSG00000057608,4.30E+07
GEMIN5,ENSG00000082516,1.10E+04
GET3,ENSG00000198356,2.00E+04
GFAP,ENSG00000131095,6.70E+07
GFM1,ENSG00000168827,4.30E+04
GFPT1,ENSG00000198380,6.70E+04
GFRA1,ENSG00000151892,6.90E+04
GFRA2,ENSG00000168546,3.10E+06
GFRA3,ENSG00000146013,1.20E+05
GFUS,ENSG00000104522,1.10E+06
GGACT,ENSG00000134864,2.80E+04
GGCT,ENSG00000006625,3.00E+06
GGH,ENSG00000137563,4.00E+08
GGT1,ENSG00000100031,3.40E+06
GGT5,ENSG00000099998,2.30E+06
GGT6,ENSG00000167741,6.10E+04
GGT7,ENSG00000131067,6.50E+05
GH1,ENSG00000259384,3.80E+06
GHR,ENSG00000112964,3.60E+06
GHRL,ENSG00000157017,2.30E+05
GIMAP4,ENSG00000133574,5.00E+03
GINM1,ENSG00000055211,8.90E+04
GIP,ENSG00000159224,2.90E+05
GIPC1,ENSG00000123159,9.30E+03
GIT1,ENSG00000108262,2.70E+04
GKN1,ENSG00000169605,8.00E+06
GLA,ENSG00000102393,1.20E+06
GLB1,ENSG00000170266,8.00E+05
GLCE,ENSG00000138604,1.80E+05
GLDC,ENSG00000178445,4.00E+05
GLDN,ENSG00000186417,4.00E+05
GLG1,ENSG00000090863,9.00E+05
GLIPR1,ENSG00000139278,3.80E+04
GLIPR2,ENSG00000122694,1.30E+07
GLMN,ENSG00000174842,6.30E+03
GLO1,ENSG00000124767,2.00E+06
GLOD4,ENSG00000167699,3.50E+06
GLRX,ENSG00000173221,2.40E+06
GLRX3,ENSG00000108010,6.70E+05
GLRX5,ENSG00000182512,6.40E+03
GLS,ENSG00000115419,1.80E+04
GLTP,ENSG00000139433,2.10E+04
GLTPD2,ENSG00000182327,5.30E+04
GLUD1,ENSG00000148672,8.10E+06
GLUL,ENSG00000135821,1.20E+05
GLYAT,ENSG00000149124,1.00E+04
GLYR1,ENSG00000140632,2.30E+04
GM2A,ENSG00000196743,8.70E+06
GMDS,ENSG00000112699,2.30E+04
GMFB,ENSG00000197045,8.60E+05
GMFG,ENSG00000130755,2.70E+06
GMPPA,ENSG00000144591,1.70E+04
GMPPB,ENSG00000173540,4.70E+04
GMPR,ENSG00000137198,7.10E+05
GMPR2,ENSG00000100938,1.10E+05
GMPS,ENSG00000163655,5.30E+04
GNA13,ENSG00000120063,6.30E+05
GNAI1,ENSG00000127955,1.90E+06
GNAI2,ENSG00000114353,7.30E+06
GNAI3,ENSG00000065135,1.80E+06
GNAO1,ENSG00000087258,8.00E+05
GNAQ,ENSG00000156052,4.60E+05
GNAZ,ENSG00000128266,2.60E+05
GNB1,ENSG00000078369,4.00E+06
GNB2,ENSG00000172354,3.20E+06
GNB4,ENSG00000114450,9.70E+05
GNG11,ENSG00000127920,1.00E+06
GNG12,ENSG00000172380,1.70E+05
GNG2,ENSG00000186469,5.60E+04
GNG7,ENSG00000176533,1.10E+04
GNL1,ENSG00000204590,5.50E+03
GNLY,ENSG00000115523,1.70E+04
GNMT,ENSG00000124713,2.30E+05
GNPDA1,ENSG00000113552,6.70E+05
GNPDA2,ENSG00000163281,6.40E+05
GNPNAT1,ENSG00000100522,2.20E+05
GNPTAB,ENSG00000111670,6.30E+04
GNPTG,ENSG00000090581,9.20E+07
GNS,ENSG00000135677,1.30E+06
GOLIM4,ENSG00000173905,2.20E+06
GOLM1,ENSG00000135052,4.40E+07
GOLM2,ENSG00000166734,1.50E+06
GOLPH3,ENSG00000113384,9.40E+03
GON7,ENSG00000170270,9.90E+03
GORASP2,ENSG00000115806,5.60E+05
GOT1,ENSG00000120053,4.30E+07
GOT2,ENSG00000125166,1.90E+06
GP1BA,ENSG00000185245,4.80E+08
GP1BB,ENSG00000203618,8.40E+06
GP2,ENSG00000169347,5.80E+04
GP5,ENSG00000178732,2.00E+08
GP6,ENSG00000088053,8.30E+06
GP9,ENSG00000169704,4.70E+06
GPC1,ENSG00000063660,5.40E+06
GPC3,ENSG00000147257,8.90E+04
GPC4,ENSG00000076716,6.30E+04
GPC6,ENSG00000183098,8.10E+05
GPD1,ENSG00000167588,3.90E+06
GPD2,ENSG00000115159,2.40E+05
GPHN,ENSG00000171723,3.60E+03
GPI,ENSG00000105220,5.80E+07
GPLD1,ENSG00000112293,3.30E+09
GPNMB,ENSG00000136235,2.20E+07
GPR180,ENSG00000152749,8.40E+03
GPR37,ENSG00000170775,2.70E+06
GPRC5B,ENSG00000167191,2.40E+04
GPRC5C,ENSG00000170412,9.80E+04
GPS1,ENSG00000169727,7.20E+04
GPSM3,ENSG00000213654,1.10E+04
GPT,ENSG00000167701,1.40E+07
GPX1,ENSG00000233276,2.90E+06
GPX2,ENSG00000176153,1.10E+05
GPX3,ENSG00000211445,2.30E+09
GPX4,ENSG00000167468,5.50E+05
GRAP2,ENSG00000100351,3.30E+05
GRB2,ENSG00000177885,2.30E+06
GREM2,ENSG00000180875,1.20E+06
GRHPR,ENSG00000137106,3.60E+06
GRK2,ENSG00000173020,6.80E+03
GRK6,ENSG00000198055,3.50E+04
GRN,ENSG00000030582,3.50E+07
GRPEL1,ENSG00000109519,3.30E+04
GSDMA,ENSG00000167914,1.50E+06
GSDMD,ENSG00000104518,1.40E+04
GSK3A,ENSG00000105723,5.30E+03
GSN,ENSG00000148180,4.80E+10
GSPT1,ENSG00000103342,2.40E+05
GSR,ENSG00000104687,3.20E+07
GSS,ENSG00000100983,2.00E+07
GSTA1,ENSG00000243955,6.00E+06
GSTK1,ENSG00000197448,1.40E+05
GSTM2,ENSG00000213366,1.60E+06
GSTM3,ENSG00000134202,6.50E+05
GSTM4,ENSG00000168765,1.70E+06
GSTO1,ENSG00000148834,3.60E+07
GSTP1,ENSG00000084207,4.00E+07
GSTZ1,ENSG00000100577,2.50E+05
GTF2I,ENSG00000263001,5.70E+04
GTPBP1,ENSG00000100226,1.30E+04
GTPBP2,ENSG00000172432,4.60E+03
GTPBP4,ENSG00000107937,5.60E+04
GUCA2A,ENSG00000197273,8.70E+06
GUCA2B,ENSG00000044012,9.00E+05
GUCY1A1,ENSG00000164116,1.10E+04
GUK1,ENSG00000143774,3.80E+04
GUSB,ENSG00000169919,5.60E+05
GXYLT1,ENSG00000151233,7.90E+05
GYG1,ENSG00000163754,1.00E+05
GYPA,ENSG00000170180,2.30E+06
GYPC,ENSG00000136732,7.60E+05
GYS1,ENSG00000104812,3.80E+04
GYS2,ENSG00000111713,1.60E+04
H1-0,ENSG00000189060,3.10E+05
H1-2,ENSG00000187837,1.60E+07
H1-3,ENSG00000124575,1.20E+07
H1-4,ENSG00000168298,2.40E+07
H1-5,ENSG00000184357,9.60E+06
H2AC21,ENSG00000184270,7.60E+07
H3-3A,ENSG00000163041,4.00E+07
H3-3B,ENSG00000132475,4.00E+07
H3-7,ENSG00000273213,1.20E+07
H3C1,ENSG00000275714,5.70E+07
H3C10,ENSG00000278828,5.70E+07
H3C11,ENSG00000275379,5.70E+07
H3C12,ENSG00000197153,5.70E+07
H3C13,ENSG00000183598,5.80E+07
H3C14,ENSG00000203811,5.80E+07
H3C15,ENSG00000203852,5.80E+07
H3C2,ENSG00000286522,5.70E+07
H3C3,ENSG00000287080,5.70E+07
H3C4,ENSG00000197409,5.70E+07
H3C6,ENSG00000274750,5.70E+07
H3C7,ENSG00000277775,5.70E+07
H3C8,ENSG00000273983,5.70E+07
H4C1,ENSG00000278637,9.70E+07
H4C11,ENSG00000197238,9.70E+07
H4C12,ENSG00000273542,9.70E+07
H4C13,ENSG00000275126,9.70E+07
H4C14,ENSG00000270882,9.70E+07
H4C15,ENSG00000270276,9.70E+07
H4C16,ENSG00000197837,9.70E+07
H4C2,ENSG00000278705,9.70E+07
H4C3,ENSG00000197061,9.70E+07
H4C4,ENSG00000277157,9.70E+07
H4C5,ENSG00000276966,9.70E+07
H4C6,ENSG00000274618,9.70E+07
H4C8,ENSG00000158406,9.70E+07
H4C9,ENSG00000276180,9.70E+07
H6PD,ENSG00000049239,7.40E+07
HAAO,ENSG00000162882,1.40E+06
HABP2,ENSG00000148702,8.10E+09
HACD3,ENSG00000074696,2.80E+04
HADH,ENSG00000138796,1.10E+06
HADHA,ENSG00000084754,5.10E+05
HADHB,ENSG00000138029,1.30E+05
HAGH,ENSG00000063854,2.20E+06
HAL,ENSG00000084110,7.10E+05
HAMP,ENSG00000105697,1.40E+07
HAO1,ENSG00000101323,3.10E+05
HAPLN1,ENSG00000145681,1.20E+05
HAPLN3,ENSG00000140511,6.00E+04
HARS1,ENSG00000170445,5.70E+05
HAT1,ENSG00000128708,1.80E+04
HAVCR2,ENSG00000135077,9.00E+06
HBA1,ENSG00000206172,3.40E+10
HBA2,ENSG00000188536,3.40E+10
HBB,ENSG00000244734,1.70E+10
HBD,ENSG00000223609,8.70E+09
HBE1,ENSG00000213931,6.10E+08
HBG1,ENSG00000213934,6.90E+09
HBG2,ENSG00000196565,7.00E+09
HBM,ENSG00000206177,1.30E+06
HBQ1,ENSG00000086506,1.20E+05
HBS1L,ENSG00000112339,4.80E+03
HBZ,ENSG00000130656,3.20E+08
HCFC1,ENSG00000172534,1.10E+04
HCK,ENSG00000101336,6.90E+04
HCLS1,ENSG00000180353,8.80E+05
HDAC1,ENSG00000116478,1.70E+05
HDAC11,ENSG00000163517,1.80E+05
HDAC2,ENSG00000196591,2.00E+05
HDDC2,ENSG00000111906,1.30E+04
HDDC3,ENSG00000184508,6.20E+03
HDGF,ENSG00000143321,1.30E+06
HDHD2,ENSG00000167220,1.30E+05
HDLBP,ENSG00000115677,5.30E+04
HEATR1,ENSG00000119285,1.50E+04
HEBP1,ENSG00000013583,6.60E+05
HEBP2,ENSG00000051620,1.40E+06
HEG1,ENSG00000173706,5.50E+07
HEPACAM2,ENSG00000188175,1.10E+05
HEPH,ENSG00000089472,1.00E+06
HEPHL1,ENSG00000181333,1.50E+08
HEXA,ENSG00000213614,8.40E+06
HEXB,ENSG00000049860,1.50E+07
HGD,ENSG00000113924,1.10E+06
HGF,ENSG00000019991,5.60E+06
HGFAC,ENSG00000109758,2.70E+09
HGS,ENSG00000185359,1.00E+04
HHIP,ENSG00000164161,2.80E+05
HHIPL1,ENSG00000182218,7.20E+04
HIBADH,ENSG00000106049,8.40E+05
HIBCH,ENSG00000198130,2.70E+05
HINT1,ENSG00000169567,1.50E+06
HINT2,ENSG00000137133,1.00E+05
HJV,ENSG00000168509,6.70E+04
HK1,ENSG00000156515,2.40E+06
HK2,ENSG00000159399,1.00E+05
HK3,ENSG00000160883,2.30E+06
HLA-A,ENSG00000206503,6.70E+07
HLA-B,ENSG00000234745,8.40E+07
HLA-C,ENSG00000204525,8.00E+07
HLA-DPA1,ENSG00000231389,3.00E+05
HLA-DPB1,ENSG00000223865,4.20E+05
HLA-DQA1,ENSG00000196735,6.10E+05
HLA-DRA,ENSG00000204287,1.50E+06
HLA-DRB1,ENSG00000196126,8.00E+05
HLA-E,ENSG00000204592,9.30E+06
HM13,ENSG00000101294,2.40E+04
HMBS,ENSG00000256269,5.10E+06
HMCN1,ENSG00000143341,7.40E+06
HMCN2,ENSG00000148357,1.20E+07
HMGA1,ENSG00000137309,8.80E+04
HMGB1,ENSG00000189403,1.50E+06
HMGB2,ENSG00000164104,8.30E+05
HMGCL,ENSG00000117305,4.00E+04
HMGCS1,ENSG00000112972,6.60E+05
HMGCS2,ENSG00000134240,1.80E+06
HMGN1,ENSG00000205581,1.80E+05
HMGN2,ENSG00000198830,3.20E+06
HMGN5,ENSG00000198157,1.70E+04
HMOX1,ENSG00000100292,5.80E+04
HNMT,ENSG00000150540,1.00E+05
HNRNPA0,ENSG00000177733,5.60E+04
HNRNPA1,ENSG00000135486,4.60E+06
HNRNPA2B1,ENSG00000122566,5.40E+06
HNRNPA3,ENSG00000170144,4.60E+05
HNRNPAB,ENSG00000197451,3.30E+05
HNRNPC,ENSG00000092199,1.20E+06
HNRNPD,ENSG00000138668,8.60E+05
HNRNPDL,ENSG00000152795,3.00E+05
HNRNPF,ENSG00000169813,6.20E+05
HNRNPH1,ENSG00000169045,8.50E+05
HNRNPH2,ENSG00000126945,3.80E+05
HNRNPH3,ENSG00000096746,5.60E+04
HNRNPK,ENSG00000165119,3.50E+06
HNRNPL,ENSG00000104824,1.00E+07
HNRNPM,ENSG00000099783,2.80E+05
HNRNPR,ENSG00000125944,2.70E+05
HNRNPU,ENSG00000153187,3.80E+06
HNRNPUL1,ENSG00000105323,2.10E+04
HNRNPUL2,ENSG00000214753,5.10E+04
HOGA1,ENSG00000241935,1.50E+04
HP,ENSG00000257017,2.60E+11
HP1BP3,ENSG00000127483,2.70E+04
HPCAL1,ENSG00000115756,3.70E+05
HPD,ENSG00000158104,1.50E+07
HPGD,ENSG00000164120,1.20E+04
HPGDS,ENSG00000163106,1.60E+05
HPN,ENSG00000105707,2.40E+07
HPR,ENSG00000261701,8.30E+10
HPRT1,ENSG00000165704,5.50E+06
HPSE,ENSG00000173083,8.90E+06
HPX,ENSG00000110169,2.70E+11
HRC,ENSG00000130528,1.70E+05
HRG,ENSG00000113905,4.30E+10
HRNR,ENSG00000197915,6.60E+08
HS1BP3,ENSG00000118960,2.10E+04
HS6ST1,ENSG00000136720,2.60E+05
HS6ST3,ENSG00000185352,4.40E+04
HSD11B1,ENSG00000117594,1.10E+05
HSD17B1,ENSG00000108786,5.20E+04
HSD17B10,ENSG00000072506,4.20E+05
HSD17B12,ENSG00000149084,6.90E+03
HSD17B4,ENSG00000133835,6.20E+05
HSD17B8,ENSG00000204228,8.40E+04
HSP90AA1,ENSG00000080824,1.10E+08
HSP90AB1,ENSG00000096384,9.60E+07
HSP90B1,ENSG00000166598,2.10E+08
HSPA13,ENSG00000155304,2.30E+06
HSPA1A,ENSG00000204389,1.00E+08
HSPA2,ENSG00000126803,8.90E+07
HSPA4,ENSG00000170606,1.30E+07
HSPA4L,ENSG00000164070,6.40E+05
HSPA5,ENSG00000044574,5.40E+08
HSPA6,ENSG00000173110,4.90E+07
HSPA8,ENSG00000109971,2.10E+08
HSPA9,ENSG00000113013,4.10E+06
HSPB1,ENSG00000106211,2.50E+07
HSPB11,ENSG00000081870,1.10E+05
HSPB6,ENSG00000004776,3.80E+05
HSPB7,ENSG00000173641,5.00E+04
HSPBP1,ENSG00000133265,1.10E+04
HSPD1,ENSG00000144381,6.60E+07
HSPE1,ENSG00000115541,2.00E+06
HSPG2,ENSG00000142798,4.70E+08
HSPH1,ENSG00000120694,1.00E+06
HTATSF1,ENSG00000102241,3.50E+03
HTRA1,ENSG00000166033,4.20E+06
HTRA2,ENSG00000115317,1.80E+05
HTRA4,ENSG00000169495,1.10E+04
HTT,ENSG00000197386,4.70E+05
HUWE1,ENSG00000086758,1.30E+05
HYAL1,ENSG00000114378,1.60E+06
HYOU1,ENSG00000149428,5.90E+07
HYPK,ENSG00000242028,1.50E+04
IAH1,ENSG00000134330,1.20E+05
IARS1,ENSG00000196305,1.50E+05
IARS2,ENSG00000067704,8.80E+04
ICAM1,ENSG00000090339,2.40E+08
ICAM2,ENSG00000108622,1.20E+08
ICAM3,ENSG00000076662,1.40E+07
ICAM5,ENSG00000105376,1.60E+05
ICOSLG,ENSG00000160223,3.20E+07
IDE,ENSG00000119912,3.30E+05
IDH1,ENSG00000138413,2.10E+07
IDH2,ENSG00000182054,4.10E+06
IDH3A,ENSG00000166411,1.60E+04
IDH3B,ENSG00000101365,4.20E+03
IDH3G,ENSG00000067829,9.40E+03
IDI1,ENSG00000067064,5.20E+04
IDS,ENSG00000010404,6.30E+06
IDUA,ENSG00000127415,8.60E+04
IFI30,ENSG00000216490,2.60E+05
IFI35,ENSG00000068079,4.50E+04
IFITM2,ENSG00000185201,4.00E+04
IFNAR1,ENSG00000142166,1.90E+05
IFNAR2,ENSG00000159110,7.00E+05
IGBP1,ENSG00000089289,3.40E+04
IGDCC4,ENSG00000103742,8.20E+06
IGF1,ENSG00000017427,1.20E+08
IGF1R,ENSG00000140443,6.80E+03
IGF2,ENSG00000167244,5.20E+08
IGF2BP1,ENSG00000159217,6.60E+03
IGF2BP3,ENSG00000136231,6.90E+03
IGF2R,ENSG00000197081,1.30E+08
IGFALS,ENSG00000099769,8.30E+09
IGFBP1,ENSG00000146678,2.70E+07
IGFBP2,ENSG00000115457,2.80E+08
IGFBP3,ENSG00000146674,1.40E+09
IGFBP4,ENSG00000141753,2.60E+08
IGFBP5,ENSG00000115461,1.70E+08
IGFBP6,ENSG00000167779,1.60E+08
IGFBP7,ENSG00000163453,4.30E+07
IGLL1,ENSG00000128322,1.20E+09
IGLL5,ENSG00000254709,2.20E+10
IGSF1,ENSG00000147255,5.40E+04
IGSF10,ENSG00000152580,1.50E+04
IGSF21,ENSG00000117154,2.70E+04
IGSF8,ENSG00000162729,3.20E+05
IHH,ENSG00000163501,2.30E+06
IL10RB,ENSG00000243646,1.70E+05
IL13RA1,ENSG00000131724,2.50E+06
IL16,ENSG00000172349,5.00E+03
IL17RA,ENSG00000177663,2.00E+04
IL17RC,ENSG00000163702,8.90E+03
IL18,ENSG00000150782,2.10E+04
IL18BP,ENSG00000137496,2.90E+06
IL1R1,ENSG00000115594,3.30E+05
IL1R2,ENSG00000115590,1.10E+07
IL1RAP,ENSG00000196083,1.30E+08
IL1RL1,ENSG00000115602,6.90E+06
IL1RN,ENSG00000136689,1.80E+06
IL27RA,ENSG00000104998,1.50E+05
IL2RA,ENSG00000134460,2.30E+05
IL2RG,ENSG00000147168,1.40E+04
IL36G,ENSG00000136688,3.80E+04
IL4R,ENSG00000077238,1.00E+04
IL5RA,ENSG00000091181,6.10E+04
IL6,ENSG00000136244,2.80E+05
IL6R,ENSG00000160712,4.40E+06
IL6ST,ENSG00000134352,4.80E+07
IL7R,ENSG00000168685,2.90E+05
ILF2,ENSG00000143621,1.80E+06
ILF3,ENSG00000129351,2.00E+06
ILK,ENSG00000166333,2.50E+07
ILKAP,ENSG00000132323,6.50E+03
IMMT,ENSG00000132305,7.10E+04
IMPA1,ENSG00000133731,3.70E+05
IMPDH2,ENSG00000178035,2.90E+05
INA,ENSG00000148798,6.00E+05
INAFM2,ENSG00000259330,8.50E+04
INF2,ENSG00000203485,1.40E+06
INHA,ENSG00000123999,2.60E+04
INHBA,ENSG00000122641,3.50E+05
INHBB,ENSG00000163083,9.80E+04
INHBC,ENSG00000175189,3.20E+07
INHBE,ENSG00000139269,3.90E+06
INPP1,ENSG00000151689,4.90E+04
INPP5D,ENSG00000168918,8.30E+05
INS,ENSG00000254647,4.10E+06
INSR,ENSG00000171105,1.30E+05
IPO4,ENSG00000196497,3.80E+04
IPO5,ENSG00000065150,7.70E+05
IPO7,ENSG00000205339,2.90E+05
IPO9,ENSG00000198700,1.30E+05
IQGAP1,ENSG00000140575,1.90E+06
IQGAP2,ENSG00000145703,1.70E+06
IRAG1,ENSG00000072952,1.20E+05
IRGQ,ENSG00000167378,3.30E+04
ISG15,ENSG00000187608,4.80E+05
ISLR,ENSG00000129009,2.70E+07
ISLR2,ENSG00000167178,1.20E+04
ISM1,ENSG00000101230,1.70E+04
ISM2,ENSG00000100593,9.00E+05
ISOC1,ENSG00000066583,1.50E+06
ISOC2,ENSG00000063241,1.30E+05
IST1,ENSG00000182149,3.30E+05
ISYNA1,ENSG00000105655,7.30E+03
ITFG1,ENSG00000129636,1.90E+04
ITGA1,ENSG00000213949,2.00E+06
ITGA11,ENSG00000137809,1.10E+05
ITGA2,ENSG00000164171,8.20E+06
ITGA2B,ENSG00000005961,1.50E+08
ITGA3,ENSG00000005884,4.70E+04
ITGA4,ENSG00000115232,1.40E+05
ITGA5,ENSG00000161638,4.00E+06
ITGA6,ENSG00000091409,3.40E+06
ITGA7,ENSG00000135424,1.10E+06
ITGA8,ENSG00000077943,1.60E+04
ITGA9,ENSG00000144668,5.60E+05
ITGAE,ENSG00000083457,9.40E+04
ITGAL,ENSG00000005844,4.40E+06
ITGAM,ENSG00000169896,7.30E+05
ITGAV,ENSG00000138448,2.50E+05
ITGB1,ENSG00000150093,6.90E+07
ITGB2,ENSG00000160255,5.10E+06
ITGB3,ENSG00000259207,7.40E+07
ITGB4,ENSG00000132470,1.60E+05
ITGB5,ENSG00000082781,2.40E+05
ITGB7,ENSG00000139626,3.90E+05
ITGBL1,ENSG00000198542,6.40E+04
ITIH1,ENSG00000055957,1.10E+11
ITIH2,ENSG00000151655,6.20E+10
ITIH3,ENSG00000162267,2.30E+10
ITIH4,ENSG00000055955,9.80E+10
ITLN1,ENSG00000179914,5.20E+06
ITM2B,ENSG00000136156,2.10E+06
ITM2C,ENSG00000135916,6.40E+03
ITPA,ENSG00000125877,5.00E+04
ITPKB,ENSG00000143772,1.10E+04
IVD,ENSG00000128928,5.60E+03
IVL,ENSG00000163207,2.90E+06
JAG1,ENSG00000101384,3.40E+06
JAG2,ENSG00000184916,2.40E+05
JAM2,ENSG00000154721,3.20E+04
JAM3,ENSG00000166086,3.30E+04
JAML,ENSG00000160593,1.00E+06
JCHAIN,ENSG00000132465,2.40E+09
JMJD6,ENSG00000070495,8.90E+03
JPT1,ENSG00000189159,4.10E+04
JPT2,ENSG00000206053,9.70E+04
JSRP1,ENSG00000167476,2.10E+04
JUP,ENSG00000173801,6.10E+07
KALRN,ENSG00000160145,4.50E+04
KARS1,ENSG00000065427,7.40E+04
KAZALD1,ENSG00000107821,4.50E+04
KCNE3,ENSG00000175538,1.00E+04
KCTD12,ENSG00000178695,4.70E+06
KDR,ENSG00000128052,2.30E+06
KERA,ENSG00000139330,2.10E+04
KHDRBS1,ENSG00000121774,5.20E+04
KHK,ENSG00000138030,8.40E+05
KHSRP,ENSG00000088247,2.10E+04
KIAA0319L,ENSG00000142687,3.70E+05
KIAA0513,ENSG00000135709,3.30E+04
KIAA1549,ENSG00000122778,1.90E+04
KIAA1549L,ENSG00000110427,2.00E+04
KIF2A,ENSG00000068796,3.50E+05
KIF5B,ENSG00000170759,1.40E+05
KIFBP,ENSG00000198954,1.60E+04
KIRREL1,ENSG00000183853,2.30E+05
KISS1,ENSG00000170498,5.90E+05
KIT,ENSG00000157404,3.30E+07
KITLG,ENSG00000049130,1.90E+05
KLB,ENSG00000134962,2.20E+05
KLC1,ENSG00000126214,6.90E+03
KLHL41,ENSG00000239474,1.20E+04
KLK1,ENSG00000167748,1.10E+07
KLK10,ENSG00000129451,5.90E+06
KLK11,ENSG00000167757,1.80E+07
KLK13,ENSG00000167759,8.00E+06
KLK3,ENSG00000142515,9.70E+06
KLK5,ENSG00000167754,1.30E+07
KLK6,ENSG00000167755,7.60E+06
KLK7,ENSG00000169035,7.30E+06
KLK8,ENSG00000129455,6.90E+06
KLKB1,ENSG00000164344,1.20E+10
KLRK1,ENSG00000213809,4.10E+04
KNG1,ENSG00000113889,4.90E+10
KPNA2,ENSG00000182481,1.70E+05
KPNA3,ENSG00000102753,1.50E+04
KPNA4,ENSG00000186432,8.70E+04
KPNA6,ENSG00000025800,2.80E+04
KPNB1,ENSG00000108424,3.40E+06
KPRP,ENSG00000203786,3.60E+07
KRAS,ENSG00000133703,2.20E+06
KREMEN1,ENSG00000183762,4.60E+05
KRT1,ENSG00000167768,1.00E+10
KRT10,ENSG00000186395,8.10E+09
KRT12,ENSG00000187242,3.70E+07
KRT13,ENSG00000171401,4.20E+08
KRT14,ENSG00000186847,1.10E+09
KRT15,ENSG00000171346,2.20E+08
KRT16,ENSG00000186832,9.50E+08
KRT17,ENSG00000128422,3.80E+08
KRT18,ENSG00000111057,3.90E+07
KRT19,ENSG00000171345,1.40E+08
KRT2,ENSG00000172867,3.50E+09
KRT20,ENSG00000171431,3.80E+07
KRT23,ENSG00000108244,1.20E+06
KRT27,ENSG00000171446,4.70E+08
KRT3,ENSG00000186442,2.80E+08
KRT31,ENSG00000094796,6.50E+07
KRT32,ENSG00000108759,3.80E+07
KRT33A,ENSG00000006059,1.70E+07
KRT33B,ENSG00000131738,5.80E+07
KRT34,ENSG00000131737,1.70E+07
KRT35,ENSG00000197079,3.60E+07
KRT36,ENSG00000126337,3.20E+07
KRT38,ENSG00000171360,3.70E+07
KRT39,ENSG00000196859,2.70E+05
KRT4,ENSG00000170477,1.70E+08
KRT40,ENSG00000204889,1.10E+06
KRT5,ENSG00000186081,1.30E+09
KRT6A,ENSG00000205420,1.40E+09
KRT6B,ENSG00000185479,1.60E+09
KRT6C,ENSG00000170465,1.40E+09
KRT7,ENSG00000135480,1.30E+08
KRT71,ENSG00000139648,6.00E+07
KRT74,ENSG00000170484,8.80E+07
KRT75,ENSG00000170454,3.50E+08
KRT76,ENSG00000185069,2.70E+08
KRT77,ENSG00000189182,4.00E+08
KRT78,ENSG00000170423,1.00E+08
KRT79,ENSG00000185640,3.20E+08
KRT8,ENSG00000170421,2.80E+08
KRT80,ENSG00000167767,6.30E+07
KRT81,ENSG00000205426,3.80E+07
KRT82,ENSG00000161850,4.60E+06
KRT83,ENSG00000170523,3.80E+07
KRT84,ENSG00000161849,4.20E+07
KRT85,ENSG00000135443,2.90E+07
KRT86,ENSG00000170442,3.50E+07
KRT9,ENSG00000171403,7.90E+09
KRTAP10-10,ENSG00000221859,1.10E+05
KRTAP10-11,ENSG00000243489,1.10E+05
KRTAP10-12,ENSG00000189169,2.40E+04
KRTAP11-1,ENSG00000182591,1.30E+05
KRTAP3-1,ENSG00000212901,2.60E+05
KRTAP4-3,ENSG00000196156,3.00E+05
KRTAP4-4,ENSG00000171396,1.00E+05
KRTDAP,ENSG00000188508,1.30E+07
KTN1,ENSG00000126777,3.60E+04
KYAT1,ENSG00000171097,1.10E+04
KYNU,ENSG00000115919,5.50E+05
L1CAM,ENSG00000198910,1.30E+07
L3HYPDH,ENSG00000126790,2.80E+04
LACRT,ENSG00000135413,3.30E+05
LACTB2,ENSG00000147592,9.30E+04
LAG3,ENSG00000089692,8.70E+03
LAIR1,ENSG00000167613,2.20E+05
LALBA,ENSG00000167531,1.80E+05
LAMA2,ENSG00000196569,4.60E+07
LAMA3,ENSG00000053747,1.30E+06
LAMA4,ENSG00000112769,5.00E+05
LAMA5,ENSG00000130702,1.70E+06
LAMB1,ENSG00000091136,8.20E+07
LAMB2,ENSG00000172037,1.60E+07
LAMB3,ENSG00000196878,9.10E+03
LAMC1,ENSG00000135862,4.00E+07
LAMC2,ENSG00000058085,2.70E+04
LAMC3,ENSG00000050555,1.80E+05
LAMP1,ENSG00000185896,5.10E+07
LAMP2,ENSG00000005893,3.70E+07
LAMTOR1,ENSG00000149357,5.90E+04
LAMTOR2,ENSG00000116586,8.00E+03
LAMTOR3,ENSG00000109270,1.20E+04
LAMTOR4,ENSG00000188186,9.80E+03
LAMTOR5,ENSG00000134248,3.10E+04
LANCL1,ENSG00000115365,2.20E+04
LANCL2,ENSG00000132434,1.60E+04
LAP3,ENSG00000002549,8.00E+06
LARP1,ENSG00000155506,2.40E+04
LARS1,ENSG00000133706,7.80E+04
LASP1,ENSG00000002834,1.40E+07
LAT,ENSG00000213658,9.30E+04
LAYN,ENSG00000204381,1.10E+05
LBP,ENSG00000129988,4.00E+09
LCAT,ENSG00000213398,1.10E+09
LCN1,ENSG00000160349,5.10E+06
LCN2,ENSG00000148346,1.20E+08
LCP1,ENSG00000136167,7.70E+08
LCP2,ENSG00000043462,1.30E+06
LDB3,ENSG00000122367,4.40E+05
LDHA,ENSG00000134333,1.60E+08
LDHB,ENSG00000111716,3.90E+08
LDLR,ENSG00000130164,1.10E+07
LEAP2,ENSG00000164406,1.60E+06
LECT2,ENSG00000145826,1.90E+06
LEFTY2,ENSG00000143768,6.10E+03
LEP,ENSG00000174697,3.80E+06
LEPR,ENSG00000116678,3.30E+06
LETM1,ENSG00000168924,6.80E+03
LFNG,ENSG00000106003,3.90E+05
LGALS1,ENSG00000100097,1.40E+07
LGALS3,ENSG00000131981,1.80E+06
LGALS3BP,ENSG00000108679,2.70E+09
LGALS4,ENSG00000171747,1.10E+05
LGALS7,ENSG00000205076,5.80E+06
LGALS7B,ENSG00000178934,5.80E+06
LGALS9,ENSG00000168961,1.60E+04
LGALSL,ENSG00000119862,6.40E+06
LGMN,ENSG00000100600,7.50E+05
LHPP,ENSG00000107902,2.80E+05
LIFR,ENSG00000113594,2.00E+05
LIG1,ENSG00000105486,3.40E+03
LILRA1,ENSG00000104974,6.50E+06
LILRA2,ENSG00000239998,1.80E+07
LILRA4,ENSG00000239961,3.80E+06
LILRA5,ENSG00000187116,9.50E+05
LILRA6,ENSG00000244482,6.20E+06
LILRB2,ENSG00000131042,2.30E+07
LILRB3,ENSG00000204577,5.00E+06
LILRB4,ENSG00000186818,2.10E+05
LILRB5,ENSG00000105609,1.40E+07
LIMA1,ENSG00000050405,4.70E+04
LIMCH1,ENSG00000064042,3.10E+03
LIMS1,ENSG00000169756,2.00E+07
LINGO1,ENSG00000169783,1.00E+04
LIPA,ENSG00000107798,3.30E+05
LIPC,ENSG00000166035,1.30E+07
LIPG,ENSG00000101670,7.60E+05
LMAN1,ENSG00000074695,8.60E+06
LMAN2,ENSG00000169223,2.90E+07
LMCD1,ENSG00000071282,5.70E+03
LMNA,ENSG00000160789,8.00E+06
LMNB1,ENSG00000113368,8.60E+05
LMNB2,ENSG00000176619,7.90E+04
LMO7,ENSG00000136153,4.50E+03
LNPEP,ENSG00000113441,8.90E+06
LONP1,ENSG00000196365,5.20E+04
LORICRIN,ENSG00000203782,1.70E+06
LOX,ENSG00000113083,2.80E+05
LOXL1,ENSG00000129038,1.30E+05
LOXL3,ENSG00000115318,5.40E+05
LOXL4,ENSG00000138131,5.40E+06
LPA,ENSG00000198670,1.20E+10
LPL,ENSG00000175445,3.20E+07
LPP,ENSG00000145012,2.30E+05
LRBA,ENSG00000198589,1.80E+05
LRG1,ENSG00000171236,1.20E+10
LRIG1,ENSG00000144749,4.70E+04
LRIG2,ENSG00000198799,5.00E+05
LRP1,ENSG00000123384,2.20E+08
LRP11,ENSG00000120256,7.40E+05
LRP1B,ENSG00000168702,9.80E+04
LRP2,ENSG00000081479,6.70E+05
LRP5,ENSG00000162337,9.20E+06
LRP6,ENSG00000070018,4.60E+05
LRP8,ENSG00000157193,2.00E+07
LRPPRC,ENSG00000138095,2.90E+05
LRRC15,ENSG00000172061,6.40E+05
LRRC19,ENSG00000184434,2.30E+05
LRRC25,ENSG00000175489,3.70E+04
LRRC32,ENSG00000137507,3.00E+04
LRRC4,ENSG00000128594,7.30E+05
LRRC47,ENSG00000130764,1.40E+04
LRRC4B,ENSG00000131409,1.10E+06
LRRC57,ENSG00000180979,1.20E+04
LRRC59,ENSG00000108829,4.00E+06
LRRC70,ENSG00000186105,1.70E+04
LRRFIP1,ENSG00000124831,6.00E+05
LRRFIP2,ENSG00000093167,2.50E+05
LRRN1,ENSG00000175928,1.60E+06
LRRN4,ENSG00000125872,2.10E+04
LSAMP,ENSG00000185565,1.80E+07
LSM14A,ENSG00000257103,9.10E+03
LSM2,ENSG00000204392,9.10E+04
LSM3,ENSG00000170860,9.60E+04
LSM6,ENSG00000164167,1.30E+04
LSM8,ENSG00000128534,4.70E+04
LSP1,ENSG00000130592,7.80E+05
LSR,ENSG00000105699,3.50E+06
LTA4H,ENSG00000111144,6.20E+07
LTBP1,ENSG00000049323,1.60E+08
LTBP2,ENSG00000119681,1.60E+07
LTBP3,ENSG00000168056,1.70E+07
LTBP4,ENSG00000090006,5.40E+06
LTBR,ENSG00000111321,1.30E+04
LTF,ENSG00000012223,4.70E+08
LUC7L2,ENSG00000146963,2.00E+05
LUC7L3,ENSG00000108848,7.70E+03
LUM,ENSG00000139329,1.10E+10
LVRN,ENSG00000172901,3.80E+03
LXN,ENSG00000079257,8.80E+05
LY6D,ENSG00000167656,7.20E+04
LY6E,ENSG00000160932,4.00E+05
LY6G6F,ENSG00000204424,7.60E+05
LY6H,ENSG00000176956,6.00E+04
LY75,ENSG00000054219,6.70E+05
LY86,ENSG00000112799,3.90E+04
LY9,ENSG00000122224,2.50E+04
LY96,ENSG00000154589,7.60E+04
LYN,ENSG00000254087,3.50E+05
LYNX1,ENSG00000180155,4.10E+05
LYPD3,ENSG00000124466,2.50E+06
LYPLA1,ENSG00000120992,2.80E+05
LYPLA2,ENSG00000011009,5.90E+04
LYPLAL1,ENSG00000143353,1.00E+04
LYVE1,ENSG00000133800,2.30E+08
LYZ,ENSG00000090382,6.90E+08
LZIC,ENSG00000162441,3.10E+05
M6PR,ENSG00000003056,6.70E+04
MACF1,ENSG00000127603,3.50E+03
MACROD1,ENSG00000133315,8.50E+03
MACROH2A1,ENSG00000113648,4.70E+06
MACROH2A2,ENSG00000099284,5.10E+05
MAD2L1,ENSG00000164109,1.80E+04
MADCAM1,ENSG00000099866,2.80E+06
MAGEA4,ENSG00000147381,1.40E+04
MAGED2,ENSG00000102316,3.30E+04
MALRD1,ENSG00000204740,4.70E+03
MAMDC2,ENSG00000165072,4.00E+03
MAN1A1,ENSG00000111885,3.30E+08
MAN1A2,ENSG00000198162,2.50E+06
MAN1B1,ENSG00000177239,4.70E+05
MAN1C1,ENSG00000117643,1.30E+06
MAN2A1,ENSG00000112893,8.50E+07
MAN2A2,ENSG00000196547,1.40E+07
MAN2B1,ENSG00000104774,1.80E+06
MAN2B2,ENSG00000013288,3.60E+06
MAN2C1,ENSG00000140400,5.60E+03
MANBA,ENSG00000109323,1.30E+07
MANEA,ENSG00000172469,5.50E+04
MANEAL,ENSG00000185090,1.70E+04
MANF,ENSG00000145050,6.40E+06
MANSC1,ENSG00000111261,1.60E+06
MAOB,ENSG00000069535,5.60E+04
MAP1A,ENSG00000166963,2.80E+04
MAP1B,ENSG00000131711,1.10E+05
MAP1S,ENSG00000130479,9.30E+03
MAP2K1,ENSG00000169032,1.10E+05
MAP2K2,ENSG00000126934,1.30E+05
MAP2K3,ENSG00000034152,1.80E+04
MAP4,ENSG00000047849,6.00E+05
MAPK1,ENSG00000100030,2.70E+05
MAPK14,ENSG00000112062,6.50E+05
MAPK3,ENSG00000102882,9.20E+04
MAPRE1,ENSG00000101367,4.50E+06
MAPRE2,ENSG00000166974,8.20E+06
MAPT,ENSG00000186868,8.20E+04
MARCKS,ENSG00000277443,8.50E+06
MARCKSL1,ENSG00000175130,4.20E+05
MARCO,ENSG00000019169,8.90E+06
MARS1,ENSG00000166986,4.40E+04
MASP1,ENSG00000127241,2.20E+09
MASP2,ENSG00000009724,6.00E+08
MAT1A,ENSG00000151224,1.20E+06
MAT2A,ENSG00000168906,9.50E+05
MAT2B,ENSG00000038274,3.70E+05
MATN2,ENSG00000132561,1.30E+06
MATN3,ENSG00000132031,3.40E+05
MATN4,ENSG00000124159,1.10E+04
MATR3,ENSG00000015479,2.70E+05
MAVS,ENSG00000088888,2.00E+05
MB,ENSG00000198125,7.30E+07
MBL2,ENSG00000165471,7.80E+08
MBNL1,ENSG00000152601,1.00E+04
MBP,ENSG00000197971,6.50E+05
MBTPS1,ENSG00000140943,6.60E+03
MCAM,ENSG00000076706,2.00E+08
MCCC1,ENSG00000078070,7.70E+03
MCEE,ENSG00000124370,1.50E+04
MCFD2,ENSG00000180398,5.30E+05
MCM2,ENSG00000073111,1.60E+05
MCM3,ENSG00000112118,5.20E+04
MCM4,ENSG00000104738,8.50E+04
MCM5,ENSG00000100297,6.80E+04
MCM6,ENSG00000076003,1.80E+05
MCM7,ENSG00000166508,6.20E+04
MCTS1,ENSG00000232119,1.00E+05
MCU,ENSG00000156026,3.70E+04
MDGA1,ENSG00000112139,2.50E+05
MDH1,ENSG00000014641,3.20E+07
MDH2,ENSG00000146701,8.10E+06
MDK,ENSG00000110492,5.30E+07
ME1,ENSG00000065833,3.00E+06
ME2,ENSG00000082212,2.30E+05
MEAK7,ENSG00000140950,9.60E+03
MEGF10,ENSG00000145794,8.10E+06
MEGF6,ENSG00000162591,2.50E+05
MEGF8,ENSG00000105429,8.80E+07
MEGF9,ENSG00000106780,8.50E+06
MELTF,ENSG00000163975,1.30E+08
MEMO1,ENSG00000162959,1.50E+04
MEP1A,ENSG00000112818,1.00E+06
MEP1B,ENSG00000141434,2.90E+05
MEPE,ENSG00000152595,1.70E+06
MERTK,ENSG00000153208,8.40E+06
MESD,ENSG00000117899,9.30E+06
MET,ENSG00000105976,2.80E+07
METAP1,ENSG00000164024,4.30E+04
METAP2,ENSG00000111142,3.50E+04
METRNL,ENSG00000176845,4.90E+05
METTL7A,ENSG00000185432,8.70E+03
MFAP2,ENSG00000117122,4.00E+04
MFAP4,ENSG00000166482,1.50E+07
MFAP5,ENSG00000197614,9.70E+05
MFF,ENSG00000168958,1.50E+04
MFGE8,ENSG00000140545,1.90E+04
MFNG,ENSG00000100060,6.00E+04
MGAM,ENSG00000257335,1.40E+06
MGAT1,ENSG00000131446,6.90E+06
MGAT2,ENSG00000168282,2.20E+06
MGAT3,ENSG00000128268,1.60E+05
MGAT4B,ENSG00000161013,2.50E+04
MGAT5,ENSG00000152127,5.30E+05
MGLL,ENSG00000074416,1.10E+05
MGP,ENSG00000111341,2.00E+07
MGST1,ENSG00000008394,3.40E+04
MGST2,ENSG00000085871,1.10E+04
MGST3,ENSG00000143198,3.30E+05
MIA,ENSG00000261857,1.90E+04
MIA3,ENSG00000154305,4.40E+06
MICOS10,ENSG00000173436,2.80E+04
MIEN1,ENSG00000141741,6.50E+04
MIF,ENSG00000240972,2.50E+06
MILR1,ENSG00000271605,9.90E+04
MINDY1,ENSG00000143409,5.50E+04
MINDY3,ENSG00000148481,1.10E+04
MINPP1,ENSG00000107789,1.30E+08
MIX23,ENSG00000160124,2.20E+04
MLEC,ENSG00000110917,5.10E+05
MLH1,ENSG00000076242,3.80E+03
MLN,ENSG00000096395,8.30E+04
MLYCD,ENSG00000103150,1.80E+04
MMAB,ENSG00000139428,4.30E+04
MME,ENSG00000196549,4.70E+05
MMP1,ENSG00000196611,5.60E+04
MMP11,ENSG00000099953,1.20E+06
MMP14,ENSG00000157227,6.30E+05
MMP19,ENSG00000123342,3.00E+06
MMP2,ENSG00000087245,1.60E+08
MMP25,ENSG00000008516,5.00E+03
MMP3,ENSG00000149968,7.10E+05
MMP7,ENSG00000137673,4.30E+04
MMP8,ENSG00000118113,3.00E+06
MMP9,ENSG00000100985,6.50E+07
MMRN1,ENSG00000138722,1.50E+08
MMRN2,ENSG00000173269,2.80E+07
MMUT,ENSG00000146085,1.10E+05
MNDA,ENSG00000163563,5.70E+05
MOGS,ENSG00000115275,1.10E+06
MPI,ENSG00000178802,1.60E+05
MPIG6B,ENSG00000204420,3.60E+05
MPO,ENSG00000005381,8.10E+07
MPP1,ENSG00000130830,3.70E+05
MPRIP,ENSG00000133030,7.70E+03
MPST,ENSG00000128309,3.60E+06
MRC1,ENSG00000260314,1.30E+08
MRC2,ENSG00000011028,2.40E+07
MRE11,ENSG00000020922,4.00E+03
MRI1,ENSG00000037757,1.30E+04
MRPL1,ENSG00000169288,1.80E+04
MRPL12,ENSG00000262814,4.10E+05
MSH2,ENSG00000095002,1.80E+04
MSH6,ENSG00000116062,9.40E+03
MSLN,ENSG00000102854,9.40E+06
MSMB,ENSG00000263639,3.10E+06
MSMP,ENSG00000215183,1.40E+04
MSN,ENSG00000147065,1.30E+08
MSR1,ENSG00000038945,4.10E+04
MSRA,ENSG00000175806,4.00E+04
MSTN,ENSG00000138379,3.10E+06
MT-CO2,ENSG00000198712,4.40E+05
MT1F,ENSG00000198417,2.40E+05
MT1X,ENSG00000187193,4.00E+06
MT2A,ENSG00000125148,4.10E+06
MTA2,ENSG00000149480,7.80E+03
MTAP,ENSG00000099810,1.50E+06
MTCH2,ENSG00000109919,1.00E+05
MTDH,ENSG00000147649,8.00E+04
MTHFD1,ENSG00000100714,1.60E+06
MTHFD1L,ENSG00000120254,4.30E+04
MTPN,ENSG00000105887,1.50E+07
MTREX,ENSG00000039123,7.90E+03
MTSS1,ENSG00000170873,5.40E+04
MTTP,ENSG00000138823,7.30E+05
MTURN,ENSG00000180354,5.80E+04
MTX2,ENSG00000128654,2.10E+04
MUC1,ENSG00000185499,2.10E+06
MUC16,ENSG00000181143,1.40E+05
MUC20,ENSG00000176945,3.10E+05
MUC5AC,ENSG00000215182,1.00E+06
MUC5B,ENSG00000117983,5.30E+06
MUC6,ENSG00000184956,4.00E+04
MUC7,ENSG00000171195,2.80E+04
MUCL1,ENSG00000172551,8.80E+05
MUSTN1,ENSG00000272573,8.80E+04
MVD,ENSG00000167508,2.50E+05
MVP,ENSG00000013364,2.80E+05
MXRA5,ENSG00000101825,1.80E+06
MXRA7,ENSG00000182534,4.50E+04
MXRA8,ENSG00000162576,5.30E+05
MYADM,ENSG00000179820,4.90E+04
MYBBP1A,ENSG00000132382,4.90E+04
MYBPC1,ENSG00000196091,2.10E+05
MYBPC2,ENSG00000086967,1.90E+05
MYBPC3,ENSG00000134571,1.70E+04
MYCT1,ENSG00000120279,5.30E+04
MYDGF,ENSG00000074842,2.70E+06
MYG1,ENSG00000139637,1.50E+04
MYH1,ENSG00000109061,1.70E+07
MYH10,ENSG00000133026,4.10E+07
MYH11,ENSG00000133392,3.70E+07
MYH13,ENSG00000006788,1.10E+07
MYH14,ENSG00000105357,2.60E+07
MYH2,ENSG00000125414,1.70E+07
MYH3,ENSG00000109063,6.20E+06
MYH4,ENSG00000264424,1.40E+07
MYH6,ENSG00000197616,9.10E+06
MYH7,ENSG00000092054,1.40E+07
MYH7B,ENSG00000078814,1.20E+06
MYH8,ENSG00000133020,1.10E+07
MYH9,ENSG00000100345,6.30E+08
MYL1,ENSG00000168530,1.00E+07
MYL10,ENSG00000106436,1.80E+04
MYL11,ENSG00000180209,8.60E+05
MYL12A,ENSG00000101608,3.90E+07
MYL2,ENSG00000111245,1.10E+05
MYL3,ENSG00000160808,7.10E+06
MYL4,ENSG00000198336,2.50E+05
MYL6,ENSG00000092841,6.70E+07
MYL6B,ENSG00000196465,1.30E+07
MYL9,ENSG00000101335,2.40E+07
MYLK,ENSG00000065534,2.30E+06
MYO18A,ENSG00000196535,3.10E+03
MYO1B,ENSG00000128641,1.30E+04
MYO1C,ENSG00000197879,7.20E+04
MYO1E,ENSG00000157483,5.60E+03
MYO1F,ENSG00000142347,1.20E+04
MYO1G,ENSG00000136286,3.70E+04
MYOC,ENSG00000034971,1.50E+07
MYOF,ENSG00000138119,6.20E+04
MYOM1,ENSG00000101605,1.30E+04
MYOM2,ENSG00000036448,2.80E+05
MYOM3,ENSG00000142661,7.50E+05
MYOT,ENSG00000120729,3.50E+03
MYOZ1,ENSG00000177791,5.30E+04
MYRF,ENSG00000124920,2.10E+05
MZB1,ENSG00000170476,2.60E+05
NAA15,ENSG00000164134,5.90E+04
NACA,ENSG00000196531,1.60E+06
NADK2,ENSG00000152620,3.10E+04
NADSYN1,ENSG00000172890,8.10E+03
NAE1,ENSG00000159593,1.40E+05
NAGA,ENSG00000198951,1.50E+06
NAGK,ENSG00000124357,6.40E+05
NAGLU,ENSG00000108784,6.40E+07
NAGPA,ENSG00000103174,3.10E+06
NAMPT,ENSG00000105835,1.60E+06
NANS,ENSG00000095380,2.90E+05
NAP1L1,ENSG00000187109,1.30E+07
NAP1L4,ENSG00000205531,3.80E+06
NAPA,ENSG00000105402,1.50E+06
NAPRT,ENSG00000147813,2.40E+06
NAPSA,ENSG00000131400,4.50E+04
NARS1,ENSG00000134440,5.70E+04
NASP,ENSG00000132780,3.20E+05
NAT10,ENSG00000135372,5.40E+04
NAXD,ENSG00000213995,2.10E+05
NAXE,ENSG00000163382,1.20E+06
NBEAL2,ENSG00000160796,1.20E+04
NBL1,ENSG00000158747,2.30E+06
NCALD,ENSG00000104490,6.60E+04
NCAM1,ENSG00000149294,3.00E+08
NCAM2,ENSG00000154654,3.00E+07
NCAN,ENSG00000130287,1.40E+06
NCAPD2,ENSG00000010292,2.20E+04
NCAPG,ENSG00000109805,2.10E+04
NCBP1,ENSG00000136937,1.10E+04
NCCRP1,ENSG00000188505,8.90E+05
NCF1,ENSG00000158517,5.50E+04
NCF2,ENSG00000116701,4.80E+03
NCF4,ENSG00000100365,1.10E+04
NCK2,ENSG00000071051,2.60E+05
NCKAP1,ENSG00000061676,1.50E+04
NCKAP1L,ENSG00000123338,2.20E+04
NCKIPSD,ENSG00000213672,3.30E+04
NCL,ENSG00000115053,1.90E+06
NCLN,ENSG00000125912,4.20E+03
NCOA5,ENSG00000124160,8.50E+03
NCR3LG1,ENSG00000188211,1.90E+04
NCS1,ENSG00000107130,1.70E+04
NCSTN,ENSG00000162736,1.20E+05
NDNF,ENSG00000173376,1.30E+05
NDRG1,ENSG00000104419,1.20E+05
NDRG2,ENSG00000165795,4.70E+05
NDRG3,ENSG00000101079,9.70E+03
NDST1,ENSG00000070614,9.40E+05
NDST2,ENSG00000166507,1.30E+05
NDUFA4,ENSG00000189043,1.40E+04
NDUFA5,ENSG00000128609,1.50E+04
NDUFA8,ENSG00000119421,9.30E+03
NDUFAB1,ENSG00000004779,2.60E+04
NDUFC2,ENSG00000151366,1.80E+04
NDUFS1,ENSG00000023228,4.40E+04
NDUFS2,ENSG00000158864,3.70E+04
NDUFS3,ENSG00000213619,1.30E+04
NDUFS7,ENSG00000115286,9.70E+03
NDUFV1,ENSG00000167792,8.70E+04
NEB,ENSG00000183091,8.60E+04
NECTIN1,ENSG00000110400,6.60E+06
NECTIN2,ENSG00000130202,4.30E+06
NECTIN3,ENSG00000177707,3.50E+06
NECTIN4,ENSG00000143217,2.30E+06
NEDD8,ENSG00000129559,1.10E+06
NEFL,ENSG00000277586,7.20E+05
NEFM,ENSG00000104722,8.00E+05
NEGR1,ENSG00000172260,1.40E+07
NEK9,ENSG00000119638,4.20E+03
NELL1,ENSG00000165973,6.00E+03
NELL2,ENSG00000184613,4.10E+06
NEMF,ENSG00000165525,6.30E+03
NENF,ENSG00000117691,5.00E+06
NEO1,ENSG00000067141,6.50E+07
NES,ENSG00000132688,5.10E+04
NEU1,ENSG00000204386,1.80E+05
NEXN,ENSG00000162614,4.50E+06
NFASC,ENSG00000163531,2.70E+05
NGFR,ENSG00000064300,4.60E+06
NHEJ1,ENSG00000187736,1.10E+04
NHLRC2,ENSG00000196865,1.40E+05
NHLRC3,ENSG00000188811,4.60E+05
NIBAN1,ENSG00000135842,1.70E+05
NIBAN2,ENSG00000136830,9.80E+05
NID1,ENSG00000116962,1.80E+08
NID2,ENSG00000087303,6.90E+06
NIF3L1,ENSG00000196290,6.00E+06
NIPSNAP1,ENSG00000184117,1.50E+04
NIPSNAP3A,ENSG00000136783,1.80E+04
NIT1,ENSG00000158793,7.70E+04
NIT2,ENSG00000114021,2.30E+06
NLGN1,ENSG00000169760,7.90E+04
NLN,ENSG00000123213,2.90E+04
NME1,ENSG00000239672,1.50E+07
NME2,ENSG00000243678,1.40E+07
NME3,ENSG00000103024,2.00E+06
NMI,ENSG00000123609,1.60E+04
NMT1,ENSG00000136448,1.80E+05
NNMT,ENSG00000166741,3.60E+05
NNT,ENSG00000112992,1.20E+05
NOB1,ENSG00000141101,5.70E+03
NOC2L,ENSG00000188976,9.10E+04
NOL3,ENSG00000140939,9.70E+03
NOLC1,ENSG00000166197,8.70E+03
NONO,ENSG00000147140,4.30E+06
NOP56,ENSG00000101361,1.00E+04
NOP58,ENSG00000055044,3.70E+04
NOTCH1,ENSG00000148400,9.90E+06
NOTCH2,ENSG00000134250,2.60E+07
NOTCH3,ENSG00000074181,1.50E+07
NOTCH4,ENSG00000204301,3.00E+07
NOTUM,ENSG00000185269,2.00E+06
NPC1,ENSG00000141458,8.00E+03
NPC2,ENSG00000119655,1.40E+07
NPDC1,ENSG00000107281,2.50E+05
NPEPL1,ENSG00000215440,8.70E+03
NPEPPS,ENSG00000141279,4.30E+06
NPL,ENSG00000135838,1.50E+05
NPM1,ENSG00000181163,2.30E+06
NPM3,ENSG00000107833,2.30E+04
NPNT,ENSG00000168743,2.90E+05
NPPA,ENSG00000175206,1.30E+06
NPPB,ENSG00000120937,4.00E+05
NPTN,ENSG00000156642,1.10E+04
NPTX1,ENSG00000171246,3.70E+05
NPTX2,ENSG00000106236,2.20E+05
NPTXR,ENSG00000221890,2.60E+05
NPW,ENSG00000183971,7.00E+06
NPY,ENSG00000122585,1.80E+04
NQO1,ENSG00000181019,1.00E+05
NQO2,ENSG00000124588,4.60E+06
NRBP1,ENSG00000115216,3.30E+04
NRCAM,ENSG00000091129,3.90E+07
NRDC,ENSG00000078618,2.10E+04
NRGN,ENSG00000154146,4.70E+06
NRN1,ENSG00000124785,4.30E+04
NRP1,ENSG00000099250,2.70E+08
NRP2,ENSG00000118257,2.80E+07
NRXN1,ENSG00000179915,1.10E+06
NRXN2,ENSG00000110076,2.00E+06
NRXN3,ENSG00000021645,5.40E+05
NSF,ENSG00000073969,8.80E+04
NSFL1C,ENSG00000088833,4.30E+06
NSUN2,ENSG00000037474,5.40E+04
NT5C,ENSG00000125458,3.00E+05
NT5C2,ENSG00000076685,8.00E+03
NT5C3A,ENSG00000122643,2.30E+04
NT5DC1,ENSG00000178425,1.50E+05
NT5E,ENSG00000135318,9.60E+05
NTM,ENSG00000182667,3.30E+06
NTN1,ENSG00000065320,2.20E+06
NTRK2,ENSG00000148053,1.70E+06
NTRK3,ENSG00000140538,6.90E+05
NTS,ENSG00000133636,1.10E+06
NUCB1,ENSG00000104805,4.60E+07
NUCB2,ENSG00000070081,8.30E+05
NUCKS1,ENSG00000069275,1.40E+05
NUDC,ENSG00000090273,3.80E+05
NUDCD1,ENSG00000120526,1.10E+04
NUDCD2,ENSG00000170584,1.80E+04
NUDT1,ENSG00000106268,5.20E+04
NUDT16,ENSG00000198585,2.70E+04
NUDT19,ENSG00000213965,9.70E+03
NUDT2,ENSG00000164978,2.70E+04
NUDT21,ENSG00000167005,1.30E+05
NUDT3,ENSG00000272325,5.10E+04
NUDT5,ENSG00000165609,2.00E+06
NUDT9,ENSG00000170502,4.20E+04
NUFIP2,ENSG00000108256,2.50E+04
NUMA1,ENSG00000137497,9.20E+04
NUP107,ENSG00000111581,4.50E+03
NUP133,ENSG00000069248,2.40E+04
NUP155,ENSG00000113569,4.40E+04
NUP160,ENSG00000030066,3.90E+04
NUP188,ENSG00000095319,6.70E+03
NUP205,ENSG00000155561,8.10E+04
NUP210,ENSG00000132182,5.70E+04
NUP88,ENSG00000108559,4.70E+03
NUP93,ENSG00000102900,6.30E+04
NUP98,ENSG00000110713,6.50E+03
NUTF2,ENSG00000102898,2.70E+06
NXPE3,ENSG00000144815,6.00E+03
OAF,ENSG00000184232,4.20E+07
OGA,ENSG00000198408,7.00E+03
OGDH,ENSG00000105953,9.10E+04
OGFOD3,ENSG00000181396,1.80E+04
OGFR,ENSG00000060491,3.20E+04
OGN,ENSG00000106809,2.80E+07
OGT,ENSG00000147162,3.60E+03
OIT3,ENSG00000138315,4.70E+07
OLA1,ENSG00000138430,1.70E+06
OLFM1,ENSG00000130558,1.20E+08
OLFM2,ENSG00000105088,3.20E+06
OLFM4,ENSG00000102837,8.40E+05
OLFML1,ENSG00000183801,2.50E+05
OLFML2A,ENSG00000185585,3.00E+05
OLFML2B,ENSG00000162745,4.20E+04
OLFML3,ENSG00000116774,3.10E+06
OMD,ENSG00000127083,2.20E+07
OPA1,ENSG00000198836,7.90E+03
OPCML,ENSG00000183715,1.30E+06
OPLAH,ENSG00000178814,1.20E+04
OPRPN,ENSG00000171199,3.30E+04
OPTN,ENSG00000123240,2.40E+06
ORM1,ENSG00000229314,6.60E+10
ORM2,ENSG00000228278,3.60E+10
OS9,ENSG00000135506,4.10E+04
OSBP,ENSG00000110048,3.40E+04
OSCAR,ENSG00000170909,8.80E+06
OSMR,ENSG00000145623,8.90E+06
OSTF1,ENSG00000134996,4.30E+05
OSTM1,ENSG00000081087,7.70E+04
OTC,ENSG00000036473,4.40E+06
OTOA,ENSG00000155719,3.30E+04
OTUB1,ENSG00000167770,1.20E+06
OTULIN,ENSG00000154124,3.90E+03
OXCT1,ENSG00000083720,6.60E+05
OXR1,ENSG00000164830,6.50E+03
OXSM,ENSG00000151093,1.00E+04
OXSR1,ENSG00000172939,2.70E+05
OXT,ENSG00000101405,2.30E+05
P3H1,ENSG00000117385,1.60E+04
P4HA1,ENSG00000122884,8.50E+04
P4HA2,ENSG00000072682,1.50E+04
P4HB,ENSG00000185624,7.20E+07
PA2G4,ENSG00000170515,4.90E+06
PABPC1,ENSG00000070756,2.80E+06
PABPC4,ENSG00000090621,5.40E+05
PABPN1,ENSG00000100836,1.20E+04
PACS1,ENSG00000175115,1.00E+04
PACSIN1,ENSG00000124507,1.60E+04
PACSIN2,ENSG00000100266,1.40E+06
PACSIN3,ENSG00000165912,6.20E+03
PADI2,ENSG00000117115,9.70E+03
PADI4,ENSG00000159339,4.90E+04
PAEP,ENSG00000122133,5.00E+05
PAFAH1B1,ENSG00000007168,1.30E+06
PAFAH1B2,ENSG00000168092,2.20E+05
PAFAH1B3,ENSG00000079462,3.00E+05
PAH,ENSG00000171759,9.90E+03
PAICS,ENSG00000128050,1.20E+06
PAIP1,ENSG00000172239,9.50E+04
PAK1,ENSG00000149269,3.20E+05
PAK2,ENSG00000180370,1.20E+06
PALLD,ENSG00000129116,1.20E+04
PALM3,ENSG00000187867,4.40E+03
PAM,ENSG00000145730,3.10E+07
PAMR1,ENSG00000149090,2.70E+06
PAPLN,ENSG00000100767,1.30E+07
PAPPA,ENSG00000182752,1.00E+08
PAPPA2,ENSG00000116183,1.90E+06
PAPSS1,ENSG00000138801,9.60E+03
PAPSS2,ENSG00000198682,9.80E+03
PARK7,ENSG00000116288,2.80E+07
PARP1,ENSG00000143799,1.20E+05
PARVA,ENSG00000197702,2.70E+06
PARVB,ENSG00000188677,2.60E+07
PAXX,ENSG00000148362,4.50E+04
PBDC1,ENSG00000102390,5.10E+03
PBLD,ENSG00000108187,1.30E+06
PBXIP1,ENSG00000163346,4.40E+04
PC,ENSG00000173599,1.80E+05
PCBD1,ENSG00000166228,5.40E+05
PCBP1,ENSG00000169564,2.70E+06
PCBP2,ENSG00000197111,1.30E+06
PCCA,ENSG00000175198,3.00E+05
PCCB,ENSG00000114054,2.80E+05
PCDH1,ENSG00000156453,3.00E+06
PCDH10,ENSG00000138650,2.10E+04
PCDH12,ENSG00000113555,1.50E+07
PCDH15,ENSG00000150275,1.60E+04
PCDH17,ENSG00000118946,1.00E+06
PCDH18,ENSG00000189184,8.70E+06
PCDH19,ENSG00000165194,5.80E+04
PCDH20,ENSG00000280165,6.50E+03
PCDH7,ENSG00000169851,1.90E+05
PCDH9,ENSG00000184226,2.00E+06
PCDHAC2,ENSG00000243232,9.70E+06
PCDHB14,ENSG00000120327,3.10E+04
PCDHB15,ENSG00000113248,3.60E+06
PCDHB16,ENSG00000272674,2.70E+04
PCDHGA10,ENSG00000253846,3.00E+04
PCDHGA12,ENSG00000253159,2.40E+04
PCDHGB7,ENSG00000254122,4.40E+03
PCDHGC3,ENSG00000240184,1.20E+06
PCK1,ENSG00000124253,4.10E+05
PCK2,ENSG00000100889,2.40E+06
PCLO,ENSG00000186472,6.40E+06
PCMT1,ENSG00000120265,2.20E+06
PCNA,ENSG00000132646,1.30E+05
PCNP,ENSG00000081154,3.60E+04
PCOLCE,ENSG00000106333,3.20E+08
PCOLCE2,ENSG00000163710,2.00E+06
PCSK1N,ENSG00000102109,1.30E+06
PCSK2,ENSG00000125851,9.10E+03
PCSK5,ENSG00000099139,5.00E+03
PCSK6,ENSG00000140479,1.40E+06
PCSK7,ENSG00000160613,2.20E+04
PCSK9,ENSG00000169174,1.90E+08
PCYOX1,ENSG00000116005,3.90E+08
PCYT2,ENSG00000185813,8.60E+04
PDAP1,ENSG00000106244,5.10E+05
PDCD10,ENSG00000114209,3.00E+05
PDCD11,ENSG00000148843,1.70E+04
PDCD1LG2,ENSG00000197646,2.00E+06
PDCD4,ENSG00000150593,4.60E+03
PDCD5,ENSG00000105185,1.40E+05
PDCD6,ENSG00000249915,1.40E+06
PDCD6IP,ENSG00000170248,2.30E+06
PDE12,ENSG00000174840,8.30E+03
PDE3A,ENSG00000172572,2.40E+04
PDE5A,ENSG00000138735,1.20E+06
PDGFA,ENSG00000197461,2.60E+05
PDGFB,ENSG00000100311,7.60E+05
PDGFC,ENSG00000145431,4.80E+04
PDGFD,ENSG00000170962,2.60E+04
PDGFRA,ENSG00000134853,3.10E+05
PDGFRB,ENSG00000113721,9.70E+06
PDHA1,ENSG00000131828,3.70E+04
PDHB,ENSG00000168291,2.60E+04
PDIA3,ENSG00000167004,1.10E+08
PDIA4,ENSG00000155660,2.40E+07
PDIA5,ENSG00000065485,1.70E+06
PDIA6,ENSG00000143870,1.40E+07
PDLIM1,ENSG00000107438,8.50E+07
PDLIM3,ENSG00000154553,3.00E+05
PDLIM5,ENSG00000163110,1.50E+06
PDLIM7,ENSG00000196923,1.60E+06
PDXDC1,ENSG00000179889,1.70E+04
PDXK,ENSG00000160209,4.90E+05
PDXP,ENSG00000241360,1.40E+05
PDZK1,ENSG00000174827,6.60E+04
PEA15,ENSG00000162734,1.40E+05
PEAR1,ENSG00000187800,1.10E+07
PEBP1,ENSG00000089220,2.80E+07
PEBP4,ENSG00000134020,3.90E+07
PECAM1,ENSG00000261371,1.60E+07
PEF1,ENSG00000162517,7.10E+05
PENK,ENSG00000181195,1.30E+05
PEPD,ENSG00000124299,2.50E+08
PF4,ENSG00000163737,2.80E+09
PF4V1,ENSG00000109272,1.50E+09
PFAS,ENSG00000178921,6.20E+05
PFDN1,ENSG00000113068,2.00E+04
PFDN2,ENSG00000143256,8.50E+04
PFDN4,ENSG00000101132,4.30E+05
PFDN5,ENSG00000123349,9.50E+04
PFDN6,ENSG00000204220,1.30E+05
PFKL,ENSG00000141959,7.40E+05
PFKM,ENSG00000152556,2.40E+05
PFKP,ENSG00000067057,1.40E+06
PFN1,ENSG00000108518,5.90E+08
PFN2,ENSG00000070087,6.10E+04
PGAM1,ENSG00000171314,3.30E+07
PGAM2,ENSG00000164708,1.60E+07
PGAM5,ENSG00000247077,9.10E+03
PGC,ENSG00000096088,5.00E+05
PGD,ENSG00000142657,3.60E+07
PGK1,ENSG00000102144,1.10E+08
PGLS,ENSG00000130313,3.50E+06
PGLYRP1,ENSG00000008438,9.10E+06
PGLYRP2,ENSG00000161031,2.10E+10
PGM1,ENSG00000079739,2.00E+07
PGM2,ENSG00000169299,2.20E+06
PGM2L1,ENSG00000165434,1.40E+05
PGM3,ENSG00000013375,3.80E+05
PGM5,ENSG00000154330,2.50E+05
PGP,ENSG00000184207,2.60E+05
PGRMC1,ENSG00000101856,5.30E+05
PGRMC2,ENSG00000164040,8.70E+04
PHB1,ENSG00000167085,9.10E+05
PHB2,ENSG00000215021,2.00E+05
PHGDH,ENSG00000092621,4.90E+05
PHPT1,ENSG00000054148,9.50E+05
PHYHD1,ENSG00000175287,1.50E+04
PHYKPL,ENSG00000175309,1.20E+05
PI16,ENSG00000164530,9.00E+08
PI3,ENSG00000124102,3.10E+06
PICALM,ENSG00000073921,1.30E+04
PIGR,ENSG00000162896,2.00E+08
PIK3IP1,ENSG00000100100,7.10E+06
PILRA,ENSG00000085514,8.90E+05
PIN1,ENSG00000127445,8.30E+04
PIP,ENSG00000159763,1.80E+07
PIP4K2A,ENSG00000150867,5.30E+06
PIPOX,ENSG00000179761,2.90E+05
PIR,ENSG00000087842,1.30E+04
PITHD1,ENSG00000057757,3.50E+05
PITPNA,ENSG00000174238,1.20E+05
PITPNB,ENSG00000180957,2.00E+05
PKD1,ENSG00000008710,1.40E+06
PKDCC,ENSG00000162878,9.80E+04
PKHD1L1,ENSG00000205038,1.60E+07
PKLR,ENSG00000143627,8.80E+06
PKM,ENSG00000067225,2.60E+08
PKP1,ENSG00000081277,2.70E+06
PKP3,ENSG00000184363,5.70E+03
PLA1A,ENSG00000144837,1.90E+05
PLA2G12B,ENSG00000138308,2.20E+05
PLA2G15,ENSG00000103066,4.20E+06
PLA2G1B,ENSG00000170890,1.70E+06
PLA2G2A,ENSG00000188257,1.70E+06
PLA2G4A,ENSG00000116711,2.90E+04
PLA2G7,ENSG00000146070,5.50E+07
PLA2R1,ENSG00000153246,2.60E+06
PLAA,ENSG00000137055,2.00E+04
PLAT,ENSG00000104368,1.50E+05
PLAU,ENSG00000122861,4.70E+04
PLAUR,ENSG00000011422,6.20E+05
PLBD1,ENSG00000121316,7.90E+06
PLBD2,ENSG00000151176,6.40E+05
PLCB1,ENSG00000182621,3.60E+03
PLCB2,ENSG00000137841,1.80E+04
PLCB3,ENSG00000149782,1.40E+05
PLCB4,ENSG00000101333,2.90E+03
PLCG1,ENSG00000124181,1.00E+04
PLCG2,ENSG00000197943,2.00E+04
PLD3,ENSG00000105223,2.90E+05
PLD4,ENSG00000166428,2.60E+06
PLEC,ENSG00000178209,3.60E+06
PLEK,ENSG00000115956,3.00E+08
PLEKHO2,ENSG00000241839,9.70E+04
PLG,ENSG00000122194,7.20E+10
PLGLB1,ENSG00000183281,1.50E+09
PLGLB2,ENSG00000125551,1.50E+09
PLIN1,ENSG00000166819,2.90E+04
PLIN3,ENSG00000105355,3.80E+06
PLIN4,ENSG00000167676,1.30E+05
PLOD1,ENSG00000083444,2.20E+06
PLOD2,ENSG00000152952,9.20E+03
PLOD3,ENSG00000106397,5.20E+05
PLP1,ENSG00000123560,1.40E+05
PLP2,ENSG00000102007,8.00E+04
PLPBP,ENSG00000147471,5.80E+04
PLS1,ENSG00000120756,2.80E+07
PLS3,ENSG00000102024,8.80E+07
PLSCR1,ENSG00000188313,4.70E+04
PLTP,ENSG00000100979,6.50E+08
PLVAP,ENSG00000130300,4.10E+04
PLXDC1,ENSG00000161381,3.10E+06
PLXDC2,ENSG00000120594,8.50E+07
PLXNA1,ENSG00000114554,2.20E+07
PLXNA2,ENSG00000076356,4.20E+05
PLXNA3,ENSG00000130827,4.80E+04
PLXNB1,ENSG00000164050,2.60E+07
PLXNB2,ENSG00000196576,2.50E+07
PLXNB3,ENSG00000198753,2.90E+04
PLXNC1,ENSG00000136040,7.40E+04
PLXND1,ENSG00000004399,1.10E+07
PM20D1,ENSG00000162877,3.20E+06
PMEL,ENSG00000185664,4.00E+06
PMM2,ENSG00000140650,3.90E+04
PMPCA,ENSG00000165688,3.70E+04
PMPCB,ENSG00000105819,6.70E+03
PMVK,ENSG00000163344,7.30E+04
PNLIP,ENSG00000175535,5.70E+06
PNLIPRP1,ENSG00000187021,1.90E+05
PNN,ENSG00000100941,7.10E+03
PNP,ENSG00000198805,3.70E+07
PNPO,ENSG00000108439,4.10E+05
PNPT1,ENSG00000138035,4.60E+03
PODN,ENSG00000174348,8.20E+06
PODXL,ENSG00000128567,9.40E+06
PODXL2,ENSG00000114631,6.70E+04
POF1B,ENSG00000124429,9.70E+05
POFUT1,ENSG00000101346,6.80E+04
POGLUT2,ENSG00000134901,5.60E+04
POLR2B,ENSG00000047315,4.50E+03
POLR2E,ENSG00000099817,1.00E+04
POLR2H,ENSG00000163882,3.10E+04
POMGNT1,ENSG00000085998,5.50E+06
PON1,ENSG00000005421,1.50E+10
PON2,ENSG00000105854,1.00E+05
PON3,ENSG00000105852,5.30E+08
POR,ENSG00000127948,2.50E+04
POSTN,ENSG00000133110,3.00E+08
POTEF,ENSG00000196604,1.30E+09
POTEI,ENSG00000196834,8.10E+08
PPA1,ENSG00000180817,6.50E+05
PPA2,ENSG00000138777,8.50E+04
PPAT,ENSG00000128059,7.00E+03
PPBP,ENSG00000163736,3.80E+09
PPCDC,ENSG00000138621,1.40E+04
PPCS,ENSG00000127125,1.20E+05
PPIA,ENSG00000196262,2.30E+08
PPIB,ENSG00000166794,2.70E+07
PPIC,ENSG00000168938,1.10E+06
PPID,ENSG00000171497,4.90E+03
PPIF,ENSG00000108179,2.60E+05
PPIL1,ENSG00000137168,7.10E+04
PPIL3,ENSG00000240344,1.10E+05
PPIL4,ENSG00000131013,9.00E+03
PPL,ENSG00000118898,1.90E+05
PPM1A,ENSG00000100614,9.00E+05
PPM1B,ENSG00000138032,7.70E+04
PPM1F,ENSG00000100034,3.90E+05
PPM1G,ENSG00000115241,3.00E+04
PPM1L,ENSG00000163590,1.80E+04
PPME1,ENSG00000214517,5.20E+04
PPP1CA,ENSG00000172531,2.30E+06
PPP1CB,ENSG00000213639,2.10E+06
PPP1CC,ENSG00000186298,2.20E+06
PPP1R11,ENSG00000204619,1.20E+04
PPP1R12A,ENSG00000058272,2.10E+05
PPP1R12C,ENSG00000125503,1.10E+04
PPP1R14A,ENSG00000167641,3.80E+05
PPP1R14B,ENSG00000173457,5.50E+04
PPP1R18,ENSG00000146112,5.80E+03
PPP1R2,ENSG00000184203,3.30E+04
PPP1R7,ENSG00000115685,1.40E+06
PPP1R9B,ENSG00000108819,5.20E+04
PPP2R1A,ENSG00000105568,1.80E+06
PPP2R2A,ENSG00000221914,1.80E+04
PPP2R5D,ENSG00000112640,2.40E+04
PPP3CA,ENSG00000138814,8.00E+04
PPP3R1,ENSG00000221823,5.30E+04
PPP5C,ENSG00000011485,2.20E+05
PPP6C,ENSG00000119414,1.70E+05
PPP6R1,ENSG00000105063,6.20E+03
PPP6R3,ENSG00000110075,3.50E+03
PPT1,ENSG00000131238,2.60E+05
PRAM1,ENSG00000133246,4.30E+03
PRAP1,ENSG00000165828,6.10E+07
PRB3,ENSG00000197870,2.10E+07
PRCP,ENSG00000137509,1.70E+07
PRDX1,ENSG00000117450,7.50E+07
PRDX2,ENSG00000167815,5.80E+08
PRDX3,ENSG00000165672,2.30E+06
PRDX4,ENSG00000123131,2.30E+06
PRDX5,ENSG00000126432,6.20E+06
PRDX6,ENSG00000117592,7.30E+07
PRELP,ENSG00000188783,2.50E+05
PREP,ENSG00000085377,1.50E+06
PRF1,ENSG00000180644,4.80E+05
PRG2,ENSG00000186652,6.30E+07
PRG3,ENSG00000156575,4.90E+05
PRG4,ENSG00000116690,9.00E+08
PRH2,ENSG00000134551,7.30E+06
PRKACA,ENSG00000072062,3.70E+05
PRKACB,ENSG00000142875,3.90E+05
PRKAR1A,ENSG00000108946,2.10E+06
PRKAR2A,ENSG00000114302,7.20E+04
PRKAR2B,ENSG00000005249,1.60E+05
PRKCA,ENSG00000154229,1.70E+05
PRKCB,ENSG00000166501,3.90E+05
PRKCD,ENSG00000163932,3.00E+04
PRKCSH,ENSG00000130175,3.70E+07
PRKDC,ENSG00000253729,8.60E+05
PRKG1,ENSG00000185532,3.60E+04
PRL,ENSG00000172179,2.30E+06
PRMT1,ENSG00000126457,1.60E+04
PRMT5,ENSG00000100462,5.10E+04
PRNP,ENSG00000171867,4.30E+06
PROC,ENSG00000115718,1.40E+09
PROCR,ENSG00000101000,8.50E+07
PROM1,ENSG00000007062,5.10E+04
PROS1,ENSG00000184500,1.30E+10
PROSER2,ENSG00000148426,6.60E+04
PROZ,ENSG00000126231,6.90E+08
PRPF19,ENSG00000110107,7.80E+04
PRPF31,ENSG00000105618,1.20E+04
PRPF4B,ENSG00000112739,9.20E+05
PRPF8,ENSG00000174231,2.00E+05
PRPS1,ENSG00000147224,5.90E+05
PRPS2,ENSG00000101911,3.70E+05
PRPSAP1,ENSG00000161542,8.90E+04
PRPSAP2,ENSG00000141127,7.90E+04
PRR4,ENSG00000111215,2.40E+06
PRRC1,ENSG00000164244,6.40E+04
PRRT3,ENSG00000163704,5.30E+04
PRSS1,ENSG00000204983,1.00E+09
PRSS2,ENSG00000275896,3.60E+08
PRSS23,ENSG00000150687,4.00E+05
PRSS3,ENSG00000010438,5.30E+08
PRSS57,ENSG00000185198,2.20E+05
PRSS8,ENSG00000052344,8.10E+05
PRTFDC1,ENSG00000099256,1.50E+05
PRTN3,ENSG00000196415,2.50E+06
PRUNE1,ENSG00000143363,4.20E+04
PSAP,ENSG00000197746,4.40E+07
PSAPL1,ENSG00000178597,3.70E+03
PSAT1,ENSG00000135069,4.20E+06
PSG1,ENSG00000231924,1.00E+08
PSG11,ENSG00000243130,2.10E+07
PSG2,ENSG00000242221,3.00E+07
PSG3,ENSG00000221826,4.50E+07
PSG4,ENSG00000243137,5.30E+07
PSG5,ENSG00000204941,1.80E+07
PSG6,ENSG00000170848,4.90E+07
PSG7,ENSG00000221878,4.50E+07
PSG8,ENSG00000124467,2.10E+07
PSG9,ENSG00000183668,5.00E+07
PSIP1,ENSG00000164985,4.60E+04
PSMA1,ENSG00000129084,1.10E+07
PSMA2,ENSG00000106588,8.60E+06
PSMA3,ENSG00000100567,1.00E+07
PSMA4,ENSG00000041357,8.30E+06
PSMA5,ENSG00000143106,1.30E+07
PSMA6,ENSG00000100902,1.50E+07
PSMA7,ENSG00000101182,1.50E+07
PSMB1,ENSG00000008018,7.20E+06
PSMB10,ENSG00000205220,8.70E+05
PSMB2,ENSG00000126067,6.10E+06
PSMB3,ENSG00000277791,4.20E+06
PSMB4,ENSG00000159377,4.70E+06
PSMB5,ENSG00000100804,4.40E+06
PSMB6,ENSG00000142507,3.20E+06
PSMB7,ENSG00000136930,5.00E+06
PSMB8,ENSG00000204264,1.90E+06
PSMB9,ENSG00000240065,5.30E+05
PSMC1,ENSG00000100764,1.30E+05
PSMC2,ENSG00000161057,2.20E+05
PSMC3,ENSG00000165916,2.80E+05
PSMC4,ENSG00000013275,1.90E+05
PSMC5,ENSG00000087191,8.30E+04
PSMC6,ENSG00000100519,2.30E+05
PSMD1,ENSG00000173692,2.90E+05
PSMD10,ENSG00000101843,1.90E+05
PSMD11,ENSG00000108671,1.60E+05
PSMD12,ENSG00000197170,8.80E+04
PSMD13,ENSG00000185627,2.40E+05
PSMD14,ENSG00000115233,1.10E+05
PSMD2,ENSG00000175166,6.40E+05
PSMD3,ENSG00000108344,1.20E+07
PSMD4,ENSG00000159352,5.20E+04
PSMD5,ENSG00000095261,2.30E+05
PSMD6,ENSG00000163636,9.70E+04
PSMD7,ENSG00000103035,7.20E+04
PSMD8,ENSG00000099341,7.10E+04
PSMD9,ENSG00000110801,8.70E+05
PSME1,ENSG00000092010,6.50E+06
PSME2,ENSG00000100911,2.90E+06
PSME3,ENSG00000131467,2.10E+04
PSME4,ENSG00000068878,1.90E+04
PSMF1,ENSG00000125818,3.10E+05
PSMG1,ENSG00000183527,6.90E+03
PSPH,ENSG00000146733,4.90E+03
PSTPIP2,ENSG00000152229,1.20E+06
PTBP1,ENSG00000011304,1.90E+06
PTGDS,ENSG00000107317,6.40E+08
PTGES3,ENSG00000110958,1.30E+06
PTGFRN,ENSG00000134247,3.20E+05
PTGR1,ENSG00000106853,4.60E+06
PTGR2,ENSG00000140043,3.20E+04
PTGS1,ENSG00000095303,8.50E+05
PTK2,ENSG00000169398,4.60E+03
PTK7,ENSG00000112655,5.60E+06
PTMA,ENSG00000187514,4.70E+06
PTMS,ENSG00000159335,1.60E+06
PTN,ENSG00000105894,5.60E+07
PTPA,ENSG00000119383,2.30E+06
PTPN1,ENSG00000196396,3.50E+03
PTPN11,ENSG00000179295,1.00E+05
PTPN12,ENSG00000127947,3.70E+05
PTPN18,ENSG00000072135,3.80E+05
PTPN6,ENSG00000111679,5.50E+06
PTPRB,ENSG00000127329,4.40E+06
PTPRC,ENSG00000081237,6.80E+06
PTPRD,ENSG00000153707,4.40E+06
PTPRF,ENSG00000142949,6.50E+07
PTPRG,ENSG00000144724,6.20E+07
PTPRJ,ENSG00000149177,9.00E+07
PTPRK,ENSG00000152894,4.80E+06
PTPRM,ENSG00000173482,1.70E+07
PTPRN,ENSG00000054356,1.10E+04
PTPRN2,ENSG00000155093,1.00E+07
PTPRS,ENSG00000105426,4.10E+07
PTPRZ1,ENSG00000106278,7.40E+06
PTRHD1,ENSG00000184924,6.00E+04
PTS,ENSG00000150787,4.40E+03
PTTG1IP,ENSG00000183255,1.20E+04
PTX3,ENSG00000163661,6.90E+06
PUDP,ENSG00000130021,1.70E+05
PUF60,ENSG00000179950,3.50E+04
PURA,ENSG00000185129,1.40E+06
PURB,ENSG00000146676,1.10E+05
PVR,ENSG00000073008,1.60E+08
PWP2,ENSG00000241945,6.80E+03
PXDN,ENSG00000130508,6.00E+06
PYCARD,ENSG00000103490,3.90E+05
PYGB,ENSG00000100994,7.50E+06
PYGL,ENSG00000100504,2.10E+07
PYGM,ENSG00000068976,6.00E+06
PYM1,ENSG00000170473,1.00E+05
PZP,ENSG00000126838,3.40E+10
QARS1,ENSG00000172053,1.10E+05
QDPR,ENSG00000151552,2.50E+06
QPCT,ENSG00000115828,2.90E+06
QPRT,ENSG00000103485,6.90E+05
QSOX1,ENSG00000116260,1.00E+09
QSOX2,ENSG00000165661,3.10E+06
RAB10,ENSG00000084733,5.60E+06
RAB14,ENSG00000119396,4.10E+06
RAB18,ENSG00000099246,7.00E+04
RAB1A,ENSG00000138069,7.20E+06
RAB1B,ENSG00000174903,8.80E+06
RAB21,ENSG00000080371,4.90E+04
RAB27B,ENSG00000041353,8.90E+06
RAB2A,ENSG00000104388,4.00E+05
RAB32,ENSG00000118508,1.10E+05
RAB34,ENSG00000109113,1.70E+06
RAB35,ENSG00000111737,4.40E+06
RAB4A,ENSG00000168118,1.90E+06
RAB4B,ENSG00000167578,1.80E+06
RAB5A,ENSG00000144566,1.70E+05
RAB5B,ENSG00000111540,2.10E+05
RAB5C,ENSG00000108774,5.70E+05
RAB6A,ENSG00000175582,2.30E+06
RAB6B,ENSG00000154917,2.60E+06
RAB7A,ENSG00000075785,3.50E+06
RAB8A,ENSG00000167461,5.30E+06
RAB8B,ENSG00000166128,5.20E+06
RABGGTB,ENSG00000137955,1.10E+04
RAC1,ENSG00000136238,3.40E+06
RAC2,ENSG00000128340,4.40E+06
RACK1,ENSG00000204628,4.70E+05
RAD23A,ENSG00000179262,2.60E+06
RAD23B,ENSG00000119318,4.80E+06
RAD50,ENSG00000113522,6.30E+03
RALB,ENSG00000144118,1.30E+05
RALY,ENSG00000125970,7.90E+03
RAN,ENSG00000132341,5.40E+06
RANBP1,ENSG00000099901,2.40E+06
RANBP2,ENSG00000153201,4.10E+04
RANBP3,ENSG00000031823,2.50E+04
RANGAP1,ENSG00000100401,1.50E+05
RAP1B,ENSG00000127314,6.00E+07
RAP1GAP2,ENSG00000132359,2.00E+04
RAP1GDS1,ENSG00000138698,9.20E+04
RAP2B,ENSG00000181467,1.80E+05
RAPH1,ENSG00000173166,3.40E+07
RARRES2,ENSG00000106538,1.60E+08
RARS1,ENSG00000113643,1.40E+05
RASA1,ENSG00000145715,1.70E+04
RASA3,ENSG00000185989,8.20E+05
RASGRP2,ENSG00000068831,7.00E+05
RBBP4,ENSG00000162521,3.90E+05
RBBP7,ENSG00000102054,1.90E+05
RBBP9,ENSG00000089050,3.40E+04
RBKS,ENSG00000171174,1.30E+04
RBM14,ENSG00000239306,5.40E+03
RBM15B,ENSG00000259956,5.20E+04
RBM25,ENSG00000119707,2.50E+04
RBM3,ENSG00000102317,4.60E+04
RBM39,ENSG00000131051,1.70E+04
RBM8A,ENSG00000265241,1.20E+05
RBP1,ENSG00000114115,1.90E+04
RBP2,ENSG00000114113,7.00E+05
RBP4,ENSG00000138207,3.30E+10
RBP5,ENSG00000139194,5.50E+03
RBX1,ENSG00000100387,1.80E+04
RCC1,ENSG00000180198,5.70E+04
RCC2,ENSG00000179051,5.90E+04
RCN1,ENSG00000049449,3.10E+06
RCN2,ENSG00000117906,2.40E+04
RCN3,ENSG00000142552,3.80E+06
RCSD1,ENSG00000198771,1.50E+05
RDH11,ENSG00000072042,1.80E+05
RDX,ENSG00000137710,3.10E+07
RECK,ENSG00000122707,2.30E+07
RECQL,ENSG00000004700,2.40E+04
REEP5,ENSG00000129625,6.60E+03
REEP6,ENSG00000115255,6.80E+03
REG1A,ENSG00000115386,3.70E+07
REG1B,ENSG00000172023,3.20E+07
REG3A,ENSG00000172016,7.10E+06
REG4,ENSG00000134193,1.90E+05
RELN,ENSG00000189056,4.50E+07
REN,ENSG00000143839,2.80E+04
RENBP,ENSG00000102032,5.00E+03
RET,ENSG00000165731,1.40E+07
RETN,ENSG00000104918,2.00E+06
REXO2,ENSG00000076043,3.00E+05
RFC4,ENSG00000163918,4.20E+03
RFESD,ENSG00000175449,8.10E+03
RFNG,ENSG00000169733,2.00E+05
RGCC,ENSG00000102760,8.70E+05
RGMA,ENSG00000182175,8.70E+05
RGMB,ENSG00000174136,1.10E+05
RGN,ENSG00000130988,7.30E+05
RGS10,ENSG00000148908,2.00E+06
RGS18,ENSG00000150681,1.90E+05
RGS19,ENSG00000171700,5.20E+03
RHAG,ENSG00000112077,8.80E+04
RHEB,ENSG00000106615,5.60E+03
RHOA,ENSG00000067560,1.60E+06
RHOC,ENSG00000155366,1.20E+06
RHOG,ENSG00000177105,4.70E+05
RIC8A,ENSG00000177963,2.00E+04
RIDA,ENSG00000132541,2.20E+06
RILP,ENSG00000167705,9.00E+03
RIN3,ENSG00000100599,9.70E+03
RMDN3,ENSG00000137824,2.20E+04
RNASE1,ENSG00000129538,2.80E+08
RNASE2,ENSG00000169385,2.70E+07
RNASE3,ENSG00000169397,6.90E+04
RNASE4,ENSG00000258818,1.10E+08
RNASE6,ENSG00000169413,4.10E+05
RNASE7,ENSG00000165799,5.10E+06
RNASET2,ENSG00000026297,4.70E+06
RNF123,ENSG00000164068,1.20E+05
RNH1,ENSG00000023191,1.90E+07
RNPEP,ENSG00000176393,6.40E+06
RO60,ENSG00000116747,6.50E+04
ROBO1,ENSG00000169855,7.30E+06
ROBO2,ENSG00000185008,8.10E+05
ROBO4,ENSG00000154133,3.30E+07
ROCK1,ENSG00000067900,4.10E+04
ROCK2,ENSG00000134318,4.00E+05
ROR1,ENSG00000185483,1.00E+06
RP2,ENSG00000102218,6.70E+03
RPA1,ENSG00000132383,1.70E+04
RPA2,ENSG00000117748,3.30E+04
RPE,ENSG00000197713,5.90E+04
RPIA,ENSG00000153574,8.10E+05
RPL10,ENSG00000147403,3.30E+05
RPL10A,ENSG00000198755,4.50E+05
RPL11,ENSG00000142676,2.40E+05
RPL12,ENSG00000197958,2.60E+05
RPL13,ENSG00000167526,7.20E+04
RPL13A,ENSG00000142541,3.20E+04
RPL14,ENSG00000188846,9.40E+04
RPL15,ENSG00000174748,2.00E+05
RPL17,ENSG00000265681,1.70E+05
RPL18,ENSG00000063177,2.30E+05
RPL18A,ENSG00000105640,8.20E+03
RPL19,ENSG00000108298,4.70E+04
RPL21,ENSG00000122026,2.80E+04
RPL22,ENSG00000116251,8.10E+05
RPL23,ENSG00000125691,1.20E+05
RPL23A,ENSG00000198242,2.70E+05
RPL24,ENSG00000114391,3.00E+04
RPL27,ENSG00000131469,9.60E+04
RPL27A,ENSG00000166441,3.30E+04
RPL28,ENSG00000108107,2.20E+04
RPL3,ENSG00000100316,1.40E+06
RPL30,ENSG00000156482,1.40E+05
RPL31,ENSG00000071082,1.10E+05
RPL32,ENSG00000144713,1.60E+04
RPL35,ENSG00000136942,2.50E+04
RPL35A,ENSG00000182899,1.70E+04
RPL37A,ENSG00000197756,2.60E+04
RPL38,ENSG00000172809,7.50E+04
RPL4,ENSG00000174444,3.80E+05
RPL5,ENSG00000122406,2.60E+05
RPL6,ENSG00000089009,5.30E+05
RPL7,ENSG00000147604,5.30E+05
RPL7A,ENSG00000148303,8.50E+05
RPL8,ENSG00000161016,4.20E+05
RPL9,ENSG00000163682,9.60E+05
RPLP0,ENSG00000089157,1.20E+06
RPLP1,ENSG00000137818,4.30E+06
RPLP2,ENSG00000177600,3.20E+06
RPN1,ENSG00000163902,4.60E+05
RPN2,ENSG00000118705,1.30E+06
RPRD1B,ENSG00000101413,1.30E+04
RPS10,ENSG00000124614,4.50E+04
RPS11,ENSG00000142534,2.20E+04
RPS12,ENSG00000112306,8.30E+05
RPS13,ENSG00000110700,1.20E+05
RPS14,ENSG00000164587,1.20E+06
RPS15,ENSG00000115268,4.80E+05
RPS15A,ENSG00000134419,1.10E+05
RPS16,ENSG00000105193,3.70E+04
RPS17,ENSG00000182774,2.50E+05
RPS18,ENSG00000231500,5.90E+04
RPS19,ENSG00000105372,3.70E+04
RPS2,ENSG00000140988,5.80E+05
RPS20,ENSG00000008988,7.50E+04
RPS21,ENSG00000171858,5.90E+04
RPS23,ENSG00000186468,5.30E+05
RPS24,ENSG00000138326,2.90E+04
RPS25,ENSG00000118181,4.70E+04
RPS26,ENSG00000197728,3.10E+04
RPS27A,ENSG00000143947,1.70E+08
RPS28,ENSG00000233927,1.00E+06
RPS3,ENSG00000149273,6.60E+05
RPS3A,ENSG00000145425,2.70E+05
RPS4X,ENSG00000198034,2.30E+05
RPS5,ENSG00000083845,5.40E+05
RPS6,ENSG00000137154,6.40E+05
RPS6KA3,ENSG00000177189,6.70E+03
RPS7,ENSG00000171863,6.10E+05
RPS8,ENSG00000142937,1.80E+05
RPS9,ENSG00000170889,3.60E+04
RPSA,ENSG00000168028,7.50E+05
RRAS,ENSG00000126458,1.50E+05
RRBP1,ENSG00000125844,2.20E+06
RRM1,ENSG00000167325,1.50E+05
RRM2,ENSG00000171848,1.40E+04
RRP1,ENSG00000160214,4.60E+04
RRP12,ENSG00000052749,4.30E+03
RRP1B,ENSG00000160208,9.10E+03
RSL1D1,ENSG00000171490,4.00E+05
RSPO1,ENSG00000169218,2.10E+04
RSU1,ENSG00000148484,2.70E+07
RTCA,ENSG00000137996,1.80E+04
RTCB,ENSG00000100220,9.40E+04
RTN1,ENSG00000139970,5.80E+04
RTN3,ENSG00000133318,4.10E+04
RTN4,ENSG00000115310,2.60E+06
RTN4R,ENSG00000040608,7.80E+05
RTN4RL1,ENSG00000185924,1.90E+04
RTN4RL2,ENSG00000186907,1.20E+07
RTRAF,ENSG00000087302,1.50E+04
RUVBL1,ENSG00000175792,2.10E+05
RUVBL2,ENSG00000183207,1.50E+05
RYR1,ENSG00000196218,1.50E+04
S100A1,ENSG00000160678,2.20E+05
S100A10,ENSG00000197747,6.40E+05
S100A11,ENSG00000163191,4.80E+06
S100A12,ENSG00000163221,2.70E+07
S100A13,ENSG00000189171,7.70E+03
S100A14,ENSG00000189334,5.60E+05
S100A16,ENSG00000188643,2.70E+05
S100A2,ENSG00000196754,8.90E+04
S100A3,ENSG00000188015,5.20E+04
S100A4,ENSG00000196154,8.10E+06
S100A6,ENSG00000197956,3.80E+07
S100A7,ENSG00000143556,4.20E+07
S100A7A,ENSG00000184330,3.00E+07
S100A8,ENSG00000143546,3.00E+08
S100A9,ENSG00000163220,1.10E+09
S100B,ENSG00000160307,1.40E+05
S100P,ENSG00000163993,3.80E+06
SAA1,ENSG00000173432,1.00E+10
SAA2,ENSG00000134339,9.90E+09
SAA4,ENSG00000148965,6.80E+09
SACM1L,ENSG00000211456,5.40E+04
SAE1,ENSG00000142230,1.70E+04
SAFB,ENSG00000160633,3.90E+05
SAFB2,ENSG00000130254,2.60E+05
SAR1A,ENSG00000079332,8.10E+05
SAR1B,ENSG00000152700,3.60E+05
SARAF,ENSG00000133872,4.10E+04
SARDH,ENSG00000123453,3.40E+05
SARNP,ENSG00000205323,1.10E+04
SARS1,ENSG00000031698,9.00E+05
SART1,ENSG00000175467,1.40E+05
SART3,ENSG00000075856,8.10E+03
SASH3,ENSG00000122122,6.90E+03
SBDS,ENSG00000126524,1.80E+04
SBSN,ENSG00000189001,1.20E+08
SBSPON,ENSG00000164764,7.60E+03
SCAMP2,ENSG00000140497,2.30E+05
SCAMP3,ENSG00000116521,2.50E+04
SCARA5,ENSG00000168079,5.40E+05
SCARF1,ENSG00000074660,7.90E+05
SCARF2,ENSG00000244486,2.90E+06
SCCPDH,ENSG00000143653,2.90E+04
SCD,ENSG00000099194,2.70E+04
SCEL,ENSG00000136155,6.00E+03
SCFD1,ENSG00000092108,6.90E+04
SCG2,ENSG00000171951,3.00E+05
SCG3,ENSG00000104112,2.00E+06
SCG5,ENSG00000166922,2.40E+04
SCGB1A1,ENSG00000149021,6.70E+06
SCGB1D1,ENSG00000168515,4.10E+04
SCGB2A1,ENSG00000124939,5.90E+04
SCGB3A1,ENSG00000161055,4.20E+06
SCGB3A2,ENSG00000164265,7.80E+05
SCIN,ENSG00000006747,5.50E+06
SCLY,ENSG00000132330,2.00E+05
SCOC,ENSG00000153130,7.70E+03
SCP2,ENSG00000116171,2.80E+05
SCPEP1,ENSG00000121064,1.70E+04
SCRG1,ENSG00000164106,1.90E+05
SCRN1,ENSG00000136193,3.30E+05
SCRN2,ENSG00000141295,3.30E+05
SCRN3,ENSG00000144306,2.70E+04
SCUBE1,ENSG00000159307,1.70E+07
SCUBE2,ENSG00000175356,4.40E+06
SCUBE3,ENSG00000146197,6.00E+05
SCYL1,ENSG00000142186,4.10E+03
SDC1,ENSG00000115884,4.30E+06
SDC4,ENSG00000124145,6.30E+06
SDCBP,ENSG00000137575,7.20E+05
SDHA,ENSG00000073578,2.30E+05
SDK1,ENSG00000146555,3.50E+06
SDK2,ENSG00000069188,1.70E+06
SDSL,ENSG00000139410,2.50E+04
SEC13,ENSG00000157020,3.70E+04
SEC14L2,ENSG00000100003,6.70E+05
SEC14L4,ENSG00000133488,9.60E+04
SEC16A,ENSG00000148396,1.70E+04
SEC22B,ENSG00000265808,1.20E+05
SEC23A,ENSG00000100934,3.50E+04
SEC23B,ENSG00000101310,5.40E+03
SEC23IP,ENSG00000107651,3.70E+04
SEC31A,ENSG00000138674,4.00E+04
SEC61A1,ENSG00000058262,1.40E+05
SECTM1,ENSG00000141574,1.40E+07
SEL1L,ENSG00000071537,4.10E+04
SELE,ENSG00000007908,6.80E+07
SELENBP1,ENSG00000143416,5.00E+07
SELENOF,ENSG00000183291,5.20E+05
SELENOM,ENSG00000198832,2.40E+05
SELENOP,ENSG00000250722,1.60E+09
SELL,ENSG00000188404,1.10E+09
SELP,ENSG00000174175,6.90E+07
SELPLG,ENSG00000110876,1.40E+07
SEMA3A,ENSG00000075213,2.20E+06
SEMA3B,ENSG00000012171,5.00E+05
SEMA3D,ENSG00000153993,7.00E+04
SEMA3F,ENSG00000001617,5.50E+06
SEMA3G,ENSG00000010319,3.50E+06
SEMA4A,ENSG00000196189,3.00E+06
SEMA4B,ENSG00000185033,6.70E+07
SEMA4C,ENSG00000168758,5.40E+05
SEMA4D,ENSG00000187764,2.80E+06
SEMA4G,ENSG00000095539,1.00E+06
SEMA5A,ENSG00000112902,1.10E+04
SEMA6A,ENSG00000092421,6.70E+05
SEMA6B,ENSG00000167680,8.10E+06
SEMA6C,ENSG00000143434,6.00E+06
SEMA6D,ENSG00000137872,9.20E+05
SEMA7A,ENSG00000138623,9.50E+06
SEMG1,ENSG00000124233,2.90E+06
SEMG2,ENSG00000124157,1.90E+06
SEPHS1,ENSG00000086475,1.30E+04
SEPHS2,ENSG00000179918,1.70E+04
SEPTIN11,ENSG00000138758,2.10E+06
SEPTIN2,ENSG00000168385,1.50E+06
SEPTIN5,ENSG00000184702,9.50E+04
SEPTIN6,ENSG00000125354,2.40E+06
SEPTIN7,ENSG00000122545,4.00E+06
SEPTIN9,ENSG00000184640,1.60E+05
SERBP1,ENSG00000142864,3.80E+05
SERPINA1,ENSG00000197249,2.30E+11
SERPINA10,ENSG00000140093,2.40E+09
SERPINA11,ENSG00000186910,6.00E+07
SERPINA12,ENSG00000165953,3.80E+05
SERPINA3,ENSG00000196136,1.30E+11
SERPINA4,ENSG00000100665,7.70E+09
SERPINA5,ENSG00000188488,1.70E+09
SERPINA6,ENSG00000170099,1.00E+10
SERPINA7,ENSG00000123561,8.60E+09
SERPINB1,ENSG00000021355,2.60E+07
SERPINB10,ENSG00000242550,3.50E+04
SERPINB12,ENSG00000166634,2.70E+07
SERPINB13,ENSG00000197641,1.10E+05
SERPINB2,ENSG00000197632,1.40E+06
SERPINB3,ENSG00000057149,2.80E+07
SERPINB4,ENSG00000206073,1.40E+07
SERPINB5,ENSG00000206075,3.10E+05
SERPINB6,ENSG00000124570,3.10E+06
SERPINB7,ENSG00000166396,1.60E+05
SERPINB8,ENSG00000166401,6.00E+05
SERPINB9,ENSG00000170542,1.60E+06
SERPINC1,ENSG00000117601,7.60E+10
SERPIND1,ENSG00000099937,2.40E+10
SERPINE1,ENSG00000106366,1.60E+07
SERPINE2,ENSG00000135919,7.90E+06
SERPINF1,ENSG00000132386,1.10E+10
SERPINF2,ENSG00000167711,3.10E+10
SERPING1,ENSG00000149131,4.80E+10
SERPINH1,ENSG00000149257,7.80E+05
SERPINI1,ENSG00000163536,2.10E+05
SET,ENSG00000119335,1.70E+06
SEZ6,ENSG00000063015,1.80E+05
SEZ6L,ENSG00000100095,1.50E+06
SEZ6L2,ENSG00000174938,2.10E+06
SF1,ENSG00000168066,1.20E+05
SF3A1,ENSG00000099995,2.80E+04
SF3A2,ENSG00000104897,1.10E+04
SF3A3,ENSG00000183431,7.80E+04
SF3B1,ENSG00000115524,1.40E+05
SF3B2,ENSG00000087365,2.50E+04
SF3B3,ENSG00000189091,7.70E+04
SF3B4,ENSG00000143368,1.40E+05
SF3B5,ENSG00000169976,6.40E+03
SFN,ENSG00000175793,3.50E+07
SFPQ,ENSG00000116560,1.30E+07
SFRP1,ENSG00000104332,4.30E+07
SFRP2,ENSG00000145423,5.90E+04
SFRP4,ENSG00000106483,1.10E+06
SFRP5,ENSG00000120057,3.20E+06
SFTPB,ENSG00000168878,1.20E+07
SFTPD,ENSG00000133661,1.20E+06
SFXN1,ENSG00000164466,3.40E+04
SFXN3,ENSG00000107819,5.30E+03
SGCE,ENSG00000127990,1.20E+05
SGSH,ENSG00000181523,1.60E+05
SGTA,ENSG00000104969,8.60E+04
SH3BGR,ENSG00000185437,7.70E+03
SH3BGRL,ENSG00000131171,1.20E+07
SH3BGRL2,ENSG00000198478,2.30E+06
SH3BGRL3,ENSG00000142669,6.50E+07
SH3GL1,ENSG00000141985,1.60E+04
SH3GLB1,ENSG00000097033,1.20E+04
SHBG,ENSG00000129214,2.70E+09
SHH,ENSG00000164690,7.60E+05
SHMT1,ENSG00000176974,1.90E+06
SHMT2,ENSG00000182199,2.30E+05
SHPK,ENSG00000197417,3.20E+05
SHTN1,ENSG00000187164,5.60E+03
SIAE,ENSG00000110013,1.40E+06
SIGLEC1,ENSG00000088827,1.10E+05
SIGLEC14,ENSG00000254415,9.70E+06
SIGLEC6,ENSG00000105492,8.00E+03
SIGLEC7,ENSG00000168995,8.00E+04
SIGLEC9,ENSG00000129450,2.60E+05
SIL1,ENSG00000120725,7.70E+05
SIRPA,ENSG00000198053,1.40E+07
SIRPB1,ENSG00000101307,4.70E+06
SIRPB2,ENSG00000196209,2.10E+05
SKAP2,ENSG00000005020,9.80E+05
SKIC8,ENSG00000140395,3.50E+04
SKP1,ENSG00000113558,1.40E+06
SLAIN2,ENSG00000109171,9.60E+04
SLAMF1,ENSG00000117090,6.10E+04
SLAMF7,ENSG00000026751,9.40E+04
SLC16A1,ENSG00000155380,1.50E+04
SLC16A3,ENSG00000141526,2.80E+04
SLC1A2,ENSG00000110436,1.80E+04
SLC1A5,ENSG00000105281,2.70E+04
SLC25A1,ENSG00000100075,3.10E+04
SLC25A11,ENSG00000108528,5.60E+03
SLC25A12,ENSG00000115840,4.80E+03
SLC25A13,ENSG00000004864,1.00E+04
SLC25A24,ENSG00000085491,5.10E+03
SLC25A3,ENSG00000075415,3.40E+05
SLC25A4,ENSG00000151729,6.50E+05
SLC25A5,ENSG00000005022,2.00E+06
SLC25A6,ENSG00000169100,8.70E+05
SLC2A1,ENSG00000117394,2.50E+06
SLC2A3,ENSG00000059804,6.80E+06
SLC38A10,ENSG00000157637,3.40E+07
SLC39A10,ENSG00000196950,3.30E+05
SLC39A14,ENSG00000104635,1.00E+06
SLC3A2,ENSG00000168003,6.10E+07
SLC44A1,ENSG00000070214,9.30E+04
SLC44A2,ENSG00000129353,2.60E+06
SLC4A1,ENSG00000004939,4.10E+07
SLC4A4,ENSG00000080493,4.50E+03
SLC7A5,ENSG00000103257,7.60E+04
SLC9A1,ENSG00000090020,8.40E+03
SLC9A3R1,ENSG00000109062,3.70E+06
SLC9A9,ENSG00000181804,6.70E+04
SLIT2,ENSG00000145147,1.70E+05
SLITRK1,ENSG00000178235,1.30E+05
SLITRK2,ENSG00000185985,3.90E+04
SLITRK3,ENSG00000121871,4.50E+05
SLITRK4,ENSG00000179542,2.20E+05
SLITRK6,ENSG00000184564,1.60E+04
SLK,ENSG00000065613,2.30E+04
SLMAP,ENSG00000163681,3.80E+03
SLPI,ENSG00000124107,2.00E+07
SLTM,ENSG00000137776,2.00E+04
SLURP1,ENSG00000126233,2.10E+06
SLURP2,ENSG00000283992,8.20E+05
SMARCA2,ENSG00000080503,1.40E+06
SMARCA5,ENSG00000153147,4.20E+03
SMARCC1,ENSG00000173473,6.40E+03
SMARCC2,ENSG00000139613,8.90E+03
SMC1A,ENSG00000072501,1.50E+04
SMC2,ENSG00000136824,9.10E+03
SMC3,ENSG00000108055,2.60E+04
SMC4,ENSG00000113810,1.30E+04
SMOC1,ENSG00000198732,1.80E+06
SMOC2,ENSG00000112562,3.30E+05
SMPD1,ENSG00000166311,6.30E+05
SMPDL3A,ENSG00000172594,7.00E+06
SMPDL3B,ENSG00000130768,3.00E+05
SMPX,ENSG00000091482,2.40E+04
SMR3B,ENSG00000171201,2.20E+06
SMS,ENSG00000102172,2.60E+05
SMTN,ENSG00000183963,4.30E+04
SMU1,ENSG00000122692,3.70E+05
SNAP23,ENSG00000092531,2.00E+06
SNAP25,ENSG00000132639,2.00E+04
SNAP29,ENSG00000099940,2.60E+04
SNAP91,ENSG00000065609,8.50E+03
SNAPIN,ENSG00000143553,1.60E+04
SNCA,ENSG00000145335,4.20E+07
SNCB,ENSG00000074317,5.40E+06
SNCG,ENSG00000173267,4.40E+04
SND1,ENSG00000197157,3.60E+06
SNED1,ENSG00000162804,2.10E+07
SNRNP200,ENSG00000144028,2.90E+05
SNRNP40,ENSG00000060688,1.40E+04
SNRNP70,ENSG00000104852,8.30E+03
SNRPA,ENSG00000077312,7.60E+04
SNRPA1,ENSG00000131876,9.60E+04
SNRPD1,ENSG00000167088,2.40E+05
SNRPD2,ENSG00000125743,1.60E+04
SNRPD3,ENSG00000100028,2.10E+04
SNRPE,ENSG00000182004,3.70E+05
SNRPF,ENSG00000139343,5.10E+04
SNRPG,ENSG00000143977,5.20E+04
SNTB1,ENSG00000172164,5.10E+03
SNU13,ENSG00000100138,6.10E+04
SNX1,ENSG00000028528,9.50E+03
SNX12,ENSG00000147164,1.70E+05
SNX18,ENSG00000178996,6.20E+03
SNX2,ENSG00000205302,1.80E+05
SNX27,ENSG00000143376,1.00E+04
SNX3,ENSG00000112335,5.60E+05
SNX5,ENSG00000089006,3.30E+04
SNX6,ENSG00000129515,3.30E+04
SNX9,ENSG00000130340,1.20E+05
SOD1,ENSG00000142168,5.20E+07
SOD2,ENSG00000291237,2.50E+07
SOD3,ENSG00000109610,1.80E+08
SORD,ENSG00000140263,3.60E+06
SORL1,ENSG00000137642,8.50E+03
SORT1,ENSG00000134243,1.20E+05
SOST,ENSG00000167941,2.80E+05
SPARC,ENSG00000113140,2.60E+08
SPARCL1,ENSG00000152583,2.20E+08
SPECC1,ENSG00000128487,7.60E+03
SPESP1,ENSG00000258484,3.70E+04
SPINK1,ENSG00000164266,2.30E+07
SPINK5,ENSG00000133710,4.30E+07
SPINK7,ENSG00000145879,9.40E+04
SPINT1,ENSG00000166145,1.00E+07
SPINT2,ENSG00000167642,1.30E+04
SPN,ENSG00000197471,6.10E+03
SPOCK2,ENSG00000107742,2.40E+05
SPON1,ENSG00000262655,4.90E+07
SPON2,ENSG00000159674,1.60E+06
SPP1,ENSG00000118785,5.00E+07
SPP2,ENSG00000072080,2.80E+08
SPR,ENSG00000116096,5.50E+04
SPRING1,ENSG00000111412,1.30E+05
SPRR1A,ENSG00000169474,6.10E+05
SPRR3,ENSG00000163209,3.00E+05
SPRYD4,ENSG00000176422,7.50E+04
SPTA1,ENSG00000163554,4.20E+07
SPTAN1,ENSG00000197694,1.60E+06
SPTB,ENSG00000070182,3.50E+07
SPTBN1,ENSG00000115306,1.80E+06
SPTBN2,ENSG00000173898,4.10E+05
SPX,ENSG00000134548,9.40E+03
SQSTM1,ENSG00000161011,8.10E+04
SRC,ENSG00000197122,1.70E+06
SRGN,ENSG00000122862,2.80E+08
SRI,ENSG00000075142,1.30E+06
SRL,ENSG00000185739,3.70E+04
SRM,ENSG00000116649,4.80E+04
SRP14,ENSG00000140319,5.90E+04
SRP68,ENSG00000167881,3.70E+04
SRP72,ENSG00000174780,2.60E+04
SRP9,ENSG00000143742,5.50E+03
SRPRA,ENSG00000182934,2.60E+04
SRPRB,ENSG00000144867,6.00E+03
SRPX,ENSG00000101955,2.70E+06
SRRM1,ENSG00000133226,1.90E+05
SRRM2,ENSG00000167978,2.00E+04
SRRT,ENSG00000087087,9.40E+03
SRSF1,ENSG00000136450,8.20E+04
SRSF2,ENSG00000161547,5.30E+04
SRSF3,ENSG00000112081,1.20E+05
SRSF5,ENSG00000100650,1.50E+04
SRSF7,ENSG00000115875,5.80E+04
SSB,ENSG00000138385,9.00E+04
SSBP1,ENSG00000106028,3.60E+04
SSC4D,ENSG00000146700,6.20E+05
SSC5D,ENSG00000179954,4.80E+07
SSR1,ENSG00000124783,4.50E+06
SSR4,ENSG00000180879,1.30E+05
SSRP1,ENSG00000149136,2.50E+04
ST13,ENSG00000100380,8.20E+06
ST14,ENSG00000149418,1.60E+06
ST3GAL1,ENSG00000008513,3.90E+05
ST3GAL4,ENSG00000110080,1.50E+04
ST3GAL6,ENSG00000064225,1.70E+06
ST6GAL1,ENSG00000073849,3.20E+06
ST6GAL2,ENSG00000144057,6.30E+03
ST6GALNAC1,ENSG00000070526,1.30E+06
ST6GALNAC5,ENSG00000117069,1.50E+04
ST8SIA4,ENSG00000113532,5.80E+05
ST8SIA5,ENSG00000101638,3.00E+04
STAB1,ENSG00000010327,1.40E+07
STAB2,ENSG00000136011,7.60E+05
STAM,ENSG00000136738,3.70E+05
STARD10,ENSG00000214530,3.50E+04
STAT1,ENSG00000115415,1.10E+05
STAT3,ENSG00000168610,4.00E+04
STATH,ENSG00000126549,8.60E+06
STC1,ENSG00000159167,4.10E+05
STC2,ENSG00000113739,3.00E+06
STIM1,ENSG00000167323,1.10E+06
STIP1,ENSG00000168439,6.30E+06
STK10,ENSG00000072786,3.50E+04
STK24,ENSG00000102572,6.10E+05
STK26,ENSG00000134602,2.70E+05
STK39,ENSG00000198648,4.30E+04
STK4,ENSG00000101109,2.50E+04
STMN1,ENSG00000117632,9.90E+05
STOM,ENSG00000148175,2.30E+07
STOML2,ENSG00000165283,3.30E+04
STON2,ENSG00000140022,4.50E+03
STRAP,ENSG00000023734,3.30E+05
STRN4,ENSG00000090372,1.40E+04
STT3A,ENSG00000134910,1.90E+04
STT3B,ENSG00000163527,7.10E+03
STUB1,ENSG00000103266,8.70E+03
STX11,ENSG00000135604,4.80E+05
STX12,ENSG00000117758,2.70E+04
STX1B,ENSG00000099365,2.40E+04
STX7,ENSG00000079950,5.40E+05
STXBP1,ENSG00000136854,6.30E+04
STXBP2,ENSG00000076944,9.00E+05
STXBP3,ENSG00000116266,1.00E+04
SUB1,ENSG00000113387,1.40E+05
SUCLG1,ENSG00000163541,1.70E+05
SUCLG2,ENSG00000172340,2.70E+05
SUCO,ENSG00000094975,5.70E+04
SUGT1,ENSG00000165416,1.30E+04
SULF1,ENSG00000137573,1.40E+04
SULF2,ENSG00000196562,1.70E+06
SULT1A1,ENSG00000196502,3.60E+05
SULT1A3,ENSG00000261052,2.70E+05
SULT2A1,ENSG00000105398,7.60E+05
SUMF1,ENSG00000144455,1.80E+05
SUMF2,ENSG00000129103,3.70E+05
SUMO1,ENSG00000116030,1.00E+04
SUOX,ENSG00000139531,7.60E+04
SUPT16H,ENSG00000092201,4.20E+04
SUPT5H,ENSG00000196235,3.80E+03
SUPT6H,ENSG00000109111,4.60E+03
SURF4,ENSG00000148248,1.10E+05
SUSD1,ENSG00000106868,2.30E+05
SUSD2,ENSG00000099994,2.60E+06
SUSD5,ENSG00000173705,3.60E+06
SVEP1,ENSG00000165124,1.00E+08
SVIL,ENSG00000197321,1.20E+05
SWAP70,ENSG00000133789,3.20E+04
SYAP1,ENSG00000169895,1.10E+04
SYCN,ENSG00000179751,5.00E+05
SYK,ENSG00000165025,1.30E+05
SYN1,ENSG00000008056,5.60E+05
SYN2,ENSG00000157152,2.20E+04
SYNCRIP,ENSG00000135316,8.40E+05
SYNJ1,ENSG00000159082,2.90E+03
SYNPO2,ENSG00000172403,7.30E+03
SYTL4,ENSG00000102362,2.00E+06
TAB1,ENSG00000100324,4.50E+03
TAC3,ENSG00000166863,5.50E+04
TACC1,ENSG00000147526,2.10E+04
TACC2,ENSG00000138162,1.30E+04
TAF15,ENSG00000270647,2.10E+04
TAF2,ENSG00000064313,1.40E+05
TAGLN,ENSG00000149591,6.00E+06
TAGLN2,ENSG00000158710,3.00E+08
TAGLN3,ENSG00000144834,1.10E+07
TALDO1,ENSG00000177156,3.40E+07
TANGO2,ENSG00000183597,2.20E+05
TAOK1,ENSG00000160551,7.50E+05
TAOK3,ENSG00000135090,2.60E+05
TAP1,ENSG00000168394,6.80E+03
TAPBP,ENSG00000231925,8.10E+03
TARDBP,ENSG00000120948,2.20E+05
TARS1,ENSG00000113407,1.30E+06
TATDN1,ENSG00000147687,1.70E+06
TAX1BP3,ENSG00000213977,1.50E+05
TBC1D10B,ENSG00000169221,1.10E+05
TBC1D13,ENSG00000107021,2.00E+04
TBCA,ENSG00000171530,5.30E+06
TBCB,ENSG00000105254,4.30E+05
TBCD,ENSG00000141556,7.00E+03
TBCEL,ENSG00000154114,2.60E+04
TBRG4,ENSG00000136270,3.20E+04
TBXAS1,ENSG00000059377,9.40E+05
TCAP,ENSG00000173991,1.50E+04
TCN1,ENSG00000134827,3.70E+06
TCN2,ENSG00000185339,4.80E+06
TCOF1,ENSG00000070814,3.10E+05
TCP1,ENSG00000120438,3.70E+06
TCTN3,ENSG00000119977,2.00E+05
TDRP,ENSG00000180190,3.50E+04
TEK,ENSG00000120156,3.10E+06
TELO2,ENSG00000100726,9.30E+03
TENM2,ENSG00000145934,2.10E+04
TES,ENSG00000135269,9.60E+03
TF,ENSG00000091513,2.50E+11
TFF1,ENSG00000160182,1.70E+06
TFF2,ENSG00000160181,7.30E+05
TFF3,ENSG00000160180,4.20E+06
TFG,ENSG00000114354,1.70E+05
TFPI,ENSG00000003436,8.80E+07
TFPI2,ENSG00000105825,1.30E+05
TFR2,ENSG00000106327,1.40E+06
TFRC,ENSG00000072274,1.40E+08
TG,ENSG00000042832,8.70E+05
TGFB1I1,ENSG00000140682,2.80E+05
TGFBI,ENSG00000120708,1.40E+09
TGFBR2,ENSG00000163513,5.50E+05
TGFBR3,ENSG00000069702,1.10E+07
TGM1,ENSG00000092295,9.80E+05
TGM2,ENSG00000198959,9.70E+05
TGM3,ENSG00000125780,1.50E+07
TGM5,ENSG00000104055,5.80E+04
TGOLN2,ENSG00000152291,2.50E+07
THBD,ENSG00000178726,3.90E+05
THBS1,ENSG00000137801,5.20E+09
THBS2,ENSG00000186340,1.20E+08
THBS3,ENSG00000169231,3.50E+07
THBS4,ENSG00000113296,7.40E+08
THOC2,ENSG00000125676,3.50E+03
THOC3,ENSG00000051596,1.50E+04
THOP1,ENSG00000172009,1.70E+06
THRAP3,ENSG00000054118,3.10E+04
THSD1,ENSG00000136114,2.60E+05
THSD7A,ENSG00000005108,3.80E+06
THUMPD1,ENSG00000066654,6.60E+03
THY1,ENSG00000154096,1.20E+06
TIE1,ENSG00000066056,2.10E+07
TIGAR,ENSG00000078237,1.50E+04
TIMD4,ENSG00000145850,4.00E+06
TIMM10,ENSG00000134809,4.30E+03
TIMM13,ENSG00000099800,6.20E+04
TIMM44,ENSG00000104980,3.50E+03
TIMM8A,ENSG00000126953,1.20E+04
TIMM8B,ENSG00000150779,4.00E+03
TIMM9,ENSG00000100575,1.90E+04
TIMP1,ENSG00000102265,1.10E+08
TIMP2,ENSG00000035862,7.20E+07
TIMP3,ENSG00000100234,4.50E+05
TINAG,ENSG00000137251,3.10E+04
TINAGL1,ENSG00000142910,1.80E+05
TIPRL,ENSG00000143155,1.30E+04
TJP2,ENSG00000119139,1.10E+06
TKFC,ENSG00000149476,7.60E+06
TKT,ENSG00000163931,1.20E+08
TLL1,ENSG00000038295,3.90E+05
TLN1,ENSG00000137076,1.30E+09
TLN2,ENSG00000171914,4.50E+07
TM2D3,ENSG00000184277,2.70E+04
TM9SF3,ENSG00000077147,8.70E+04
TMA16,ENSG00000198498,1.20E+04
TMBIM1,ENSG00000135926,1.40E+04
TMED10,ENSG00000170348,1.30E+05
TMED2,ENSG00000086598,5.80E+04
TMED4,ENSG00000158604,4.30E+04
TMED5,ENSG00000117500,2.00E+04
TMED7,ENSG00000134970,4.90E+04
TMED8,ENSG00000100580,3.50E+04
TMED9,ENSG00000184840,4.90E+04
TMEM108,ENSG00000144868,2.30E+04
TMEM130,ENSG00000166448,8.10E+03
TMEM132A,ENSG00000006118,1.60E+06
TMEM132C,ENSG00000181234,6.80E+06
TMEM132D,ENSG00000151952,5.70E+04
TMEM132E,ENSG00000181291,1.10E+05
TMEM147,ENSG00000105677,1.10E+04
TMEM14C,ENSG00000111843,2.00E+04
TMEM248,ENSG00000106609,1.70E+04
TMEM25,ENSG00000149582,6.30E+05
TMEM33,ENSG00000109133,1.70E+04
TMEM40,ENSG00000088726,1.10E+06
TMEM59,ENSG00000116209,7.10E+03
TMOD1,ENSG00000136842,6.40E+04
TMOD3,ENSG00000138594,1.50E+06
TMPO,ENSG00000120802,1.80E+05
TMPRSS11D,ENSG00000153802,3.20E+07
TMPRSS13,ENSG00000137747,1.30E+08
TMSB10,ENSG00000034510,3.60E+07
TMSB15A,ENSG00000158164,3.50E+04
TMSB4X,ENSG00000205542,9.50E+08
TMX1,ENSG00000139921,1.20E+04
TNC,ENSG00000041982,2.50E+08
TNFAIP6,ENSG00000123610,8.30E+05
TNFAIP8,ENSG00000145779,1.10E+05
TNFRSF10C,ENSG00000173535,7.30E+05
TNFRSF12A,ENSG00000006327,6.80E+05
TNFRSF14,ENSG00000157873,1.50E+05
TNFRSF17,ENSG00000048462,1.30E+06
TNFRSF19,ENSG00000127863,8.00E+03
TNFRSF1A,ENSG00000067182,8.50E+05
TNFRSF1B,ENSG00000028137,4.10E+06
TNFRSF21,ENSG00000146072,3.50E+05
TNFSF10,ENSG00000121858,1.20E+04
TNFSF12,ENSG00000239697,1.10E+05
TNFSF13,ENSG00000161955,3.90E+05
TNFSF13B,ENSG00000102524,4.80E+05
TNIK,ENSG00000154310,8.90E+04
TNKS1BP1,ENSG00000149115,1.30E+04
TNN,ENSG00000120332,1.30E+07
TNNC1,ENSG00000114854,8.90E+05
TNNC2,ENSG00000101470,7.80E+05
TNNI1,ENSG00000159173,3.40E+05
TNNI2,ENSG00000130598,8.70E+04
TNNI3,ENSG00000129991,8.10E+04
TNNT1,ENSG00000105048,8.90E+05
TNNT2,ENSG00000118194,7.20E+04
TNNT3,ENSG00000130595,1.20E+06
TNPO1,ENSG00000083312,1.50E+05
TNPO2,ENSG00000105576,1.10E+04
TNPO3,ENSG00000064419,5.10E+03
TNR,ENSG00000116147,1.60E+04
TNS1,ENSG00000079308,1.70E+04
TNXB,ENSG00000168477,7.60E+08
TOLLIP,ENSG00000078902,6.30E+04
TOM1,ENSG00000100284,1.60E+04
TOM1L2,ENSG00000175662,1.90E+04
TOMM20,ENSG00000173726,8.10E+04
TOMM22,ENSG00000100216,2.80E+04
TOMM34,ENSG00000025772,7.40E+03
TOMM40,ENSG00000130204,5.20E+04
TOMM70,ENSG00000154174,4.70E+04
TOP1,ENSG00000198900,5.40E+03
TOP2A,ENSG00000131747,8.80E+03
TOR1A,ENSG00000136827,2.00E+04
TOR1AIP1,ENSG00000143337,1.10E+04
TOR1AIP2,ENSG00000169905,8.60E+03
TOR1B,ENSG00000136816,8.40E+04
TOR4A,ENSG00000198113,2.90E+04
TP53BP1,ENSG00000067369,5.50E+03
TP53I3,ENSG00000115129,1.50E+05
TPBG,ENSG00000146242,1.40E+04
TPD52,ENSG00000076554,2.70E+05
TPD52L2,ENSG00000101150,9.30E+05
TPI1,ENSG00000111669,8.30E+07
TPK1,ENSG00000196511,7.40E+04
TPM1,ENSG00000140416,1.30E+08
TPM2,ENSG00000198467,1.60E+08
TPM3,ENSG00000143549,1.70E+08
TPM4,ENSG00000167460,4.10E+08
TPMT,ENSG00000137364,2.90E+04
TPP1,ENSG00000166340,4.50E+06
TPP2,ENSG00000134900,6.30E+05
TPPP3,ENSG00000159713,4.80E+04
TPR,ENSG00000047410,1.00E+08
TPSAB1,ENSG00000172236,5.90E+07
TPST1,ENSG00000169902,8.90E+03
TPST2,ENSG00000128294,4.00E+04
TPT1,ENSG00000133112,2.90E+06
TRA2B,ENSG00000136527,1.30E+04
TRABD2A,ENSG00000186854,1.90E+04
TRABD2B,ENSG00000269113,5.80E+04
TRAP1,ENSG00000126602,5.10E+06
TREH,ENSG00000118094,3.80E+06
TREML1,ENSG00000161911,4.10E+07
TREML2,ENSG00000112195,8.90E+05
TREX2,ENSG00000183479,8.60E+03
TRHDE,ENSG00000072657,4.80E+06
TRIM25,ENSG00000121060,8.10E+03
TRIM28,ENSG00000130726,1.30E+05
TRIM29,ENSG00000137699,3.60E+04
TRIP10,ENSG00000125733,1.40E+04
TRIP13,ENSG00000071539,5.40E+04
TRMT112,ENSG00000173113,1.70E+04
TSC22D4,ENSG00000166925,8.10E+04
TSFM,ENSG00000123297,6.20E+03
TSG101,ENSG00000074319,1.10E+04
TSKU,ENSG00000182704,3.80E+06
TSN,ENSG00000211460,6.80E+05
TSNAX,ENSG00000116918,2.10E+04
TSPAN33,ENSG00000158457,9.10E+03
TSPAN9,ENSG00000011105,6.50E+04
TSPYL5,ENSG00000180543,8.80E+03
TST,ENSG00000128311,8.70E+05
TSTD1,ENSG00000215845,7.40E+03
TTC1,ENSG00000113312,6.50E+03
TTC36,ENSG00000172425,7.10E+04
TTC38,ENSG00000075234,2.70E+05
TTLL12,ENSG00000100304,8.60E+04
TTN,ENSG00000155657,4.10E+06
TTPA,ENSG00000137561,5.00E+03
TTR,ENSG00000118271,6.90E+10
TTYH3,ENSG00000136295,2.60E+04
TUBA1C,ENSG00000167553,2.20E+08
TUBA4A,ENSG00000127824,2.10E+08
TUBA8,ENSG00000183785,1.10E+08
TUBB,ENSG00000196230,1.60E+08
TUBB1,ENSG00000101162,1.00E+08
TUBB3,ENSG00000258947,7.10E+07
TUBB4A,ENSG00000104833,1.00E+08
TUBB4B,ENSG00000188229,1.30E+08
TUBB6,ENSG00000176014,5.10E+07
TUFM,ENSG00000178952,5.50E+05
TWF1,ENSG00000151239,2.50E+04
TWF2,ENSG00000247596,2.00E+06
TWSG1,ENSG00000128791,1.10E+06
TXN,ENSG00000136810,3.30E+07
TXN2,ENSG00000100348,3.60E+06
TXNDC12,ENSG00000117862,1.20E+05
TXNDC15,ENSG00000113621,1.40E+06
TXNDC17,ENSG00000129235,6.20E+05
TXNDC5,ENSG00000239264,5.30E+06
TXNL1,ENSG00000091164,2.40E+06
TXNRD1,ENSG00000198431,3.00E+06
TXNRD2,ENSG00000184470,4.50E+05
TYMP,ENSG00000025708,1.00E+07
TYRO3,ENSG00000092445,7.70E+05
TYRP1,ENSG00000107165,5.00E+04
U2AF1,ENSG00000160201,2.50E+05
U2AF2,ENSG00000063244,1.00E+05
UAP1,ENSG00000117143,3.40E+04
UBA1,ENSG00000130985,1.60E+07
UBA2,ENSG00000126261,8.50E+04
UBA3,ENSG00000144744,2.10E+04
UBA5,ENSG00000081307,2.60E+04
UBA6,ENSG00000033178,7.80E+03
UBA7,ENSG00000182179,1.00E+06
UBAC1,ENSG00000130560,7.00E+04
UBAP2L,ENSG00000143569,1.90E+04
UBASH3B,ENSG00000154127,1.50E+05
UBE2F,ENSG00000184182,2.70E+04
UBE2H,ENSG00000186591,3.40E+04
UBE2I,ENSG00000103275,1.70E+05
UBE2J1,ENSG00000198833,2.70E+04
UBE2K,ENSG00000078140,2.70E+05
UBE2L3,ENSG00000185651,5.40E+06
UBE2L6,ENSG00000156587,1.10E+04
UBE2M,ENSG00000130725,3.90E+04
UBE2N,ENSG00000177889,1.90E+06
UBE2O,ENSG00000175931,4.50E+05
UBE2V1,ENSG00000244687,2.00E+06
UBE2V2,ENSG00000169139,1.50E+06
UBE2Z,ENSG00000159202,2.40E+04
UBE3C,ENSG00000009335,3.30E+03
UBLCP1,ENSG00000164332,5.30E+03
UBQLN1,ENSG00000135018,9.50E+05
UBQLN2,ENSG00000188021,9.10E+05
UBR4,ENSG00000127481,2.60E+04
UBXN1,ENSG00000162191,1.80E+04
UCHL1,ENSG00000154277,8.00E+04
UCHL3,ENSG00000118939,6.70E+05
UCHL5,ENSG00000116750,1.60E+04
UFC1,ENSG00000143222,6.50E+04
UFD1,ENSG00000070010,6.30E+03
UFM1,ENSG00000120686,1.40E+05
UGDH,ENSG00000109814,8.30E+05
UGGT1,ENSG00000136731,3.40E+06
UGP2,ENSG00000169764,2.60E+07
UMOD,ENSG00000169344,3.50E+07
UMPS,ENSG00000114491,8.70E+03
UNC13D,ENSG00000092929,1.70E+06
UNC45A,ENSG00000140553,7.70E+04
UNC5C,ENSG00000182168,2.90E+05
UPB1,ENSG00000100024,1.70E+06
UPF1,ENSG00000005007,5.90E+03
UQCRB,ENSG00000156467,1.10E+04
UQCRC1,ENSG00000010256,1.80E+05
UQCRC2,ENSG00000140740,1.60E+05
UQCRFS1,ENSG00000169021,2.50E+04
UQCRQ,ENSG00000164405,4.10E+04
UROC1,ENSG00000159650,9.40E+05
UROD,ENSG00000126088,2.40E+06
UROS,ENSG00000188690,9.10E+04
USO1,ENSG00000138768,9.80E+04
USP11,ENSG00000102226,8.10E+03
USP14,ENSG00000101557,4.40E+06
USP15,ENSG00000135655,3.20E+05
USP47,ENSG00000170242,8.60E+03
USP5,ENSG00000111667,1.80E+06
USP7,ENSG00000187555,1.50E+04
USP9X,ENSG00000124486,1.60E+04
UTRN,ENSG00000152818,1.60E+04
UXS1,ENSG00000115652,1.60E+04
VAMP2,ENSG00000220205,5.20E+06
VAMP8,ENSG00000118640,7.90E+04
VAPA,ENSG00000101558,5.20E+05
VAPB,ENSG00000124164,1.10E+05
VARS1,ENSG00000204394,1.00E+05
VASN,ENSG00000168140,6.80E+08
VASP,ENSG00000125753,2.80E+07
VAT1,ENSG00000108828,3.30E+06
VBP1,ENSG00000155959,4.00E+04
VCAM1,ENSG00000162692,4.40E+08
VCAN,ENSG00000038427,3.90E+07
VCL,ENSG00000035403,4.70E+08
VCP,ENSG00000165280,6.60E+07
VDAC1,ENSG00000213585,1.40E+06
VDAC2,ENSG00000165637,3.40E+05
VDAC3,ENSG00000078668,1.80E+06
VEGFA,ENSG00000112715,2.60E+04
VEGFC,ENSG00000150630,2.10E+05
VEGFD,ENSG00000165197,2.20E+05
VGF,ENSG00000128564,1.80E+06
VIM,ENSG00000026025,3.70E+07
VIT,ENSG00000205221,3.80E+04
VLDLR,ENSG00000147852,3.20E+05
VMO1,ENSG00000182853,1.90E+06
VNN1,ENSG00000112299,1.80E+08
VNN2,ENSG00000112303,7.50E+04
VPS16,ENSG00000215305,5.50E+03
VPS26A,ENSG00000122958,6.50E+04
VPS26B,ENSG00000151502,2.00E+04
VPS28,ENSG00000160948,4.80E+03
VPS29,ENSG00000111237,2.00E+05
VPS35,ENSG00000069329,5.20E+05
VPS45,ENSG00000136631,7.70E+03
VPS4B,ENSG00000119541,3.20E+04
VSIG4,ENSG00000155659,2.10E+07
VSIG8,ENSG00000243284,3.40E+05
VSIR,ENSG00000107738,1.50E+05
VSTM2A,ENSG00000170419,1.10E+05
VTA1,ENSG00000009844,3.50E+05
VTN,ENSG00000109072,4.60E+10
VWA1,ENSG00000179403,3.20E+05
VWA5A,ENSG00000110002,4.00E+03
VWA7,ENSG00000204396,6.50E+03
VWCE,ENSG00000167992,1.10E+05
VWF,ENSG00000110799,5.70E+09
WARS1,ENSG00000140105,2.10E+07
WAS,ENSG00000015285,7.40E+05
WASF2,ENSG00000158195,1.40E+05
WBP2,ENSG00000132471,9.70E+04
WDR1,ENSG00000071127,6.60E+07
WDR11,ENSG00000120008,3.40E+03
WDR12,ENSG00000138442,9.00E+03
WDR43,ENSG00000163811,8.10E+03
WDR44,ENSG00000131725,2.60E+06
WDR46,ENSG00000227057,1.10E+04
WDR77,ENSG00000116455,5.40E+04
WFDC1,ENSG00000103175,7.70E+03
WFDC12,ENSG00000168703,5.30E+05
WFDC2,ENSG00000101443,4.20E+06
WFIKKN2,ENSG00000173714,1.10E+07
WIPF1,ENSG00000115935,4.60E+05
WNK1,ENSG00000060237,2.20E+04
XDH,ENSG00000158125,8.00E+05
XPNPEP1,ENSG00000108039,8.40E+05
XPNPEP2,ENSG00000122121,7.10E+06
XPO1,ENSG00000082898,3.10E+05
XPO5,ENSG00000124571,1.30E+04
XPO7,ENSG00000130227,1.20E+05
XPOT,ENSG00000184575,3.50E+04
XRCC5,ENSG00000079246,2.60E+06
XRCC6,ENSG00000196419,1.60E+06
XRN2,ENSG00000088930,3.00E+04
XXYLT1,ENSG00000173950,1.20E+05
XYLB,ENSG00000093217,2.30E+04
XYLT1,ENSG00000103489,5.00E+04
XYLT2,ENSG00000015532,9.50E+05
YARS1,ENSG00000134684,9.30E+05
YBX1,ENSG00000065978,1.20E+06
YBX3,ENSG00000060138,1.90E+05
YKT6,ENSG00000106636,1.10E+04
YOD1,ENSG00000180667,1.00E+05
YWHAB,ENSG00000166913,8.80E+07
YWHAE,ENSG00000108953,9.60E+07
YWHAG,ENSG00000170027,6.80E+07
YWHAH,ENSG00000128245,5.40E+07
YWHAQ,ENSG00000134308,7.10E+07
YWHAZ,ENSG00000164924,3.30E+08
ZAP70,ENSG00000115085,3.50E+03
ZBTB8OS,ENSG00000176261,1.40E+04
ZFAND1,ENSG00000104231,4.10E+03
ZFHX3,ENSG00000140836,2.10E+05
ZFHX4,ENSG00000091656,3.30E+06
ZG16,ENSG00000174992,1.20E+06
ZG16B,ENSG00000162078,2.00E+06
ZMAT2,ENSG00000146007,1.10E+04
ZMPSTE24,ENSG00000084073,2.60E+04
ZNF185,ENSG00000147394,6.40E+04
ZYX,ENSG00000159840,1.40E+08